datem,date,id,title,body,categories,title_clean,body_clean
2025-03-18 00:27:53,2025-03-18 00:27:53,41834234,Aptos Launches LFM Program to Support Ecosystem Projects Ahead of Token Generation Events,"On March 18th, COINOTAG News reported that Aptos has officially introduced the LFM program, which is designed to assist ecosystem projects in successfully navigating the complexities of Token Generation Events",APT,Aptos Launches LFM Program Support Ecosystem Projects Ahead Token Generation Events,March 18th COINOTAG News reported Aptos officially introduced LFM program designed assist ecosystem project successfully navigating complexity Token Generation Events
2025-03-18 00:08:51,2025-03-18 00:08:51,41833478,Solana Futures Launch Sparks Increased Interest in Regulated Crypto Products,"Solana futures have launched on CME, responding to rising trader demand. Technical analyses reveal mixed signals for Solana's current market position. Continue Reading: Solana Futures Launch Sparks Increased Interest in Regulated Crypto Products The post Solana Futures Launch Sparks Increased Interest in Regulated Crypto Products appeared first on COINTURK NEWS .",SOL|MARKET|TRADING,Solana Futures Launch Sparks Increased Interest Regulated Crypto Products,Solana future launched CME responding rising trader demand Technical analysis reveal mixed signal Solana s current market position Continue Reading Solana Futures Launch Sparks Increased Interest Regulated Crypto Products post Solana Futures Launch Sparks Increased Interest Regulated Crypto Products appeared first COINTURK NEWS
2025-03-18 00:08:33,2025-03-18 00:08:33,41833522,World Liberty Financial Raises $550 Million in Token Sale Amid Controversy Surrounding Trump’s Involvement,"On March 18th, COINOTAG reported significant developments regarding the cryptocurrency initiative backed by former U.S. President Donald Trump, known as World Liberty Financial (WLFI). This venture has successfully wrapped up",TOKEN SALE|REGULATION,World Liberty Financial Raises 550 Million Token Sale Amid Controversy Surrounding Trump Involvement,March 18th COINOTAG reported significant development regarding cryptocurrency initiative backed former US President Donald Trump known World Liberty Financial WLFI venture successfully wrapped
2025-03-18 00:08:08,2025-03-18 00:08:08,41833515,Ethereum Analysts Reveal Two Critical Levels to Overcome and Points to Protect for a Rally,"Ethereum has faced significant selling pressure in recent weeks and has repeatedly tested lower support levels. According to the latest analysis by crypto research firm MakroVision, ETH has not seen a strong buying reaction so far. The key question now is whether Ethereum has formed a bottom or if the decline will continue. Analysis shows that Ethereum has dropped below multiple support zones and is revisiting deeper liquidity areas. Despite the brief stabilization, no sustained buying momentum has been seen, leaving the risk of further declines high. Analysts list the key critical price zones for ETH as follows: $2,132: First major hurdle. Ethereum must reclaim this level to start a potential recovery. $2,400: A critical area with descending trend lines. Breaking above this level could signal a trend reversal. $1,730: This level has held so far, but another test could weaken the support. $1,544: The lowest liquidity zone, likely the next target if Ethereum breaks below $1,730. Related News: Binance Finally Brought The Expected Feature: Added to the Home Page, Here are the Impacted Altcoins At the time of writing, ETH is trading at $1,939. *This is not investment advice. Continue Reading: Ethereum Analysts Reveal Two Critical Levels to Overcome and Points to Protect for a Rally",ETH|TRADING|MARKET|ALTCOIN|BNB,Ethereum Analysts Reveal Two Critical Levels Overcome Points Protect Rally,Ethereum faced significant selling pressure recent week repeatedly tested lower support level According latest analysis crypto research firm MakroVision ETH seen strong buying reaction far key question whether Ethereum formed bottom decline continue Analysis show Ethereum dropped multiple support zone revisiting deeper liquidity area Despite brief stabilization sustained buying momentum seen leaving risk decline high Analysts list key critical price zone ETH follows 2132 First major hurdle Ethereum must reclaim level start potential recovery 2400 critical area descending trend line Breaking level could signal trend reversal 1730 level held far another test could weaken support 1544 lowest liquidity zone likely next target Ethereum break 1730 Related News Binance Finally Brought Expected Feature Added Home Page Impacted Altcoins time writing ETH trading 1939 investment advice Continue Reading Ethereum Analysts Reveal Two Critical Levels Overcome Points Protect Rally
2025-03-18 00:03:49,2025-03-18 00:03:49,41833373,Senate Hearing Scheduled for Paul Atkins Could Advance His Nomination as SEC Chair with a Potential Focus on Crypto Regulations,The landscape of cryptocurrency regulation in the United States is poised for a significant change as Paul Atkins inches closer to becoming the SEC chair. Atkins’ potential leadership could tilt,REGULATION,Senate Hearing Scheduled Paul Atkins Could Advance Nomination SEC Chair Potential Focus Crypto Regulations,landscape cryptocurrency regulation United States poised significant change Paul Atkins inch closer becoming SEC chair Atkins potential leadership could tilt
2025-03-18 00:03:37,2025-03-18 00:03:37,41833304,Ethereum Price Remains In Deep Correction As Standard Chartered Slashes ETH Target By 60%,"Ethereum price is heading into a long-term correction driven by a wave of on-chain and fundamentals. Standard Chartered’s decision to ditch its Ethereum to $10K prediction is the latest in a series of negatives for the asset. Ethereum Price Continues In Descending Channel Recent price movements for Ethereum (ETH) are unpromising with analysts predicting a steeper drop for the asset. At the moment, Ethereum’s price hovers around $1,930 continuing its unenthusiastic ranging pattern. The MACD indicator confirms widespread buying weakness for the second-largest cryptocurrency with bears reigning supreme. Moving averages are pointing to a neutral trend for Ethereum price, sparking theories over a possible consolidation for the asset. “The price continues to move in a descending channel, indicating a possible continuation of consolidation,” said the pseudonymous LVelarde. At the moment, the Ethereum price is consolidating below the 5-day and 200-day moving averages (MA) with traders scanning the horizon for a potential breakout or rejection. Since ETH fell below $2,000 , a slew of dour sentiment has trailed the asset, casting doubt over its long-term future. “In the short term, technical indicators point to a possible retest of support around $1,800-$1,850, and a break below could reinforce the bearish movement,” said LVelarde. Standard Chartered Slashes Its ETH Prediction Ethereum’s community was roiled by Standard Chartered’s reduction of its ETH prediction for 2025 from $10,000 to $4,000. According to a note, Standard Chartered analysts are predicting ETH will continue underperforming ahead of its 10th anniversary. Analysts termed Ethereum’s decline as a “mid-life crisis” with layer 2 Base taking off $50 billion from ETH’s market capitalization. Meanwhile, the incoming Converge blockchain will snag a portion of Ethereum’s market cap as experts call for a radical change. “Only a proactive change of commercial direction from the Ethereum Foundation – such as taxing layer 2 – could achieve that now, in our view,” read the note. Ethereum ETFs have faltered with the inbound 21Shares liquidations of Bitcoin and Ethereum Futures ETFs. Experts say that Pectra activation on the mainnet can trigger a fresh rally for Ethereum price to a $5,000 valuation. The post Ethereum Price Remains In Deep Correction As Standard Chartered Slashes ETH Target By 60% appeared first on CoinGape .",ETH|TRADING|MARKET|BLOCKCHAIN|BTC,Ethereum Price Remains Deep Correction Standard Chartered Slashes ETH Target 60,Ethereum price heading longterm correction driven wave onchain fundamental Standard Chartered decision ditch Ethereum 10K prediction latest series negative asset Ethereum Price Continues Descending Channel Recent price movement Ethereum ETH unpromising analyst predicting steeper drop asset moment Ethereum price hovers around 1930 continuing unenthusiastic ranging pattern MACD indicator confirms widespread buying weakness secondlargest cryptocurrency bear reigning supreme Moving average pointing neutral trend Ethereum price sparking theory possible consolidation asset price continues move descending channel indicating possible continuation consolidation said pseudonymous LVelarde moment Ethereum price consolidating 5day 200day moving average trader scanning horizon potential breakout rejection Since ETH fell 2000 slew dour sentiment trailed asset casting doubt longterm future short term technical indicator point possible retest support around 1800 1850 break could reinforce bearish movement said LVelarde Standard Chartered Slashes ETH Prediction Ethereum community roiled Standard Chartered reduction ETH prediction 2025 10000 4000 According note Standard Chartered analyst predicting ETH continue underperforming ahead 10th anniversary Analysts termed Ethereum decline midlife crisis layer 2 Base taking 50 billion ETH market capitalization Meanwhile incoming Converge blockchain snag portion Ethereum market cap expert call radical change proactive change commercial direction Ethereum Foundation taxing layer 2 could achieve view read note Ethereum ETFs faltered inbound 21Shares liquidation Bitcoin Ethereum Futures ETFs Experts say Pectra activation mainnet trigger fresh rally Ethereum price 5000 valuation post Ethereum Price Remains Deep Correction Standard Chartered Slashes ETH Target 60 appeared first CoinGape
2025-03-18 00:01:00,2025-03-18 00:01:00,41833309,"Shiba Inu (SHIB) Reaches Crucial Price Test, Ethereum (ETH) Eyeing $2,000 Again, Can XRP Avoid This Grim Movement?","Market certainly getting tested by bears, and it will most likely be detrimental in future",ETH|SHIB|TRADING|XRP|MARKET,Shiba Inu SHIB Reaches Crucial Price Test Ethereum ETH Eyeing 2000 XRP Avoid Grim Movement,Market certainly getting tested bear likely detrimental future
2025-03-18 00:00:39,2025-03-18 00:00:39,41833303,Paul Atkins closes in on SEC chair role amid setbacks: Report,"Paul Atkins could move one step closer to becoming the US Securities and Exchange Commission’s new crypto-friendly chair, with a Senate committee hearing reportedly in the works for March 27. President Donald Trump nominated Atkins to lead the SEC on Dec. 4, but his marriage into a billionaire family has reportedly caused headaches with financial disclosures — delaying his potential start date. While it isn’t clear whether the White House has produced those papers to the Senate, Senate Banking, House and Urban Affairs Chair Tim Scott is reportedly eyeing a March 27 hearing to review Atkins’ standing, Semafor’s Eleanor Mueller said in a March 17 X post. “No clarity yet on whether the committee has Atkins’ paperwork in hand, but either way, this is the most momentum we’ve seen so far.” Atkins would, however, need to be voted in by the Senate at a later date. Mueller also said the Senate banking committee is also planning to hold a bipartisan meeting on Atkins’ nomination on March 21. Source: Eleanor Mueller It follows an earlier March 3 Semafor report , where Mueller said financial disclosures had held Atkins back from scheduling a Senate hearing to review his standing. His wife’s family is tied to TAMKO Building Products LLC — a manufacturer of residential roofing shingles that reportedly turned over $1.2 billion in revenue in 2023, Forbes said on Dec. 14, 2024. “It’s a lot to go through,” one former Senate Banking Committee staffer reportedly told Mueller on March 3. “But he got named so early on, so I think that’s why people are starting to be like, ‘What the hell’s taking so long?’” Atkins previously served as an SEC commissioner between 2002 and 2008 and worked as a corporate lawyer at Davis Polk & Wardwell LLP in New York before that. He is expected to regulate the crypto arena with a more collaborative approach than former SEC Chair Gary Gensler. It’s been almost four months since Atkins was chosen by Trump to lead the SEC on Dec. 4, and over two months since Trump was inaugurated on Jan. 20. A late start for an SEC chair wouldn’t be too unusual, however. The two most recent SEC chairs, Gary Gensler and Jay Clayton, started on April 17, 2021, and May 4, 2017 — months after presidential transitions occurred in those years. Related: SEC’s enforcement case against Ripple may be wrapping up Meanwhile, Mark Uyeda has been serving as the SEC’s acting chair since Gensler left on Jan. 20. Since then, the Uyeda-led SEC has established a Crypto Task Force led by SEC Commissioner Hester Peirce and canceled a controversial rule that asked financial firms holding crypto to record them as liabilities on their balance sheets. The SEC has dropped several investigations and lawsuits that the Gensler-led commission filed against the likes of Coinbase, Consensys, Robinhood, Gemini, Uniswap and OpenSea over the last month. The SEC is also looking to abandon a rule requiring crypto firms to register as exchanges and may even axe the Biden administration’s proposed crypto custody rules, Uyeda said on March 17. Magazine: SEC’s U-turn on crypto leaves key questions unanswered",REGULATION|EXCHANGE|BUSINESS|UNI,Paul Atkins close SEC chair role amid setback Report,Paul Atkins could move one step closer becoming US Securities Exchange Commission new cryptofriendly chair Senate committee hearing reportedly work March 27 President Donald Trump nominated Atkins lead SEC Dec 4 marriage billionaire family reportedly caused headache financial disclosure delaying potential start date clear whether White House produced paper Senate Senate Banking House Urban Affairs Chair Tim Scott reportedly eyeing March 27 hearing review Atkins standing Semafor Eleanor Mueller said March 17 X post clarity yet whether committee Atkins paperwork hand either way momentum seen far Atkins would however need voted Senate later date Mueller also said Senate banking committee also planning hold bipartisan meeting Atkins nomination March 21 Source Eleanor Mueller follows earlier March 3 Semafor report Mueller said financial disclosure held Atkins back scheduling Senate hearing review standing wife family tied TAMKO Building Products LLC manufacturer residential roofing shingle reportedly turned 12 billion revenue 2023 Forbes said Dec 14 2024 lot go one former Senate Banking Committee staffer reportedly told Mueller March 3 got named early think people starting like hell taking long Atkins previously served SEC commissioner 2002 2008 worked corporate lawyer Davis Polk Wardwell LLP New York expected regulate crypto arena collaborative approach former SEC Chair Gary Gensler almost four month since Atkins chosen Trump lead SEC Dec 4 two month since Trump inaugurated Jan 20 late start SEC chair unusual however two recent SEC chair Gary Gensler Jay Clayton started April 17 2021 May 4 2017 month presidential transition occurred year Related SEC enforcement case Ripple may wrapping Meanwhile Mark Uyeda serving SEC acting chair since Gensler left Jan 20 Since Uyedaled SEC established Crypto Task Force led SEC Commissioner Hester Peirce canceled controversial rule asked financial firm holding crypto record liability balance sheet SEC dropped several investigation lawsuit Genslerled commission filed like Coinbase Consensys Robinhood Gemini Uniswap OpenSea last month SEC also looking abandon rule requiring crypto firm register exchange may even axe Biden administration proposed crypto custody rule Uyeda said March 17 Magazine SEC Uturn crypto leaf key question unanswered
2025-03-18 00:00:27,2025-03-18 00:00:27,41833161,"Bitcoin Price Set For Reversal To $130,000 After Forming Major Cup And Handle Support","Bitcoin’s price action has been trapped in a tight range between $84,000 and $82,000 in recent days, with bulls struggling to push upwards. The general market sentiment is one of a cautious nature, and hopes of a quick return above $90,000 are starting to fade. However, a new technical analysis suggests that Bitcoin could be on the verge of a significant rally, as price action shows the cryptocurrency is currently conforming to the cup-and-handle pattern. Cup And Handle Support Could Cause A Major Bitcoin Rally Recent Bitcoin price movements have drawn attention back to a key technical structure of the handle support of a cup-and-handle pattern, suggesting that a bullish setup may be quietly taking shape. This interesting Bitcoin price activity was relayed in a technical analysis by a crypto analyst on the TradingView platform. Related Reading: Bitcoin Price Suppression Below $100,000 Worries Investors, JPMorgan Analysts Reveal Real Problem The cup-and-handle pattern in question has been forming over multiple years, with the rounded bottom phase stretching from 2021 to mid-2024. This prolonged accumulation period saw Bitcoin gradually recover from the bearish market cycle before breaking above its neckline resistance. The breakout started the handle formation in the latter half of 2024, a consolidation phase that set the stage for BTC’s next leg up. By November 2024, Bitcoin completed this handle phase and went on an impressive rally that ultimately resulted in a new all-time high of $108,786 in January 2025. However, the recent 24% correction from this all-time high has seen the Bitcoin price returning to the neckine resistance of the cup-and-handle formation. The logical next step is for this neckline resistance to serve as support for the price correction and we could see Bitcoin rebound from here. In terms of a price prediction, Elliott wave analysis and projections put the price target above $130,000, particularly at $139,000. Elliott Wave Analysis Suggests A Surge Toward $130,000 According to the Elliot Waves technical framework, Bitcoin is currently in a larger fifth impulse wave formation. However, this fifth wave, which is generally bullish, has been punctuated by corrective ABC sub-waves, leading Bitcoin to retest the support of the cup-and-handle formation. Now that the support has been met, Bitcoin is in a position to bounce and continue the formation of its fifth impulse wave. This is expected to bring it to the price target above $130,000. Related Reading: Bitcoin Open Interest Crashed To 6-Month Low, Here’s What Followed The Last Time The alignment of the cup-and-handle formation with Elliott wave projections strengthens the case for a major breakout in the coming months. However, Bitcoin’s fundamentals reflect uncertainty in the short term. There is currently a lack of bullish momentum needed to rechallenge the $90,000 mark, which would be the first step needed to reach $130,000. Steady institutional outflows from Spot Bitcoin ETFs have further increased selling pressure, limiting Bitcoin’s ability to regain strength in the short term. At the time of writing, Bitcoin is trading at $83,500. Featured image from Unsplash, chart from Tradingview.com",BTC|TRADING|MARKET|BUSINESS|SPONSORED,Bitcoin Price Set Reversal 130000 Forming Major Cup Handle Support,Bitcoin price action trapped tight range 84000 82000 recent day bull struggling push upwards general market sentiment one cautious nature hope quick return 90000 starting fade However new technical analysis suggests Bitcoin could verge significant rally price action show cryptocurrency currently conforming cupandhandle pattern Cup Handle Support Could Cause Major Bitcoin Rally Recent Bitcoin price movement drawn attention back key technical structure handle support cupandhandle pattern suggesting bullish setup may quietly taking shape interesting Bitcoin price activity relayed technical analysis crypto analyst TradingView platform Related Reading Bitcoin Price Suppression 100000 Worries Investors JPMorgan Analysts Reveal Real Problem cupandhandle pattern question forming multiple year rounded bottom phase stretching 2021 mid2024 prolonged accumulation period saw Bitcoin gradually recover bearish market cycle breaking neckline resistance breakout started handle formation latter half 2024 consolidation phase set stage BTC next leg November 2024 Bitcoin completed handle phase went impressive rally ultimately resulted new alltime high 108786 January 2025 However recent 24 correction alltime high seen Bitcoin price returning neckine resistance cupandhandle formation logical next step neckline resistance serve support price correction could see Bitcoin rebound term price prediction Elliott wave analysis projection put price target 130000 particularly 139000 Elliott Wave Analysis Suggests Surge Toward 130000 According Elliot Waves technical framework Bitcoin currently larger fifth impulse wave formation However fifth wave generally bullish punctuated corrective ABC subwaves leading Bitcoin retest support cupandhandle formation support met Bitcoin position bounce continue formation fifth impulse wave expected bring price target 130000 Related Reading Bitcoin Open Interest Crashed 6Month Low Followed Last Time alignment cupandhandle formation Elliott wave projection strengthens case major breakout coming month However Bitcoin fundamental reflect uncertainty short term currently lack bullish momentum needed rechallenge 90000 mark would first step needed reach 130000 Steady institutional outflow Spot Bitcoin ETFs increased selling pressure limiting Bitcoin ability regain strength short term time writing Bitcoin trading 83500 Featured image Unsplash chart Tradingviewcom
2025-03-18 00:00:07,2025-03-18 00:00:07,41833157,Trader Predicts Crypto Rallies Amid Expectations of Fed Monetary Policy Shift – But There’s a Catch,"A widely followed crypto analyst is predicting higher prices for crypto assets as he expects the Federal Reserve to end its anti-inflation monetary policies. In a new thread, the pseudonymous crypto analyst Pentoshi tells his 861,300 followers on the social media platform X that we are close to seeing the end of quantitative tightening (QT), which are policies that reduce the Fed’s balance sheet and lowers the supply of money in circulation. The trader cites data from the decentralized prediction platform Polymarket, which shows that 100% of users believe that the Fed will end QT by May of this year. The cessation of QT is typically seen as bullish for risk assets like Bitcoin ( BTC ) and altcoins as the move signals the end of tight monetary conditions. However, Pentoshi warns investors to be “cautiously optimistic” as both the S&P 500 and top crypto assets have seen growth over the last few years that appears unsustainable. “I think we are getting close to [the] end of QT with Polymarket now pricing in odds as a sure thing whereas before they were much lower odds. As previously stated, it does seem Trump would end up forcing it. I don’t think QT automatically means it’s easy mode. I think that mode is clearly gone overall in the way people think about it (2017/2021). While prices are much lower, I think it’s best to be cautiously optimistic. Many things are down significantly and there hopefully will be some decent mean reversion. Markets in general have rallied hard. And assets were likely a bit overvalued before. SPX going 25% back to back years was going to have low growth or negative this year as it wasn’t a sustainable pace. BTC went from $16,000 to $108,000, SOL [from] $8 to $300. Cautiously optimistic. [Be] patient for any time capitulation, as often, following big trends, we eventually get longer sideways periods and less volatility as the market finds balance.” While Pentoshi is flipping tactically bullish on stocks and crypto, he warns investors that any rally will likely be short-lived. “I think any up currently will be a lower high. People underestimate the time aspect.” At time of writing, Bitcoin is trading for $83,248. Follow us on X , Facebook and Telegram Don't Miss a Beat – Subscribe to get email alerts delivered directly to your inbox Check Price Action Surf The Daily Hodl Mix Disclaimer: Opinions expressed at The Daily Hodl are not investment advice. Investors should do their due diligence before making any high-risk investments in Bitcoin, cryptocurrency or digital assets. Please be advised that your transfers and trades are at your own risk, and any losses you may incur are your responsibility. The Daily Hodl does not recommend the buying or selling of any cryptocurrencies or digital assets, nor is The Daily Hodl an investment advisor. Please note that The Daily Hodl participates in affiliate marketing. Generated Image: Midjourney The post Trader Predicts Crypto Rallies Amid Expectations of Fed Monetary Policy Shift – But There’s a Catch appeared first on The Daily Hodl .",BTC|TRADING|SOL|MARKET|BUSINESS,Trader Predicts Crypto Rallies Amid Expectations Fed Monetary Policy Shift Catch,widely followed crypto analyst predicting higher price crypto asset expects Federal Reserve end antiinflation monetary policy new thread pseudonymous crypto analyst Pentoshi tell 861300 follower social medium platform X close seeing end quantitative tightening QT policy reduce Fed balance sheet lower supply money circulation trader cite data decentralized prediction platform Polymarket show 100 user believe Fed end QT May year cessation QT typically seen bullish risk asset like Bitcoin BTC altcoins move signal end tight monetary condition However Pentoshi warns investor cautiously optimistic P 500 top crypto asset seen growth last year appears unsustainable think getting close end QT Polymarket pricing odds sure thing whereas much lower odds previously stated seem Trump would end forcing think QT automatically mean easy mode think mode clearly gone overall way people think 20172021 price much lower think best cautiously optimistic Many thing significantly hopefully decent mean reversion Markets general rallied hard asset likely bit overvalued SPX going 25 back back year going low growth negative year sustainable pace BTC went 16000 108000 SOL 8 300 Cautiously optimistic patient time capitulation often following big trend eventually get longer sideways period less volatility market find balance Pentoshi flipping tactically bullish stock crypto warns investor rally likely shortlived think currently lower high People underestimate time aspect time writing Bitcoin trading 83248 Follow u X Facebook Telegram nt Miss Beat Subscribe get email alert delivered directly inbox Check Price Action Surf Daily Hodl Mix Disclaimer Opinions expressed Daily Hodl investment advice Investors due diligence making highrisk investment Bitcoin cryptocurrency digital asset Please advised transfer trade risk loss may incur responsibility Daily Hodl recommend buying selling cryptocurrencies digital asset Daily Hodl investment advisor Please note Daily Hodl participates affiliate marketing Generated Image Midjourney post Trader Predicts Crypto Rallies Amid Expectations Fed Monetary Policy Shift Catch appeared first Daily Hodl
2025-03-17 23:50:19,2025-03-17 23:50:19,41832821,"PEPE Poised For 40% Rally, Here’s Why","The post PEPE Poised For 40% Rally, Here’s Why appeared first on Coinpedia Fintech News Pepe (PEPE), the popular and third-largest crypto meme coin, has successfully formed a bullish price action pattern, garnering significant attention from crypto enthusiasts. Today, March 18, 2025, as sentiment across the crypto landscape begins to shift and assets gain upside momentum, PEPE has reached the breakout level of its bullish price action pattern. Pepe (PEPE) Technical Analysis and Upcoming Levels According to CoinPedia’s technical analysis, PEPE has formed a bullish inverted head and shoulders pattern on the four-hour timeframe and is currently on the verge of a breakout. After the market witnessed upside momentum, the meme coin soared significantly and reached the breakout area. Based on the recent price momentum, if PEPE breaks out of the pattern and closes a four-hour candle above the $0.0000075 level, there is a strong possibility it could soar by 40% to reach the next resistance level of $0.00001050 in the coming days. Source: Trading View In trading and investing, a successful breakout of an inverted head and shoulders pattern is always considered a bullish sign and often shifts overall market sentiment. Expert Bullish Outlook Looking at the bullish outlook, a crypto expert shared a post on X (formerly Twitter), featuring an eight-hour PEPE chart that appears to be breaching a falling wedge pattern. The expert also noted that if the meme coin successfully breaks out, PEPE could soar by 50% to 60% in the coming days. Current Price Momentum and Over-Leveraged Levels PEPE is currently trading near $0.00000733, registering a price surge of over 13% in the past 24 hours. Meanwhile, its trading volume has soared by 45%, indicating heightened participation from traders and investors. Additionally, the chart has formed a bullish pattern and is poised for upside momentum. With the bullish outlook, traders have been strongly betting on the long side, as reported by the on-chain analytics firm Coinglass . Source: Coinglass Data reveals that traders are currently over-leveraged at $0.00000693 on the lower side and $0.00000771 on the upper side, holding $4.85 million and $2.35 million worth of long and short positions, respectively. This on-chain data particularly confirms that bulls are currently dominating.",TRADING|PEPE|MARKET|BUSINESS,PEPE Poised 40 Rally,post PEPE Poised 40 Rally appeared first Coinpedia Fintech News Pepe PEPE popular thirdlargest crypto meme coin successfully formed bullish price action pattern garnering significant attention crypto enthusiast Today March 18 2025 sentiment across crypto landscape begin shift asset gain upside momentum PEPE reached breakout level bullish price action pattern Pepe PEPE Technical Analysis Upcoming Levels According CoinPedia technical analysis PEPE formed bullish inverted head shoulder pattern fourhour timeframe currently verge breakout market witnessed upside momentum meme coin soared significantly reached breakout area Based recent price momentum PEPE break pattern close fourhour candle 00000075 level strong possibility could soar 40 reach next resistance level 000001050 coming day Source Trading View trading investing successful breakout inverted head shoulder pattern always considered bullish sign often shift overall market sentiment Expert Bullish Outlook Looking bullish outlook crypto expert shared post X formerly Twitter featuring eighthour PEPE chart appears breaching falling wedge pattern expert also noted meme coin successfully break PEPE could soar 50 60 coming day Current Price Momentum OverLeveraged Levels PEPE currently trading near 000000733 registering price surge 13 past 24 hour Meanwhile trading volume soared 45 indicating heightened participation trader investor Additionally chart formed bullish pattern poised upside momentum bullish outlook trader strongly betting long side reported onchain analytics firm Coinglass Source Coinglass Data reveals trader currently overleveraged 000000693 lower side 000000771 upper side holding 485 million 235 million worth long short position respectively onchain data particularly confirms bull currently dominating
2025-03-17 23:48:33,2025-03-17 23:48:33,41832796,WLFI Cryptocurrency Project Completes $550 Million Token Sale While Embracing BTC and ETH in Macro Strategy,"Recently, the Trump-supported cryptocurrency initiative WLFI successfully completed a robust $550 million token sale, as reported on March 18th by COINOTAG News. This substantial fundraising effort saw participation from over",TOKEN SALE|BTC|ETH|ONDO|SUI,WLFI Cryptocurrency Project Completes 550 Million Token Sale Embracing BTC ETH Macro Strategy,Recently Trumpsupported cryptocurrency initiative WLFI successfully completed robust 550 million token sale reported March 18th COINOTAG News substantial fundraising effort saw participation
2025-03-17 23:42:30,2025-03-17 23:42:30,41832510,Trump Appoints Michelle Bowman as New Vice Chair for Supervision of the Federal Reserve: Impact on the Financial Sector,"In a significant development for the financial landscape, U.S. President Trump has officially appointed Michelle Bowman as the new Vice Chair for Supervision of the Federal Reserve. This announcement, made",FIAT|REGULATION,Trump Appoints Michelle Bowman New Vice Chair Supervision Federal Reserve Impact Financial Sector,significant development financial landscape US President Trump officially appointed Michelle Bowman new Vice Chair Supervision Federal Reserve announcement made
2025-03-17 23:42:21,2025-03-17 23:42:21,41832532,Robinhood Debuts March Madness Prediction Markets as Event Derivatives Gain Traction in US,Robinhood is partnering with prediction market operator Kalshi to offer contracts for March Madness games beginning Monday.,MARKET|BUSINESS,Robinhood Debuts March Madness Prediction Markets Event Derivatives Gain Traction US,Robinhood partnering prediction market operator Kalshi offer contract March Madness game beginning Monday
2025-03-17 23:38:54,2025-03-17 23:38:54,41832368,US Government Deploys ‘Magic Money Computers’ To Send Payments Out of Thin Air: Elon Musk,"The US government relies on a network of computers to generate payments out of thin air, including some transactions that remain entirely undocumented, according to Elon Musk. In a new interview on Senator Ted Cruz’s Verdict podcast, Musk says the Department of Government Efficiency (DOGE) has now discovered about 14 “magic money” computers. Musk tells Cruz that these computers are responsible for sending trillions of dollars in payments. “I call a magic money computer any computer that can make money out of thin air. It just issues payments… They just send money out of nothing.” Musk says about 5-10% of the payments executed by these computers are not reported. “You may think that the government computers all talk to each other. They synchronize. They add up what funds are going somewhere and it’s coherent, and that the numbers that you’re presented as a Senator are actually the real numbers. One would think. They’re not.” Musk says DOGE has discovered these computers at the Treasury Department, State Department, Health and Human Services Department and the Defense Department. According to Musk, the government’s systems make it tough to reconcile payments and tackle waste and fraud. “If you want to know what what the situation is with the accounting and you’re trying to reconcile accounting and get rid of waste and fraud, you must be able to analyze the computer databases. Otherwise you can’t figure it out. Because what you’re doing is asking a human – who will then ask another human – and finally usually ask some contractor – who will ask another contractor – to do a query on the computer. So it’s many layers deep. The only way to reconcile the databases and get rid of waste and fraud is to to actually look at the computers and see what’s going on. When I sort of cryptically refer to reprogramming The Matrix, you have to understand what’s going at the computers. You have to reconcile the computer databases in order to identify the waste and fraud.” Follow us on X , Facebook and Telegram Don't Miss a Beat – Subscribe to get email alerts delivered directly to your inbox Check Price Action Surf The Daily Hodl Mix Disclaimer: Opinions expressed at The Daily Hodl are not investment advice. Investors should do their due diligence before making any high-risk investments in Bitcoin, cryptocurrency or digital assets. Please be advised that your transfers and trades are at your own risk, and any losses you may incur are your responsibility. The Daily Hodl does not recommend the buying or selling of any cryptocurrencies or digital assets, nor is The Daily Hodl an investment advisor. Please note that The Daily Hodl participates in affiliate marketing. Generated Image: Midjourney The post US Government Deploys ‘Magic Money Computers’ To Send Payments Out of Thin Air: Elon Musk appeared first on The Daily Hodl .",REGULATION|DOGE|BTC|BUSINESS|TRADING,US Government Deploys Magic Money Computers Send Payments Thin Air Elon Musk,US government relies network computer generate payment thin air including transaction remain entirely undocumented according Elon Musk new interview Senator Ted Cruz Verdict podcast Musk say Department Government Efficiency DOGE discovered 14 magic money computer Musk tell Cruz computer responsible sending trillion dollar payment call magic money computer computer make money thin air issue payment send money nothing Musk say 510 payment executed computer reported may think government computer talk synchronize add fund going somewhere coherent number presented Senator actually real number One would think not Musk say DOGE discovered computer Treasury Department State Department Health Human Services Department Defense Department According Musk government system make tough reconcile payment tackle waste fraud want know situation accounting trying reconcile accounting get rid waste fraud must able analyze computer database Otherwise figure asking human ask another human finally usually ask contractor ask another contractor query computer many layer deep way reconcile database get rid waste fraud actually look computer see going sort cryptically refer reprogramming Matrix understand going computer reconcile computer database order identify waste fraud Follow u X Facebook Telegram nt Miss Beat Subscribe get email alert delivered directly inbox Check Price Action Surf Daily Hodl Mix Disclaimer Opinions expressed Daily Hodl investment advice Investors due diligence making highrisk investment Bitcoin cryptocurrency digital asset Please advised transfer trade risk loss may incur responsibility Daily Hodl recommend buying selling cryptocurrencies digital asset Daily Hodl investment advisor Please note Daily Hodl participates affiliate marketing Generated Image Midjourney post US Government Deploys Magic Money Computers Send Payments Thin Air Elon Musk appeared first Daily Hodl
2025-03-17 23:38:48,2025-03-17 23:38:48,41832427,Bitcoin Signals Recovery with Promising Trends and Market Insights,Bitcoin is recovering after a recent value drop. Market dynamics suggest potential for significant price increases. Continue Reading: Bitcoin Signals Recovery with Promising Trends and Market Insights The post Bitcoin Signals Recovery with Promising Trends and Market Insights appeared first on COINTURK NEWS .,BTC|MARKET|TRADING,Bitcoin Signals Recovery Promising Trends Market Insights,Bitcoin recovering recent value drop Market dynamic suggest potential significant price increase Continue Reading Bitcoin Signals Recovery Promising Trends Market Insights post Bitcoin Signals Recovery Promising Trends Market Insights appeared first COINTURK NEWS
2025-03-17 23:36:17,2025-03-17 23:36:17,41832228,XRP Price Targets $30 As Analyst Reveals Bullish Double Bottom Breakout,"XRP price has formed a double-bottom pattern, a widely recognized bullish reversal signal. Analysts suggest this pattern has been confirmed, as the altcoin has broken above its neckline resistance. This development indicates strong buying pressure, which could push the Ripple token price toward the $30 mark. Bullish Double Bottom Pattern Suggests XRP Price Could Reach $30 According to analyst Steph Is Crypto, XRP price has completed a double-bottom formation by breaking above the neckline resistance. This breakout is considered a strong bullish signal, indicating a potential rally. Historically, once this type of pattern is confirmed, prices tend to rise, with projections based on the pattern’s height extended from the breakout point. The long-term chart of XRP price shows an extended accumulation phase, similar to previous bull cycles. The breakout above the neckline suggests strong buying momentum, potentially triggering an altcoin rally. Top analysts anticipate that if momentum sustains, XRP price could move towards its projected $30 target. Source: X More so, XRP price breakout aligns with increasing trading volume, reinforcing the bullish outlook. A sustained increase in volume after a breakout often indicates institutional participation and growing investor confidence. Additionally, analysts highlight the absence of strong resistance between current levels and the projected target, making a sharp upward movement feasible. Ripple Price Must Hold $2 Support Level Additionally, crypto analyst Ali Martinez has pointed out that XRP price is also forming a head-and-shoulders pattern on its weekly chart. This pattern typically signals a trend reversal, with the $2 support level being crucial for maintaining an upward trajectory. Martinez highlighted that if XRP price fails to hold above $2, it could face a decline to $1.25. Traders are closely monitoring this level, as a breakdown below it could lead to further downside pressure. However, if the support holds, XRP could continue its bullish trend and push towards the projected $30 target. Source: X Altcoin Rally and Broader Market Trends The broader cryptocurrency market trend is another factor influencing XRP price. Bitcoin’s performance and macroeconomic factors, such as the Federal Reserve’s policy decisions, could impact investor sentiment. A positive market environment could support an altcoin rally, benefiting XRP’s upward momentum. According to CryptoQuant’s recent analysis, the rising demand for stablecoins is fueling an altcoin season . Experts believe this shift signals a strong rally for altcoins in the coming weeks. The recent market correction has seen XRP price trading between $1.79 and $3.36. A rebound began in early March, with XRP closing the past week in green. At press time, Ripple token price was $2.34, reflecting a 1.95% increase in the last 24 hours. Historical price trends suggest that XRP has undergone extended periods of accumulation before major bull cycles. This pattern appears to be repeating, with XRP price breaking above key resistance zones. Adding to the bullish sentiments, Ripple filed a trademark for downloadable software to custody crypto assets. This move could push the altcoin toward the $5 mark in the coming months and probably cross the $30 price target. The post XRP Price Targets $30 As Analyst Reveals Bullish Double Bottom Breakout appeared first on CoinGape .",TRADING|XRP|ALTCOIN|MARKET|BUSINESS,XRP Price Targets 30 Analyst Reveals Bullish Double Bottom Breakout,XRP price formed doublebottom pattern widely recognized bullish reversal signal Analysts suggest pattern confirmed altcoin broken neckline resistance development indicates strong buying pressure could push Ripple token price toward 30 mark Bullish Double Bottom Pattern Suggests XRP Price Could Reach 30 According analyst Steph Crypto XRP price completed doublebottom formation breaking neckline resistance breakout considered strong bullish signal indicating potential rally Historically type pattern confirmed price tend rise projection based pattern height extended breakout point longterm chart XRP price show extended accumulation phase similar previous bull cycle breakout neckline suggests strong buying momentum potentially triggering altcoin rally Top analyst anticipate momentum sustains XRP price could move towards projected 30 target Source X XRP price breakout aligns increasing trading volume reinforcing bullish outlook sustained increase volume breakout often indicates institutional participation growing investor confidence Additionally analyst highlight absence strong resistance current level projected target making sharp upward movement feasible Ripple Price Must Hold 2 Support Level Additionally crypto analyst Ali Martinez pointed XRP price also forming headandshoulders pattern weekly chart pattern typically signal trend reversal 2 support level crucial maintaining upward trajectory Martinez highlighted XRP price fails hold 2 could face decline 125 Traders closely monitoring level breakdown could lead downside pressure However support hold XRP could continue bullish trend push towards projected 30 target Source X Altcoin Rally Broader Market Trends broader cryptocurrency market trend another factor influencing XRP price Bitcoin performance macroeconomic factor Federal Reserve policy decision could impact investor sentiment positive market environment could support altcoin rally benefiting XRP upward momentum According CryptoQuant recent analysis rising demand stablecoins fueling altcoin season Experts believe shift signal strong rally altcoins coming week recent market correction seen XRP price trading 179 336 rebound began early March XRP closing past week green press time Ripple token price 234 reflecting 195 increase last 24 hour Historical price trend suggest XRP undergone extended period accumulation major bull cycle pattern appears repeating XRP price breaking key resistance zone Adding bullish sentiment Ripple filed trademark downloadable software custody crypto asset move could push altcoin toward 5 mark coming month probably cross 30 price target post XRP Price Targets 30 Analyst Reveals Bullish Double Bottom Breakout appeared first CoinGape
2025-03-17 23:33:28,2025-03-17 23:33:28,41832225,BTC Whale’s 40x Short Position Faces Liquidation Risk Amid Bitcoin’s Rebound,"On March 18th, data from Hypurrscan indicated that the ’50x Leverage Whale’ initiated a 40x short position on Bitcoin via the Hyperliquid platform at a price point of $83,923.2. Despite",BTC|ZRX|TRADING,BTC Whale 40x Short Position Faces Liquidation Risk Amid Bitcoin Rebound,March 18th data Hypurrscan indicated 50x Leverage Whale initiated 40x short position Bitcoin via Hyperliquid platform price point 839232 Despite
2025-03-17 23:30:00,2025-03-17 23:30:00,41832363,Spanish Police ‘Dismantle $32.6M Bitcoin-themed Crypto Pyramid Scam’,"Spanish police officers say they have taken apart a Bitcoin (BTC) -themed crypto pyramid scam that duped victims out of around $32.6 million. Per the news agency EFE (via Infobae ), police officers said they had “dismantled” a “criminal organization” that promoted “fake cryptocurrency investments.” Spanish Police Make Arrests in Malaga, Madrid, Murcia Officers said they have arrested eight people, but fear that “more than 3,600 people” have lost money to the crypto scam . National Police Corp vehicles in Spain. (Source: Supertoni123 [CC BY-SA 4.0]) The National Police Corps (CNP)’s Economic and Financial Crime Unit said the network’s mastermind was a “computer programmer” whom they arrested in Malaga. The CNP also made arrests in the cities of Murcia, and Madrid, detaining people of “various nationalities and backgrounds.” The detainees include “marketing and web design experts,” officers said. Police say the group developed a “seemingly legitimate platform that offered clients a choice of Bitcoin investment plans.” They then allegedly promoted these products on various websites and social media platforms. Victims, police said, “did not need to know anything about crypto,” as the alleged scam operators “made it easy for people to convert hundreds, even thousands of euros into Bitcoin.” The alleged scammers were also able to dupe some “victims” into surrendering control of their electronic devices to “carry out crypto transfers themselves, in addition to stealing their personal and banking data.” Spanish lending giant BBVA said it won approval to launch Bitcoin and Ether trading, integrating crypto into everyday banking. #BBVA #CryptoTrading https://t.co/ifB7FxuUV8 — Cryptonews.com (@cryptonews) March 10, 2025 Operation Began in 2022 – Police The CNP first learned of the operation in 2022, when a “victim” filed a report in Murcia. As police investigated, they unearthed a complicated network of investments whereby older investors were paid using newer investors’ funds. When people tried to withdraw their funds from the platform, the operators would reportedly concoct “obstacles” to delay or obfuscate the process. One officer told EFE that some “victims” signed “contracts” with the operators, who “promised to pay dividends of 40% after one month,” and “up to 300% after a year.” The police force eventually found a “trail” of fraud that “included thousands of victims in as many as 36 countries.” Spain’s economy is getting a boost thanks to the country’s attractiveness for remote workers, according to central bank chief Jose Luis Escriva https://t.co/ke3IYbcEbh — Bloomberg Markets (@markets) March 17, 2025 ‘Worthless Coin’ The CNP thinks that “at least 3,646 victims” lost their money to the scammers, 2,718 of whom are Spanish residents. The fraudsters appear to have amassed vast Bitcoin holdings, with crypto wallets containing some BTC 400. Officers say the masterminds also “created a new, worthless token” to investors. The victims were mainly individuals who “had never invested in cryptocurrencies” before, the CNP said. Some corporations also fell victim to the scam, officers added. Officers also froze 73 bank accounts and impounded cars, motorcycles, computer equipment, and hundreds of euros in cash. The post Spanish Police ‘Dismantle $32.6M Bitcoin-themed Crypto Pyramid Scam’ appeared first on Cryptonews .",BTC|BUSINESS|FIAT|MARKET|TRADING,Spanish Police Dismantle 326M Bitcointhemed Crypto Pyramid Scam,Spanish police officer say taken apart Bitcoin BTC themed crypto pyramid scam duped victim around 326 million Per news agency EFE via Infobae police officer said dismantled criminal organization promoted fake cryptocurrency investment Spanish Police Make Arrests Malaga Madrid Murcia Officers said arrested eight people fear 3600 people lost money crypto scam National Police Corp vehicle Spain Source Supertoni123 CC BYSA 40 National Police Corps CNP Economic Financial Crime Unit said network mastermind computer programmer arrested Malaga CNP also made arrest city Murcia Madrid detaining people various nationality background detainee include marketing web design expert officer said Police say group developed seemingly legitimate platform offered client choice Bitcoin investment plan allegedly promoted product various website social medium platform Victims police said need know anything crypto alleged scam operator made easy people convert hundred even thousand euro Bitcoin alleged scammer also able dupe victim surrendering control electronic device carry crypto transfer addition stealing personal banking data Spanish lending giant BBVA said approval launch Bitcoin Ether trading integrating crypto everyday banking BBVA CryptoTrading Cryptonewscom March 10 2025 Operation Began 2022 Police CNP first learned operation 2022 victim filed report Murcia police investigated unearthed complicated network investment whereby older investor paid using newer investor fund people tried withdraw fund platform operator would reportedly concoct obstacle delay obfuscate process One officer told EFE victim signed contract operator promised pay dividend 40 one month 300 year police force eventually found trail fraud included thousand victim many 36 country Spain economy getting boost thanks country attractiveness remote worker according central bank chief Jose Luis Escriva Bloomberg Markets March 17 2025 Worthless Coin CNP think least 3646 victim lost money scammer 2718 Spanish resident fraudsters appear amassed vast Bitcoin holding crypto wallet containing BTC 400 Officers say mastermind also created new worthless token investor victim mainly individual never invested cryptocurrencies CNP said corporation also fell victim scam officer added Officers also froze 73 bank account impounded car motorcycle computer equipment hundred euro cash post Spanish Police Dismantle 326M Bitcointhemed Crypto Pyramid Scam appeared first Cryptonews
2025-03-17 23:27:13,2025-03-17 23:27:13,41831957,XRP Price Watch: Is a Breakout Toward $3.00 on the Horizon?,"XRP is trading at $2.34 with a market capitalization of $136 billion, as daily trade volume reaches $3.01 billion. The price has fluctuated between $2.29 and $2.38 in the past 24 hours, remaining 31.1% below its all-time high of $3.40. Binance, Coinbase, and Bybit dominate XRP trading, while South Korean markets show a slight premium",TRADING|XRP|EXCHANGE|MARKET|BNB,XRP Price Watch Breakout Toward 300 Horizon,XRP trading 234 market capitalization 136 billion daily trade volume reach 301 billion price fluctuated 229 238 past 24 hour remaining 311 alltime high 340 Binance Coinbase Bybit dominate XRP trading South Korean market show slight premium
2025-03-17 23:27:07,2025-03-17 23:27:07,41831950,Binance Founder CZ Reveals the Secret to Leaving 99 Percent of the Market Behind: “Just Doing This Is Enough to Beat Most People”,"Former Binance CEO Changpeng Zhao (CZ) shared his views on the cryptocurrency industry and warned that only a small percentage of participants will achieve long-term success. CZ was responding to a post on X (formerly Twitter) by crypto influencer EmperorBTC, who analyzes the psychological landscape of market participants. “The bar for success in crypto is very low,” EmperorBTC said, arguing that most investors are ill-equipped to deal with the volatile nature of the crypto market. According to EmperorBTC, 80% of crypto investors are simply “tourists,” entering the market excitedly and leaving when sentiment changes. Another 10% are making buying and selling decisions based on misleading influencers, while another 5% believe they are falsely projecting wealth. That leaves only the 5% who truly understand crypto, he claimed. Related News: Binance Finally Brought The Expected Feature: Added to the Home Page, Here are the Impacted Altcoins CZ weighed in on these statistics, suggesting that even among the 5% of so-called “insiders,” most have failed to outperform Bitcoin. “Even if there were a 5% who were true experts in crypto, most of them still wouldn’t be able to outperform Bitcoin,” he said. He also noted that within this group, only 4% actively trade or allocate capital to blockchain projects, but they still lag behind Bitcoin’s long-term performance. CZ said that simply holding Bitcoin outperforms 99% of crypto market participants and even outperforms most traditional asset classes with minimal effort. Despite Bitcoin’s dominance, CZ admitted that rising into the top 1% of crypto investors requires extraordinary effort, deep market knowledge, and constant work. *This is not investment advice. Continue Reading: Binance Founder CZ Reveals the Secret to Leaving 99 Percent of the Market Behind: “Just Doing This Is Enough to Beat Most People”",MARKET|EXCHANGE|BNB|BTC|BUSINESS,Binance Founder CZ Reveals Secret Leaving 99 Percent Market Behind Enough Beat People,Former Binance CEO Changpeng Zhao CZ shared view cryptocurrency industry warned small percentage participant achieve longterm success CZ responding post X formerly Twitter crypto influencer EmperorBTC analyzes psychological landscape market participant bar success crypto low EmperorBTC said arguing investor illequipped deal volatile nature crypto market According EmperorBTC 80 crypto investor simply tourist entering market excitedly leaving sentiment change Another 10 making buying selling decision based misleading influencers another 5 believe falsely projecting wealth leaf 5 truly understand crypto claimed Related News Binance Finally Brought Expected Feature Added Home Page Impacted Altcoins CZ weighed statistic suggesting even among 5 socalled insider failed outperform Bitcoin Even 5 true expert crypto still able outperform Bitcoin said also noted within group 4 actively trade allocate capital blockchain project still lag behind Bitcoin longterm performance CZ said simply holding Bitcoin outperforms 99 crypto market participant even outperforms traditional asset class minimal effort Despite Bitcoin dominance CZ admitted rising top 1 crypto investor requires extraordinary effort deep market knowledge constant work investment advice Continue Reading Binance Founder CZ Reveals Secret Leaving 99 Percent Market Behind Enough Beat People
2025-03-17 23:21:56,2025-03-17 23:21:56,41832362,Hashdex Seeks SEC Approval to Add Litecoin to Crypto Index ETF,"Key Takeaways: Litecoin’s inclusion challenges the Bitcoin-Ethereum dominance, pushing investors to reconsider diversification strategies. Hashdex’s move could open the door for major investors to explore altcoins, reshaping crypto investment priorities. Litecoin’s inclusion challenges the Bitcoin-Ethereum dominance, pushing investors to reconsider diversification strategies Crypto asset management firm Hashdex submitted an amendment proposal to the U.S. Securities and Exchange Commission (SEC) last Friday to add Litecoin (LTC) to its Hashdex Nasdaq Crypto Index US ETF. If approved, Litecoin will join the ETF’s other proposed digital assets, broadening its exposure to the traditional financial market and institutional investors within a regulated environment. Litecoin Gains ETF Exposure as Hashdex Seeks Broader Crypto Holdings The March 14 filing , filed under file number 333-280990, outlined Hashdex’s plans to expand its Crypto Index ETF portfolio beyond Bitcoin and Ethereum. The revised index is expected to include additional cryptocurrencies such as Solana (SOL), Ripple (XRP), Cardano (ADA), Chainlink (LINK), Avalanche (AVAX), Litecoin (LTC), and Uniswap (UNI), with each operating on its respective blockchain network. Particularly, the addition of Litecoin would further diversify the fund’s holdings and attract investors interested in a wider array of cryptocurrencies. BTW, @hashdex 's CEO @SamirKerbage is going to be at the Litecoin Summit in Vegas the end of May. Just sayin'. https://t.co/SkVxJC7X2a https://t.co/dEUqIkRanV — Litecoin (@litecoin) March 17, 2025 An exchange-traded fund (ETF) is a basket of assets—such as stocks, bonds, or cryptocurrencies—traded on stock exchanges. It allows investors to buy and sell shares throughout the day, offering diversification by spreading risk across multiple assets. Hashdex’s proposal to add Litecoin isn’t random. Litecoin has been around for over a decade, often seen as Bitcoin’s lighter, faster counterpart. Its features, such as its popularity, strong liquidity, and lower transaction fees, make it an interesting addition to an ETF. If this gets the green light, it would be another step towards integrating crypto with traditional finance, which would give both big institutions and everyday investors more options to diversify their portfolios. Brazil ETF Approval Highlights Hashdex Expansion Strategy Recently, Hashdex secured approval from Brazil’s Securities and Exchange Commission to launch the world’s first XRP spot ETF on the B3 stock exchange. This approval allows Brazilian investors to gain exposure to XRP through a regulated investment vehicle. Hashdex continues to provide more crypto investment options while signaling increasing institutional acceptance of digital assets. The Hashdex Nasdaq XRP Index Fund was officially established on February 18, 2025, and Genial Investimentos was appointed its administrator. BREAKING: Brazilian SEC Grants Approval To Hashdex Launching The World’s First Spot $XRP ETF! pic.twitter.com/p7LTd5MaGf — Good Morning Crypto (@AbsGMCrypto) February 19, 2025 While a U.S. launch date for the expanded ETF remains undisclosed, the broader crypto ETF market is becoming increasingly competitive. Since Bitcoin and Ethereum spot ETFs received approval in 2024, fund issuers have accelerated efforts to broaden their offerings. SEC Decision on Litecoin Could Boost Hashdex Crypto Index ETF Expansion Bloomberg analysts James Seyffart and Eric Balchunas estimate a 90% likelihood of Litecoin ETF approval before the end of 2025. Their prediction places Litecoin ahead of Solana (70%), Dogecoin (75%), and XRP (65%). Our official alt coin ETF approval odds are out. Litecoin leads w 90% chance, then Doge, followed by Solana and XRP. We are only doing for 33 Act $IBIT -esque filings. But def poss to see futures or Cayman-subsidiary type 40 Act stuff get through as well. https://t.co/JSaNnifjbu — Eric Balchunas (@EricBalchunas) February 10, 2025 They argue that Litecoin’s proof-of-work mechanism, similar to Bitcoin’s, and its existing regulatory filings could streamline the approval process. Demand for crypto ETFs has surged, with spot Bitcoin and Ether ETFs attracting $40.7 billion and $3.18 billion in net inflows since their launches. While a Litecoin ETF may not see the same demand, Seyffart notes that even modest inflows could make it viable for fund issuers. The SEC’s final decision on Litecoin, Solana, XRP, and Dogecoin ETFs is expected between October 2 and 18, a timeline closely watched by investors and fund issuers looking to expand the reach of crypto index ETFs. Frequently Asked Questions (FAQs) How does Litecoin’s classification as a commodity impact its chances of ETF approval? Since Litecoin is considered a commodity rather than a security, it avoids the tougher regulations and doubts that securities may face in the same situation. This makes it easier to get approval since it sidesteps the SEC’s stricter oversight on securities branded cryptocurrencies. What are the risks of a Litecoin ETF? Among the risks known primarily to ETFs is their reliance on third parties to store assets safely. These parties are often centralized and leave space for potential price manipulation due to crypto’s volatility and liquidity issues. Could a Litecoin ETF lead to more altcoin ETFs? Yes, if Litecoin’s ETF gets approved, it could pave the way for others like Solana and XRP. A green light from regulators would show they’re open to approving beyond Bitcoin and Ethereum, which would mean they are now open to altcoins, too. The post Hashdex Seeks SEC Approval to Add Litecoin to Crypto Index ETF appeared first on Cryptonews .",LTC|MARKET|REGULATION|BUSINESS|XRP,Hashdex Seeks SEC Approval Add Litecoin Crypto Index ETF,Key Takeaways Litecoin inclusion challenge BitcoinEthereum dominance pushing investor reconsider diversification strategy Hashdex move could open door major investor explore altcoins reshaping crypto investment priority Litecoin inclusion challenge BitcoinEthereum dominance pushing investor reconsider diversification strategy Crypto asset management firm Hashdex submitted amendment proposal US Securities Exchange Commission SEC last Friday add Litecoin LTC Hashdex Nasdaq Crypto Index US ETF approved Litecoin join ETF proposed digital asset broadening exposure traditional financial market institutional investor within regulated environment Litecoin Gains ETF Exposure Hashdex Seeks Broader Crypto Holdings March 14 filing filed file number 333280990 outlined Hashdex plan expand Crypto Index ETF portfolio beyond Bitcoin Ethereum revised index expected include additional cryptocurrencies Solana SOL Ripple XRP Cardano ADA Chainlink LINK Avalanche AVAX Litecoin LTC Uniswap UNI operating respective blockchain network Particularly addition Litecoin would diversify fund holding attract investor interested wider array cryptocurrencies BTW s CEO going Litecoin Summit Vegas end May sayin Litecoin March 17 2025 exchangetraded fund ETF basket assetssuch stock bond cryptocurrenciestraded stock exchange allows investor buy sell share throughout day offering diversification spreading risk across multiple asset Hashdex proposal add Litecoin random Litecoin around decade often seen Bitcoin lighter faster counterpart feature popularity strong liquidity lower transaction fee make interesting addition ETF get green light would another step towards integrating crypto traditional finance would give big institution everyday investor option diversify portfolio Brazil ETF Approval Highlights Hashdex Expansion Strategy Recently Hashdex secured approval Brazil Securities Exchange Commission launch world first XRP spot ETF B3 stock exchange approval allows Brazilian investor gain exposure XRP regulated investment vehicle Hashdex continues provide crypto investment option signaling increasing institutional acceptance digital asset Hashdex Nasdaq XRP Index Fund officially established February 18 2025 Genial Investimentos appointed administrator BREAKING Brazilian SEC Grants Approval Hashdex Launching World First Spot XRP ETF pictwittercomp7LTd5MaGf Good Morning Crypto February 19 2025 US launch date expanded ETF remains undisclosed broader crypto ETF market becoming increasingly competitive Since Bitcoin Ethereum spot ETFs received approval 2024 fund issuer accelerated effort broaden offering SEC Decision Litecoin Could Boost Hashdex Crypto Index ETF Expansion Bloomberg analyst James Seyffart Eric Balchunas estimate 90 likelihood Litecoin ETF approval end 2025 prediction place Litecoin ahead Solana 70 Dogecoin 75 XRP 65 official alt coin ETF approval odds Litecoin lead w 90 chance Doge followed Solana XRP 33 Act IBIT esque filing def poss see future Caymansubsidiary type 40 Act stuff get well Eric Balchunas February 10 2025 argue Litecoin proofofwork mechanism similar Bitcoin existing regulatory filing could streamline approval process Demand crypto ETFs surged spot Bitcoin Ether ETFs attracting 407 billion 318 billion net inflow since launch Litecoin ETF may see demand Seyffart note even modest inflow could make viable fund issuer SEC final decision Litecoin Solana XRP Dogecoin ETFs expected October 2 18 timeline closely watched investor fund issuer looking expand reach crypto index ETFs Frequently Asked Questions FAQs Litecoin classification commodity impact chance ETF approval Since Litecoin considered commodity rather security avoids tougher regulation doubt security may face situation make easier get approval since sidestep SEC stricter oversight security branded cryptocurrencies risk Litecoin ETF Among risk known primarily ETFs reliance third party store asset safely party often centralized leave space potential price manipulation due crypto volatility liquidity issue Could Litecoin ETF lead altcoin ETFs Yes Litecoin ETF get approved could pave way others like Solana XRP green light regulator would show open approving beyond Bitcoin Ethereum would mean open altcoins post Hashdex Seeks SEC Approval Add Litecoin Crypto Index ETF appeared first Cryptonews
2025-03-17 23:12:13,2025-03-17 23:12:13,41831435,"ChatGPT, Gemini, or Grok-3: Which AI Has The Best Research Agent?",Here are the strengths and weaknesses in big tech's latest AI research tools,RESEARCH,ChatGPT Gemini Grok3 AI Best Research Agent,strength weakness big tech s latest AI research tool
2025-03-17 23:08:55,2025-03-17 23:08:55,41831333,Fed Takes Action: What Lies Ahead for XRP Coin and Solana?,The Fed is urged to take action due to lower inflation data. XRP Coin may benefit from a potential SEC settlement announcement. Continue Reading: Fed Takes Action: What Lies Ahead for XRP Coin and Solana? The post Fed Takes Action: What Lies Ahead for XRP Coin and Solana? appeared first on COINTURK NEWS .,XRP|SOL|REGULATION,Fed Takes Action Lies Ahead XRP Coin Solana,Fed urged take action due lower inflation data XRP Coin may benefit potential SEC settlement announcement Continue Reading Fed Takes Action Lies Ahead XRP Coin Solana post Fed Takes Action Lies Ahead XRP Coin Solana appeared first COINTURK NEWS
2025-03-17 23:00:04,2025-03-17 23:00:04,41830990,Trump Bitcoin Reserve under fire: EU sounds alarm over ‘American brutality’,Could U.S. crypto policies trigger the next global financial crisis? Europe thinks so.,BTC|FIAT,Trump Bitcoin Reserve fire EU sound alarm American brutality,Could US crypto policy trigger next global financial crisis Europe think
2025-03-17 22:40:31,2025-03-17 22:40:31,41830322,Pioneering Materials Science AI Startup Launched by OpenAI Executive,"Exciting news in the ever-evolving world of technology and innovation! Liam Fedus, a key figure at OpenAI, known for pushing boundaries in artificial intelligence, is venturing into a new frontier. He’s taking his expertise and vision to the realm of materials science, a field ripe for disruption by the power of materials science AI . This move signals a significant investment in the future of scientific discovery, potentially impacting industries far beyond just cryptocurrency. Let’s dive into what this means for the future of innovation. Why Materials Science AI is the Next Frontier? So, what exactly is materials science AI , and why is this such a pivotal moment? Materials science is the study of the properties and applications of materials. It’s fundamental to almost every industry, from construction and manufacturing to electronics and medicine. Traditionally, discovering new materials or improving existing ones is a slow, laborious process involving countless experiments and trial-and-error. This is where materials science AI steps in to revolutionize the game. Materials science AI leverages the power of artificial intelligence and machine learning to: Accelerate Discovery: AI algorithms can analyze vast datasets of material properties, scientific literature, and experimental results at speeds unimaginable for human researchers. This drastically cuts down the time needed to identify promising new materials. Predict Material Properties: Instead of relying solely on physical experiments, AI can predict the properties of new materials based on their composition and structure. This allows scientists to virtually screen thousands of potential materials before even stepping into the lab. Optimize Existing Materials: AI can help refine the properties of existing materials to make them stronger, lighter, more durable, or possess other desirable characteristics. This optimization is crucial for improving the performance and sustainability of various products and technologies. Uncover Novel Materials: Potentially, the most exciting aspect is AI’s ability to go beyond human intuition and discover completely new materials with unprecedented properties that we haven’t even conceived of yet. Think about the implications for cryptocurrencies and blockchain technology. Advancements in materials science could lead to more efficient and powerful hardware for mining, more durable and secure storage solutions, and even new forms of energy generation to power the blockchain network sustainably. While seemingly distant, progress in materials science AI can have ripple effects across diverse sectors, including the digital asset space. Liam Fedus: From OpenAI Research to Materials Science Visionary Liam Fedus , formerly OpenAI’s VP of research for post-training, is the driving force behind this exciting new venture. His decision to leave OpenAI and found a materials science AI startup speaks volumes about the potential he sees in this field. In his own words on X (formerly Twitter), Fedus highlighted his physics background as a key motivator, stating, “My undergrad was in physics and I’m keen to apply this technology there.” This personal connection, combined with his AI expertise from OpenAI, positions him uniquely to lead this new company. What’s even more noteworthy is OpenAI’s commitment to this new venture. Fedus mentioned that OpenAI plans to “invest in and partner” with his startup, recognizing AI for science as “one of the most strategically important areas” for achieving artificial superintelligence. This partnership is a strong endorsement of Fedus’ vision and the potential of materials science AI . It suggests that OpenAI views this field not just as a separate domain but as integral to the broader advancement of AI itself. The Competitive Landscape: DeepMind, Microsoft, and the Race for AI-Driven Material Discovery Liam Fedus’ AI startup is entering a competitive landscape. Established tech giants like Google DeepMind and Microsoft are already making significant strides in materials science AI . DeepMind’s Gnome system, for example, made headlines in 2023 for reportedly discovering crystals suitable for creating new materials. More recently, Microsoft unveiled MatterGen and MatterSim, a pair of AI tools specifically designed for materials discovery. This competition is a positive sign. It validates the importance of materials science AI and signals a growing investment in this area. The race is on to develop more sophisticated AI models, build larger and more comprehensive materials databases, and ultimately, translate AI-driven discoveries into real-world applications. For investors and technology enthusiasts, this competitive environment means faster innovation and a greater likelihood of breakthroughs. Skepticism and the Future of AI in Scientific Discovery Despite the excitement and progress, some experts remain skeptical about the current capabilities of AI in making truly novel scientific discoveries. Concerns are raised about AI’s ability to go beyond pattern recognition and correlation to achieve genuine creative insight and breakthrough innovation. Are today’s AI systems truly capable of generating entirely new scientific concepts, or are they primarily tools for accelerating existing research paradigms? This skepticism is healthy and crucial for guiding the development of materials science AI . It highlights the need for: Improved AI Models: Continued research into more advanced AI architectures and algorithms is necessary to push the boundaries of what AI can achieve in scientific discovery. This includes developing AI that can reason, hypothesize, and design experiments, not just analyze data. High-Quality Data: The effectiveness of materials science AI heavily relies on the availability of large, accurate, and well-curated datasets of material properties and experimental results. Efforts to build and share such datasets are crucial. Collaboration Between AI and Human Scientists: The most impactful advancements are likely to come from a synergistic approach where AI tools augment and empower human scientists, rather than replacing them entirely. Human intuition, creativity, and domain expertise remain essential. Conclusion: A Revolutionary Leap for Materials Science and Beyond Liam Fedus ‘ move to launch a materials science AI startup is a significant event. It underscores the growing recognition of AI’s transformative potential in scientific research. While challenges and skepticism remain, the progress being made by OpenAI, DeepMind, Microsoft, and now Fedus’ new company, points towards a future where AI plays an increasingly central role in materials discovery and innovation. This is not just about faster research; it’s about unlocking entirely new possibilities for materials with properties we can only dream of today. The implications for industries across the board, including the cryptocurrency and blockchain space, are immense and worth watching closely. To learn more about the latest AI in materials science trends, explore our article on key developments shaping AI innovation .",RESEARCH|TECHNOLOGY|BLOCKCHAIN|BUSINESS|MINING,Pioneering Materials Science AI Startup Launched OpenAI Executive,Exciting news everevolving world technology innovation Liam Fedus key figure OpenAI known pushing boundary artificial intelligence venturing new frontier taking expertise vision realm material science field ripe disruption power material science AI move signal significant investment future scientific discovery potentially impacting industry far beyond cryptocurrency Let dive mean future innovation Materials Science AI Next Frontier exactly material science AI pivotal moment Materials science study property application material fundamental almost every industry construction manufacturing electronics medicine Traditionally discovering new material improving existing one slow laborious process involving countless experiment trialanderror material science AI step revolutionize game Materials science AI leverage power artificial intelligence machine learning Accelerate Discovery AI algorithm analyze vast datasets material property scientific literature experimental result speed unimaginable human researcher drastically cut time needed identify promising new material Predict Material Properties Instead relying solely physical experiment AI predict property new material based composition structure allows scientist virtually screen thousand potential material even stepping lab Optimize Existing Materials AI help refine property existing material make stronger lighter durable possess desirable characteristic optimization crucial improving performance sustainability various product technology Uncover Novel Materials Potentially exciting aspect AI ability go beyond human intuition discover completely new material unprecedented property even conceived yet Think implication cryptocurrencies blockchain technology Advancements material science could lead efficient powerful hardware mining durable secure storage solution even new form energy generation power blockchain network sustainably seemingly distant progress material science AI ripple effect across diverse sector including digital asset space Liam Fedus OpenAI Research Materials Science Visionary Liam Fedus formerly OpenAI VP research posttraining driving force behind exciting new venture decision leave OpenAI found material science AI startup speaks volume potential see field word X formerly Twitter Fedus highlighted physic background key motivator stating undergrad physic keen apply technology there personal connection combined AI expertise OpenAI position uniquely lead new company even noteworthy OpenAI commitment new venture Fedus mentioned OpenAI plan invest partner startup recognizing AI science one strategically important area achieving artificial superintelligence partnership strong endorsement Fedus vision potential material science AI suggests OpenAI view field separate domain integral broader advancement AI Competitive Landscape DeepMind Microsoft Race AIDriven Material Discovery Liam Fedus AI startup entering competitive landscape Established tech giant like Google DeepMind Microsoft already making significant stride material science AI DeepMind Gnome system example made headline 2023 reportedly discovering crystal suitable creating new material recently Microsoft unveiled MatterGen MatterSim pair AI tool specifically designed material discovery competition positive sign validates importance material science AI signal growing investment area race develop sophisticated AI model build larger comprehensive material database ultimately translate AIdriven discovery realworld application investor technology enthusiast competitive environment mean faster innovation greater likelihood breakthrough Skepticism Future AI Scientific Discovery Despite excitement progress expert remain skeptical current capability AI making truly novel scientific discovery Concerns raised AI ability go beyond pattern recognition correlation achieve genuine creative insight breakthrough innovation today AI system truly capable generating entirely new scientific concept primarily tool accelerating existing research paradigm skepticism healthy crucial guiding development material science AI highlight need Improved AI Models Continued research advanced AI architecture algorithm necessary push boundary AI achieve scientific discovery includes developing AI reason hypothesize design experiment analyze data HighQuality Data effectiveness material science AI heavily relies availability large accurate wellcurated datasets material property experimental result Efforts build share datasets crucial Collaboration AI Human Scientists impactful advancement likely come synergistic approach AI tool augment empower human scientist rather replacing entirely Human intuition creativity domain expertise remain essential Conclusion Revolutionary Leap Materials Science Beyond Liam Fedus move launch material science AI startup significant event underscore growing recognition AI transformative potential scientific research challenge skepticism remain progress made OpenAI DeepMind Microsoft Fedus new company point towards future AI play increasingly central role material discovery innovation faster research unlocking entirely new possibility material property dream today implication industry across board including cryptocurrency blockchain space immense worth watching closely learn latest AI material science trend explore article key development shaping AI innovation
2025-03-17 22:40:09,2025-03-17 22:40:09,41832361,"North Korea Surpasses El Salvador in Bitcoin Holdings, Fueled by Bybit Hack","Key Takeaways: North Korea’s Bitcoin holdings now surpass those of El Salvador and Bhutan. The Lazarus Group, linked to North Korea, converted assets from the Bybit hack into Bitcoin. These cyber activities contribute to North Korea’s funding of its weapons programs. North Korea surpassed El Salvador and Bhutan in Bitcoin (BTC) holdings after the Lazarus hacker group converted stolen assets from the Bybit hack into Bitcoin, according to Arkham data as of March 17 . Arkham data shows that Lazarus, responsible for the record $1.5 billion Bybit hack , converted the stolen Ether to 13,518 Bitcoin (worth $1.14 billion). The group also holds nearly 13,791 Ether and 5,022 Binance Coin (BNB) , valued at $26.68 million and $3.16 million, respectively. Lazarus Group’s crypto holdings. Source: Arkham These holdings position North Korea ahead of Bhutan’s 10,635 mined Bitcoin and El Salvador’s 6,118 Bitcoin. Bitcoin Treasuries data places the US, China, the UK, and Ukraine ahead, with reserves of 198,109, 190,000, 61,245, and 46,351 BTC. In terms of Bitcoin holdings, North Korea is the fifth largest country in the world. / Source: Bitcoin Treasuries The Scale of North Korean Cybercrime North Korea’s vast wealth in cryptocurrencies stems from years of cyberattacks and crypto heists, including the 2024 DMM Bitcoin exploit in Japan and the 2022 Ronin Network breach , where Lazarus stole $308 million and over $600 million, respectively. The Lazarus Group refers to a large subset of state-sponsored cyber activities of the Democratic People’s Republic of Korea (DPRK), operating as an integral wing of North Korea’s central foreign intelligence agency, the Reconnaissance General Bureau (RGB). Chainalysis’ Crypto Crime 2025 Report shows North Korean hackers stole $660.5 million in 2023 and $1.34 billion in 2024, marking a 102.88% year-over-year increase. One of the most recent examples of North Korea’s expanding cyber operations is the Bybit hack. Bybit Attack: North Korea’s Massive Crypto Theft The dramatic increase in North Korea’s Bitcoin holdings is directly linked to the February 2025 attack on the Dubai-based cryptocurrency exchange Bybit. The Lazarus Group organized the theft of over 400,000 Ether from Bybit’s secure multi-signature cold wallet. Following the theft, Lazarus employed sophisticated techniques to launder the stolen Ether and convert it into Bitcoin. The group exploited decentralized finance (DeFi) protocols like THORChain, which faced criticism for lacking strong anti-crime protections. This allowed Lazarus to obscure the origins of the stolen funds and facilitate their conversion into Bitcoin. This attack has consequences beyond Bybit’s financial losses. According to the Center for Strategic & International Studies (CSIS) , proceeds from cyberattacks, along with other illicit wealth generated by North Korean-funded syndicates, fund North Korea’s nuclear missile program and pose a major threat to international security. The post North Korea Surpasses El Salvador in Bitcoin Holdings, Fueled by Bybit Hack appeared first on Cryptonews .",BTC|ASIA|EXCHANGE|ARKM|BNB,North Korea Surpasses El Salvador Bitcoin Holdings Fueled Bybit Hack,Key Takeaways North Korea Bitcoin holding surpass El Salvador Bhutan Lazarus Group linked North Korea converted asset Bybit hack Bitcoin cyber activity contribute North Korea funding weapon program North Korea surpassed El Salvador Bhutan Bitcoin BTC holding Lazarus hacker group converted stolen asset Bybit hack Bitcoin according Arkham data March 17 Arkham data show Lazarus responsible record 15 billion Bybit hack converted stolen Ether 13518 Bitcoin worth 114 billion group also hold nearly 13791 Ether 5022 Binance Coin BNB valued 2668 million 316 million respectively Lazarus Group crypto holding Source Arkham holding position North Korea ahead Bhutan 10635 mined Bitcoin El Salvador 6118 Bitcoin Bitcoin Treasuries data place US China UK Ukraine ahead reserve 198109 190000 61245 46351 BTC term Bitcoin holding North Korea fifth largest country world Source Bitcoin Treasuries Scale North Korean Cybercrime North Korea vast wealth cryptocurrencies stem year cyberattacks crypto heist including 2024 DMM Bitcoin exploit Japan 2022 Ronin Network breach Lazarus stole 308 million 600 million respectively Lazarus Group refers large subset statesponsored cyber activity Democratic People Republic Korea DPRK operating integral wing North Korea central foreign intelligence agency Reconnaissance General Bureau RGB Chainalysis Crypto Crime 2025 Report show North Korean hacker stole 6605 million 2023 134 billion 2024 marking 10288 yearoveryear increase One recent example North Korea expanding cyber operation Bybit hack Bybit Attack North Korea Massive Crypto Theft dramatic increase North Korea Bitcoin holding directly linked February 2025 attack Dubaibased cryptocurrency exchange Bybit Lazarus Group organized theft 400000 Ether Bybit secure multisignature cold wallet Following theft Lazarus employed sophisticated technique launder stolen Ether convert Bitcoin group exploited decentralized finance DeFi protocol like THORChain faced criticism lacking strong anticrime protection allowed Lazarus obscure origin stolen fund facilitate conversion Bitcoin attack consequence beyond Bybit financial loss According Center Strategic International Studies CSIS proceeds cyberattacks along illicit wealth generated North Koreanfunded syndicate fund North Korea nuclear missile program pose major threat international security post North Korea Surpasses El Salvador Bitcoin Holdings Fueled Bybit Hack appeared first Cryptonews
2025-03-17 22:39:07,2025-03-17 22:39:07,41830219,What to Expect in Bitcoin in the Coming Days? Is a Fall or a Rebound More Likely?,"Bitcoin’s (BTC) recent price action suggests that institutional investors have yet to make a strong comeback, leaving the market in a consolidation phase. According to a report from Bitfinex, Bitcoin fell significantly from its all-time high of $109,590 on Jan. 20 to a low of $77,041 last week. This 29.7% drop marks the second deepest correction in the current bull market. Historically, bull markets tend to experience corrections of around 30% before resuming their rise, according to Bitfinex. However, this cycle has been characterized by shallower pullbacks, largely due to institutional adoption and demand from spot Bitcoin exchange-traded funds (ETFs). Despite this, short-term holders are currently facing net unrealized losses, adding to the sell-side pressure. Investors who bought Bitcoin in the past 7 to 30 days are particularly vulnerable to capitulation, which further exacerbates market weakness, analysts say. Related News: Outlook Changes in Altcoin Dominance Analysis Firm Draws Particular Attention to These 10 Altcoins A major concern highlighted in the report is the slowdown in fresh capital inflows. When new money enters the market lessens and cost basis trends shift, this is typically a sign of weakening demand. This is becoming more apparent as Bitcoin struggles to maintain key support levels. Without significant new buying activity, BTC could remain in a prolonged period of consolidation or face further declines as weaker holders exit their positions. Market analysts suggest that the return of long-term holders and institutional demand will be critical in determining Bitcoin’s next move. If deep-pocketed investors begin to absorb supply at these low levels, it could signal the start of an accumulation phase, potentially stabilizing prices and shifting market sentiment back into bullish territory. *This is not investment advice. Continue Reading: What to Expect in Bitcoin in the Coming Days? Is a Fall or a Rebound More Likely?",BTC|MARKET|TRADING|BUSINESS|ALTCOIN,Expect Bitcoin Coming Days Fall Rebound Likely,Bitcoin BTC recent price action suggests institutional investor yet make strong comeback leaving market consolidation phase According report Bitfinex Bitcoin fell significantly alltime high 109590 Jan 20 low 77041 last week 297 drop mark second deepest correction current bull market Historically bull market tend experience correction around 30 resuming rise according Bitfinex However cycle characterized shallower pullback largely due institutional adoption demand spot Bitcoin exchangetraded fund ETFs Despite shortterm holder currently facing net unrealized loss adding sellside pressure Investors bought Bitcoin past 7 30 day particularly vulnerable capitulation exacerbates market weakness analyst say Related News Outlook Changes Altcoin Dominance Analysis Firm Draws Particular Attention 10 Altcoins major concern highlighted report slowdown fresh capital inflow new money enters market lessens cost basis trend shift typically sign weakening demand becoming apparent Bitcoin struggle maintain key support level Without significant new buying activity BTC could remain prolonged period consolidation face decline weaker holder exit position Market analyst suggest return longterm holder institutional demand critical determining Bitcoin next move deeppocketed investor begin absorb supply low level could signal start accumulation phase potentially stabilizing price shifting market sentiment back bullish territory investment advice Continue Reading Expect Bitcoin Coming Days Fall Rebound Likely
2025-03-17 22:38:56,2025-03-17 22:38:56,41830199,Venezuelan Minister Remarks 25% of Trade Can Be Conducted Away From the US Dollar,Venezuelan Foreign Minister Yvan Gil stated that this new state of affairs in international trade was possible due to the push that Russia and the BRICS bloc exerted to bypass the U.S. dollar. Venezuelan Minister Yvan Gil: 25% of Trade Can Be Completed Away From the Dollar International trade markets have been evolving to open,FIAT|MARKET,Venezuelan Minister Remarks 25 Trade Conducted Away US Dollar,Venezuelan Foreign Minister Yvan Gil stated new state affair international trade possible due push Russia BRICS bloc exerted bypass US dollar Venezuelan Minister Yvan Gil 25 Trade Completed Away Dollar International trade market evolving open
2025-03-17 22:30:16,2025-03-17 22:30:16,41829907,"Intel’s Bold Move: Lip-Bu Tan Takes Helm, Plans Major Overhaul","The semiconductor world is buzzing as Intel Corporation welcomes back Lip-Bu Tan, not just as a board member, but as the Chief Executive Officer. This leadership change signals a potentially transformative era for the tech giant, hinting at significant strategic shifts in how Intel operates and innovates. For those tracking the intersection of tech and finance, particularly in the volatile cryptocurrency market, Intel’s moves are crucial indicators of broader industry trends and investment opportunities. Lip-Bu Tan Takes Charge as Intel CEO: A Bold Leadership Change After a brief exit from Intel’s board, Lip-Bu Tan’s return as Intel CEO is generating considerable excitement and speculation. His predecessor, Pat Gelsinger, and Tan reportedly had disagreements, leading to Tan’s departure in August 2024. However, just months later, Tan is back, ready to steer the ship. According to reports, Tan has already communicated to Intel employees about the necessity for “tough decisions” to revitalize the company. This statement alone suggests that significant restructuring and strategic realignments are on the horizon. Here’s what we know about Lip-Bu Tan and the context of his appointment: Background: Tan is a seasoned veteran in the tech industry, known for his strategic acumen and leadership. His return indicates a decisive move by Intel to inject fresh perspectives at the highest level. Urgency for Change: Intel has been facing challenges in recent years, struggling to maintain its dominance in the semiconductor market amidst fierce competition. A leadership overhaul is often a catalyst for significant strategic and operational changes. Immediate Action: Reports suggest Tan is wasting no time, immediately diving into critical areas like chip manufacturing and AI strategy, indicating a proactive approach to address Intel’s current standing. Revamping Intel’s Chip Manufacturing Strategy: A Critical Shift One of the most significant areas Tan is expected to address is chip manufacturing . Intel, once the undisputed leader in chip manufacturing, has faced setbacks and increased competition from rivals like TSMC and Samsung. Rethinking their manufacturing approach could involve several key considerations: Area of Focus Potential Changes Impact Manufacturing Processes Exploring advanced node technologies, improving yield rates, and possibly outsourcing certain manufacturing stages. Enhanced chip performance, reduced production costs, and faster time-to-market for new products. Supply Chain Resilience Diversifying supply chains, investing in domestic manufacturing capabilities, and securing key resources. Mitigation of geopolitical risks and supply disruptions, ensuring consistent chip production. Investment in R&D Increased spending on research and development for next-generation manufacturing technologies and materials. Long-term competitiveness and innovation leadership in the semiconductor industry. A strategic overhaul in chip manufacturing is not just about catching up with competitors; it’s about paving the way for future technological advancements and ensuring Intel’s relevance in an increasingly demanding market. Focus on AI Strategy: Intel’s New Direction Under Tan Artificial Intelligence is no longer a futuristic concept; it’s the present and future of technology. For Intel, a robust AI strategy is paramount. Tan’s reported focus on this area suggests a significant push to strengthen Intel’s position in the AI landscape. This could involve: Enhanced AI Chip Development: Investing in and accelerating the development of specialized chips optimized for AI workloads, competing with the likes of NVIDIA and AMD. Software and Ecosystem: Building a strong software ecosystem around Intel’s AI hardware, making it easier for developers to utilize Intel’s technology for AI applications. Strategic Partnerships: Forging collaborations with AI-focused companies and research institutions to drive innovation and expand Intel’s AI capabilities. AI Integration Across Products: Embedding AI capabilities across Intel’s product portfolio, from CPUs and GPUs to specialized AI accelerators, to cater to diverse market needs. A well-defined and aggressively pursued AI strategy is crucial for Intel to capitalize on the booming AI market and establish itself as a key player in this transformative technology domain. Tough Decisions Ahead for Intel CEO Lip-Bu Tan Tan’s mention of “tough decisions” is not just corporate jargon; it signals potential significant organizational changes. Cutting middle management is specifically cited as one area under consideration. This could be part of a broader effort to streamline operations, improve efficiency, and foster a more agile and responsive organizational structure. Such decisions, while potentially necessary for long-term health, are rarely easy and can have considerable impact on employees. Beyond middle management, other “tough decisions” could include: Divestitures: Selling off non-core business units to focus resources on key strategic areas like chip manufacturing and AI. Restructuring: Reorganizing internal teams and departments to align with the new strategic direction. Investment Prioritization: Making hard choices about where to allocate investments, potentially shifting resources from legacy businesses to emerging growth areas. For investors and industry watchers, these “tough decisions” are critical indicators of Intel’s commitment to change and its willingness to take bold steps to regain its competitive edge. The cryptocurrency and broader financial markets will be keenly observing how these changes unfold and their impact on Intel’s future performance. Lip-Bu Tan’s appointment as Intel CEO marks a pivotal moment for the company. His focus on revamping chip manufacturing and strengthening the AI strategy , coupled with the promise of significant organizational changes, suggests a determined effort to steer Intel towards a new era of growth and innovation. The coming months will be crucial in observing the execution of these plans and their impact on Intel and the wider tech landscape. This leadership change is not just about a new CEO; it’s about a potential transformation of a tech giant. To learn more about the latest AI trends, explore our article on key developments shaping AI features and institutional adoption.",MARKET|TECHNOLOGY|BUSINESS|RESEARCH,Intel Bold Move LipBu Tan Takes Helm Plans Major Overhaul,semiconductor world buzzing Intel Corporation welcome back LipBu Tan board member Chief Executive Officer leadership change signal potentially transformative era tech giant hinting significant strategic shift Intel operates innovates tracking intersection tech finance particularly volatile cryptocurrency market Intel move crucial indicator broader industry trend investment opportunity LipBu Tan Takes Charge Intel CEO Bold Leadership Change brief exit Intel board LipBu Tan return Intel CEO generating considerable excitement speculation predecessor Pat Gelsinger Tan reportedly disagreement leading Tan departure August 2024 However month later Tan back ready steer ship According report Tan already communicated Intel employee necessity tough decision revitalize company statement alone suggests significant restructuring strategic realignments horizon know LipBu Tan context appointment Background Tan seasoned veteran tech industry known strategic acumen leadership return indicates decisive move Intel inject fresh perspective highest level Urgency Change Intel facing challenge recent year struggling maintain dominance semiconductor market amidst fierce competition leadership overhaul often catalyst significant strategic operational change Immediate Action Reports suggest Tan wasting time immediately diving critical area like chip manufacturing AI strategy indicating proactive approach address Intel current standing Revamping Intel Chip Manufacturing Strategy Critical Shift One significant area Tan expected address chip manufacturing Intel undisputed leader chip manufacturing faced setback increased competition rival like TSMC Samsung Rethinking manufacturing approach could involve several key consideration Area Focus Potential Changes Impact Manufacturing Processes Exploring advanced node technology improving yield rate possibly outsourcing certain manufacturing stage Enhanced chip performance reduced production cost faster timetomarket new product Supply Chain Resilience Diversifying supply chain investing domestic manufacturing capability securing key resource Mitigation geopolitical risk supply disruption ensuring consistent chip production Investment R Increased spending research development nextgeneration manufacturing technology material Longterm competitiveness innovation leadership semiconductor industry strategic overhaul chip manufacturing catching competitor paving way future technological advancement ensuring Intel relevance increasingly demanding market Focus AI Strategy Intel New Direction Tan Artificial Intelligence longer futuristic concept present future technology Intel robust AI strategy paramount Tan reported focus area suggests significant push strengthen Intel position AI landscape could involve Enhanced AI Chip Development Investing accelerating development specialized chip optimized AI workload competing like NVIDIA AMD Software Ecosystem Building strong software ecosystem around Intel AI hardware making easier developer utilize Intel technology AI application Strategic Partnerships Forging collaboration AIfocused company research institution drive innovation expand Intel AI capability AI Integration Across Products Embedding AI capability across Intel product portfolio CPUs GPUs specialized AI accelerator cater diverse market need welldefined aggressively pursued AI strategy crucial Intel capitalize booming AI market establish key player transformative technology domain Tough Decisions Ahead Intel CEO LipBu Tan Tan mention tough decision corporate jargon signal potential significant organizational change Cutting middle management specifically cited one area consideration could part broader effort streamline operation improve efficiency foster agile responsive organizational structure decision potentially necessary longterm health rarely easy considerable impact employee Beyond middle management tough decision could include Divestitures Selling noncore business unit focus resource key strategic area like chip manufacturing AI Restructuring Reorganizing internal team department align new strategic direction Investment Prioritization Making hard choice allocate investment potentially shifting resource legacy business emerging growth area investor industry watcher tough decision critical indicator Intel commitment change willingness take bold step regain competitive edge cryptocurrency broader financial market keenly observing change unfold impact Intel future performance LipBu Tan appointment Intel CEO mark pivotal moment company focus revamping chip manufacturing strengthening AI strategy coupled promise significant organizational change suggests determined effort steer Intel towards new era growth innovation coming month crucial observing execution plan impact Intel wider tech landscape leadership change new CEO potential transformation tech giant learn latest AI trend explore article key development shaping AI feature institutional adoption
2025-03-17 22:30:03,2025-03-17 22:30:03,41829863,Bitcoin Resets With 14% Deleveraging—Here’s What Past Events Led To,"Data shows the Bitcoin futures market has seen a massive deleveraging event recently. Here’s what this reset could mean for BTC, based on past trends. Bitcoin Open Interest Has Gone Through A Crash Recently As pointed out by an analyst in a CryptoQuant Quicktake post, the BTC Open Interest has seen a retest recently. The “Open Interest” refers to an indicator that keeps track of the total amount of futures positions related to Bitcoin that are currently open on all derivatives exchanges. Related Reading: Is Bitcoin Peak In? This Data Suggests Otherwise, Analytics Firm Says When the value of this metric rises, it means the investors are opening up more positions on the market. Generally, the total leverage present in the sector goes up when this happens, so this kind of trend can lead to more volatility for the asset. On the other hand, the indicator going down implies the futures users are closing up positions or getting forcibly liquidated by their platform. As leverage decreases following such a trend, the market can act in a more stable manner. Now, here is the chart shared by the analyst, that shows the trend in the Bitcoin Open Interest, as well as its 90-day percentage change, over the last few years: As displayed in the above graph, the Bitcoin Open Interest shot up to a new all-time high (ATH) of $33.6 billion back in January. Interestingly, this peak in the indicator coincided with the ATH in the price itself. As mentioned before, a rise in the Open Interest can lead to volatility for the cryptocurrency. The reason behind this lies in the fact that a mass liquidation event, popularly known as a squeeze, can become more probable to occur when the market is overleveraged. In such an event, a sharp swing in the price triggers a large amount of simultaneous liquidations, which end up acting as fuel for the move itself, thus elongating its length. This unleashes a cascade of further liquidations. The volatility emerging out of an increase in the Open Interest can, in theory, take Bitcoin in either direction. During the earlier bull rally, the Open Interest increase was accompanied by bullish momentum. From the chart, it’s visible, however, that the indicator reached a turning point around the time of the aforementioned peak. As bearish momentum took over Bitcoin following the ATH, it was now the turn of the bulls to get liquidated. The massive long squeezes that the price legs down induced helped to further the price decline, explaining its sharpness. Related Reading: Dogecoin Can Still Go Parabolic If This Support Holds, Analyst Says Today, the Open Interest is down to just $23.1 billion, with the indicator’s 90-day change sitting at a notable low of -14%. In the chart, the quant has highlighted the previous deleveraging events where the metric plummeted in a similar manner. “Looking at historical trends, each past deleveraging like this has provided good opportunities for the short to medium term,” notes the analyst. It now remains to be seen whether this cooldown in the futures market will be enough for Bitcoin to see a rebound or not. BTC Price At the time of writing, Bitcoin is trading at around $83,500, up 1% in the last 24 hours. Featured image from Dall-E, CryptoQuant.com, chart from TradingView.com",BTC|TRADING|MARKET|BUSINESS|DOGE,Bitcoin Resets 14 DeleveragingHere Past Events Led,Data show Bitcoin future market seen massive deleveraging event recently reset could mean BTC based past trend Bitcoin Open Interest Gone Crash Recently pointed analyst CryptoQuant Quicktake post BTC Open Interest seen retest recently Open Interest refers indicator keep track total amount future position related Bitcoin currently open derivative exchange Related Reading Bitcoin Peak Data Suggests Otherwise Analytics Firm Says value metric rise mean investor opening position market Generally total leverage present sector go happens kind trend lead volatility asset hand indicator going implies future user closing position getting forcibly liquidated platform leverage decrease following trend market act stable manner chart shared analyst show trend Bitcoin Open Interest well 90day percentage change last year displayed graph Bitcoin Open Interest shot new alltime high ATH 336 billion back January Interestingly peak indicator coincided ATH price mentioned rise Open Interest lead volatility cryptocurrency reason behind lie fact mass liquidation event popularly known squeeze become probable occur market overleveraged event sharp swing price trigger large amount simultaneous liquidation end acting fuel move thus elongating length unleashes cascade liquidation volatility emerging increase Open Interest theory take Bitcoin either direction earlier bull rally Open Interest increase accompanied bullish momentum chart visible however indicator reached turning point around time aforementioned peak bearish momentum took Bitcoin following ATH turn bull get liquidated massive long squeeze price leg induced helped price decline explaining sharpness Related Reading Dogecoin Still Go Parabolic Support Holds Analyst Says Today Open Interest 231 billion indicator 90day change sitting notable low 14 chart quant highlighted previous deleveraging event metric plummeted similar manner Looking historical trend past deleveraging like provided good opportunity short medium term note analyst remains seen whether cooldown future market enough Bitcoin see rebound BTC Price time writing Bitcoin trading around 83500 1 last 24 hour Featured image DallE CryptoQuantcom chart TradingViewcom
2025-03-17 22:28:45,2025-03-17 22:28:45,41829838,Massive Dinosaur Announcement Sparks Hype for The Sandbox!,"The Sandbox has announced exciting developments in the metaverse. Investor enthusiasm remains low, with minimal price increase noticed. Continue Reading: Massive Dinosaur Announcement Sparks Hype for The Sandbox! The post Massive Dinosaur Announcement Sparks Hype for The Sandbox! appeared first on COINTURK NEWS .",BUSINESS|TRADING,Massive Dinosaur Announcement Sparks Hype Sandbox,Sandbox announced exciting development metaverse Investor enthusiasm remains low minimal price increase noticed Continue Reading Massive Dinosaur Announcement Sparks Hype Sandbox post Massive Dinosaur Announcement Sparks Hype Sandbox appeared first COINTURK NEWS
2025-03-17 22:23:47,2025-03-17 22:23:47,41829773,Ripple’s new trademark filing sparks speculation on crypto custody expansion,"San Francisco-based fintech company Ripple Labs has filed a trademark application for “Ripple Custody.” The revelation has led to speculations that the firm wants to launch a crypto wallet or custodial services. According to the application , the firm applied for the trademark on February 25. The accompanying statement explaining the term suggests that it will apply to downloaded software, financial services, peer-to-peer network computer services, and cloud software that can be used for the custody, storage, and transmission of cryptocurrencies and fiat currencies. One of the statement reads: “Financial services, namely, custodial services in the nature of maintaining storage and possession of cryptocurrency, fiat currency, virtual currency, and digital currency for financial management purposes.” These statements, which describe the potential application of the term, have led to speculation about what Ripple might be planning in the coming months. Most times, a trademark application such as this suggests that a company is finalizing its plans to unveil a product. In 2024, Ripple for trademarks for Ripple Payments, RLUSD, and Ripple USD, a few months before launching the RLUSD stablecoin. Meanwhile, the news of the application has attracted different reactions from the XRP community. Noah Christopher on X believes that Ripple is expanding into custody and payments to boost its adoption, while Faril speculates that the US might rely on Ripple to custody its crypto reserves. However, some users have noted that a Ripple Custody app already exists in the App Store. It is simply an authenticator app for institutional customers signing transactions using Metaco to custody their assets. Ripple bought the digital asset custody firm Metaco in 2023. The United States Patent and Trademark Office (USPTO) has already received and acknowledged the trademark application but has not assigned it to an examiner. The approval process for a trademark in the US only takes a few months unless it is contested. XRP remains in the green despite a turbulent year While there is no clarity yet on whether Ripple is planning a custody product or has already launched one, its XRP token remains in the only top ten cryptocurrencies by market cap with some gains year-to-date. Per CoinMarketCap data, the token is up more than 1% YTD after losing more than 10% of its value in the past 90 days. Although this might seem inconsequential, it represents a much better performance than Bitcoin, Ethereum, Solana, BNB, Cardano ADA, DOGE, and Tron TRX, all of which have been down between 14% and 46% since January 2025. XRP’s positive performance is due to various factors, including the expectation that the Securities and Exchange Commission (SEC) will soon drop the lawsuit against Ripple over the token’s status. With the regulator dropping crypto-related actions against Coinbase, Uniswap, and Robinhood, many believe that Ripple is next. XPR ETF for 2025 is at 75% Yes (Source: Polymarket) The market expectations are clearly evident in the Polymarket contract on whether the SEC will approve an XRP exchange-traded fund in 2025. Presently, there is a 75% chance of that approval, with a 5% increase in the last 24 hours alone, showing positive sentiment. Cryptopolitan Academy: Want to grow your money in 2025? Learn how to do it with DeFi in our upcoming webclass. Save Your Spot",XRP|MARKET|ADA|EXCHANGE|FIAT,Ripple new trademark filing spark speculation crypto custody expansion,San Franciscobased fintech company Ripple Labs filed trademark application Ripple Custody revelation led speculation firm want launch crypto wallet custodial service According application firm applied trademark February 25 accompanying statement explaining term suggests apply downloaded software financial service peertopeer network computer service cloud software used custody storage transmission cryptocurrencies fiat currency One statement read Financial service namely custodial service nature maintaining storage possession cryptocurrency fiat currency virtual currency digital currency financial management purpose statement describe potential application term led speculation Ripple might planning coming month time trademark application suggests company finalizing plan unveil product 2024 Ripple trademark Ripple Payments RLUSD Ripple USD month launching RLUSD stablecoin Meanwhile news application attracted different reaction XRP community Noah Christopher X belief Ripple expanding custody payment boost adoption Faril speculates US might rely Ripple custody crypto reserve However user noted Ripple Custody app already exists App Store simply authenticator app institutional customer signing transaction using Metaco custody asset Ripple bought digital asset custody firm Metaco 2023 United States Patent Trademark Office USPTO already received acknowledged trademark application assigned examiner approval process trademark US take month unless contested XRP remains green despite turbulent year clarity yet whether Ripple planning custody product already launched one XRP token remains top ten cryptocurrencies market cap gain yeartodate Per CoinMarketCap data token 1 YTD losing 10 value past 90 day Although might seem inconsequential represents much better performance Bitcoin Ethereum Solana BNB Cardano ADA DOGE Tron TRX 14 46 since January 2025 XRP positive performance due various factor including expectation Securities Exchange Commission SEC soon drop lawsuit Ripple token status regulator dropping cryptorelated action Coinbase Uniswap Robinhood many believe Ripple next XPR ETF 2025 75 Yes Source Polymarket market expectation clearly evident Polymarket contract whether SEC approve XRP exchangetraded fund 2025 Presently 75 chance approval 5 increase last 24 hour alone showing positive sentiment Cryptopolitan Academy Want grow money 2025 Learn DeFi upcoming webclass Save Spot
2025-03-17 22:22:24,2025-03-17 22:22:24,41829707,Arbitrum Ecosystem Unveils 'Onchain Labs' to Support Early-Stage Projects,"The main organizations supporting the Arbitrum blockchain, Offchain Labs and the Arbitrum Foundation, unveiled a new program designed to kick-start early-stage projects in the ecosystem. The new program, ""Onchain Labs,"" is designed to provide go-to-market support to ""experimental and volatile"" projects, according to a blog post from Offchain Labs, Arbitrum's main developer. “Through Onchain Labs, we’re dedicating resources to support developers looking to rapidly expand the application layer by ideating with them from the ground floor to bring the best user experiences to Arbitrum,” the blog post said. “As we do with many Arbitrum teams, we’ll provide product and [go-to-market] support to these early-stage projects, collaborating closely to help their applications thrive on Arbitrum.” Arbitrum Foundation is a non-profit that stewards Arbitrum ecosystem governance. Offchain Labs, which created the blockchain in 2021, focuses on developer tooling and core network infrastructure. Offchain Labs is pitching its new initiative as a way to spur greater activity and interest in the wider Arbitrum ecosystem. According to the blog post from the company, the first Onchain Labs projects will soon emerge from stealth. Offchain Labs said the only projects supported by its new program will be those that explicitly ""commit to fair and equitable launches"" — presumably meaning they avoid token launches and other mechanics that preference insiders. Offchain Labs stated in its blog post that the selection criteria are meant to avoid ""extractive ecosystems"" and ""zero-sum games."" Tandem, Offchain Labs' venture capital arm, ""may or may not purchase associated tokens in public markets,"" the company added. Arbitrum is a layer-2 optimistic rollup network on Ethereum. Like other rollups, the chain is designed to process transactions faster and more cheaply than the main Ethereum blockchain. Several new blockchains are built on Arbitrum's technical framework, forming a network of interconnected blockchains called Arbitrum 'Orbit.' Arbitrum is currently the largest layer-2 network on Ethereum, with roughly $12.2 billion on its primary 'Arbitrum One' chain, according to L2beat . Read more: Arbitrum Deepens Ties with South Korea's Lotte Group",ARB|BLOCKCHAIN|ETH|ASIA|MARKET,Arbitrum Ecosystem Unveils Onchain Labs Support EarlyStage Projects,main organization supporting Arbitrum blockchain Offchain Labs Arbitrum Foundation unveiled new program designed kickstart earlystage project ecosystem new program Onchain Labs designed provide gotomarket support experimental volatile project according blog post Offchain Labs Arbitrum s main developer Onchain Labs dedicating resource support developer looking rapidly expand application layer ideating ground floor bring best user experience Arbitrum blog post said many Arbitrum team provide product gotomarket support earlystage project collaborating closely help application thrive Arbitrum Arbitrum Foundation nonprofit steward Arbitrum ecosystem governance Offchain Labs created blockchain 2021 focus developer tooling core network infrastructure Offchain Labs pitching new initiative way spur greater activity interest wider Arbitrum ecosystem According blog post company first Onchain Labs project soon emerge stealth Offchain Labs said project supported new program explicitly commit fair equitable launch presumably meaning avoid token launch mechanic preference insider Offchain Labs stated blog post selection criterion meant avoid extractive ecosystem zerosum game Tandem Offchain Labs venture capital arm may may purchase associated token public market company added Arbitrum layer2 optimistic rollup network Ethereum Like rollups chain designed process transaction faster cheaply main Ethereum blockchain Several new blockchains built Arbitrum s technical framework forming network interconnected blockchains called Arbitrum Orbit Arbitrum currently largest layer2 network Ethereum roughly 122 billion primary Arbitrum One chain according L2beat Read Arbitrum Deepens Ties South Korea s Lotte Group
2025-03-17 22:20:12,2025-03-17 22:20:12,41829772,Canary Capital adds SUI ETF to its pile of SEC altcoin applications,"Canary Capital filed an S-1 registration form with the United States Securities and Exchange Commission (SEC) as part of its application to issue an SUI exchange-traded fund (ETF). Canary is a frequent crypto ETF applicant. This would reportedly be the first SUI ETF in the United States. The Canary SUI ETF would be structured as a trust. Canary stated that it intended to stake some of its SUI through providers that will enable the trust to establish validator nodes. Staking leads to possible taxation in connection with staking rewards. Investors can get SUI in different ways SUI is the native token of the Sui network, a layer-1 blockchain that was developed by Mysten Labs. According to the S-1, its transaction speed and scalability make it suitable for gaming and high-frequency trading. Canary telegraphed its intentions to create the ETF when it registered a Canary SUI ETF statutory trust in Delaware on March 6. Before an ETF can be launched, the exchange that will host it has to file form 19b-4 with the SEC. That form requests changes in the rules for the exchange that would allow the new ETF to be listed. Canary did not specify an exchange in its S-1. Although this is the first suggestion of a SUI ETF in the United States, exchange-traded product issuer Valour has a SUI product on Sweden’s Spotlight Stock Market denominated in Swedish kronor. In addition, Switzerland-based 21Shares offers a SUI staking ETP. VanEck offers a SUI exchange-traded note (ETN). An ETN also tracks an asset but, unlike an ETF, the issuer does not own any of the assets. Sui and Franklin Templeton announced a “strategic partnership” in November, although it was not clear what the goals of that partnership were. Grayscale has a SUI exchange-traded note (ETN) The ETN tracks the price of SUI but is a closed fund, whereas an ETF is open-ended. On March 6, World Liberty Financial, the decentralized finance protocol linked to the family of U.S. President Donald Trump, announced that it would include SUI in its strategic reserves and it explore product development opportunities with Sui. Canary Capital has big altcoin ambitions The SUI ETF is not the only first Nashville-based Canary has stocked up. In December, it was the first to apply for an LTC (Litecoin) ETF. Canary Capital has filed with the SEC for several crypto ETFs, including Hedera , Solana , and XRP . Canary also runs a digital asset fund that invests in digital assets and crypto equity funds whose prices have fallen below their net asset value. Altcoin ETFs may become more common. For example, Grayscale has applied for Litecoin, Solana, XRP, and Dogecoin ETFs, while 21Shares is also looking into Solana, XRP, and Polkadot ETFs. Hashdex applied to the SEC to expand its Hashdex Nasdaq Crypto Index US ETF to include Solana, XRP, Cardano, Chainlink, Avalanche, Litecoin and Uniswap in addition to Bitcoin and Ethereum. Cryptopolitan Academy: Want to grow your money in 2025? Learn how to do it with DeFi in our upcoming webclass. Save Your Spot",SUI|REGULATION|ALTCOIN|EXCHANGE|SOL|MARKET,Canary Capital add SUI ETF pile SEC altcoin application,Canary Capital filed S1 registration form United States Securities Exchange Commission SEC part application issue SUI exchangetraded fund ETF Canary frequent crypto ETF applicant would reportedly first SUI ETF United States Canary SUI ETF would structured trust Canary stated intended stake SUI provider enable trust establish validator node Staking lead possible taxation connection staking reward Investors get SUI different way SUI native token Sui network layer1 blockchain developed Mysten Labs According S1 transaction speed scalability make suitable gaming highfrequency trading Canary telegraphed intention create ETF registered Canary SUI ETF statutory trust Delaware March 6 ETF launched exchange host file form 19b4 SEC form request change rule exchange would allow new ETF listed Canary specify exchange S1 Although first suggestion SUI ETF United States exchangetraded product issuer Valour SUI product Sweden Spotlight Stock Market denominated Swedish kronor addition Switzerlandbased 21Shares offer SUI staking ETP VanEck offer SUI exchangetraded note ETN ETN also track asset unlike ETF issuer asset Sui Franklin Templeton announced strategic partnership November although clear goal partnership Grayscale SUI exchangetraded note ETN ETN track price SUI closed fund whereas ETF openended March 6 World Liberty Financial decentralized finance protocol linked family US President Donald Trump announced would include SUI strategic reserve explore product development opportunity Sui Canary Capital big altcoin ambition SUI ETF first Nashvillebased Canary stocked December first apply LTC Litecoin ETF Canary Capital filed SEC several crypto ETFs including Hedera Solana XRP Canary also run digital asset fund invests digital asset crypto equity fund whose price fallen net asset value Altcoin ETFs may become common example Grayscale applied Litecoin Solana XRP Dogecoin ETFs 21Shares also looking Solana XRP Polkadot ETFs Hashdex applied SEC expand Hashdex Nasdaq Crypto Index US ETF include Solana XRP Cardano Chainlink Avalanche Litecoin Uniswap addition Bitcoin Ethereum Cryptopolitan Academy Want grow money 2025 Learn DeFi upcoming webclass Save Spot
2025-03-17 22:17:43,2025-03-17 22:17:43,41829494,"Shocking Gemini AI Secret: Uncovers Powerful Watermark Removal, Sparks Copyright Fears","Hold onto your hats, crypto enthusiasts! The world of AI just took a surprising turn, and it’s got some serious implications for digital content and, by extension, the world of NFTs and digital ownership we’re so passionate about. Google’s brand-new AI model , Gemini 2.0 Flash, just unlocked a skill that’s turning heads and raising eyebrows in equal measure: effortless watermark removal from images. Is this a game-changer for content creation, or a Pandora’s Box for copyright infringement ? Let’s dive into this fascinating, and potentially disruptive, development. The Gemini AI Watermark Removal Revolution: What’s Happening? Social media is buzzing with reports of users leveraging Google’s latest AI model to perform what was once a tedious and often imperfect task: removing watermarks from images. Imagine taking a stock photo, riddled with a Getty Images watermark, and with a few simple prompts, poof! Watermark gone, seemingly like magic. This isn’t just about tidying up photos; it’s a potential seismic shift in how we perceive digital ownership and copyright in the age of AI. Here’s the lowdown: Gemini 2.0 Flash Unleashed: Google recently broadened access to its Gemini 2.0 Flash AI model , boasting native image generation and editing capabilities. This is powerful tech in anyone’s book. The Watermark Wizard: Users quickly discovered Gemini’s uncanny ability to not just remove watermarks, but also intelligently fill in the gaps left behind, making the edits nearly seamless. Social Media Buzz: Platforms like X and Reddit are flooded with examples showcasing Gemini’s watermark-banishing prowess. The ease and effectiveness are genuinely impressive. New skill unlocked: Gemini 2 Flash model is really awesome at removing watermarks in images! pic.twitter.com/6QIk0FlfCv — Deedy (@deedydas) March 15, 2025 Gemini 2.0 Flash, available in Google’s AI studio, is amazing at editing images with simple text prompts. It also can remove watermarks from images (and puts its own subtle watermark in instead ) pic.twitter.com/ZnHTQJsT1Z — Tanay Jaipuria (@tanayj) March 16, 2025 Is This the End of Watermarks? Exploring the Implications of AI-Powered Image Editing While the tech is undeniably cool, the implications of AI’s newfound ability for image editing , specifically watermark removal , are far-reaching and complex. Let’s consider some key points: Copyright Concerns Soar: The most immediate concern is, of course, copyright infringement . Removing watermarks is essentially stripping away the visual declaration of ownership. Imagine the impact on stock photo agencies and artists who rely on watermarks to protect their work and revenue. Ethical Gray Areas: While some AI models like Claude 3.7 Sonnet and GPT-4o actively refuse to remove watermarks citing ethical and legal reasons, Gemini 2.0 Flash seemingly has no such qualms. This raises questions about the ethical guidelines and responsibilities of AI developers. Not Foolproof, Yet: It’s crucial to note that Gemini isn’t perfect. It struggles with semi-transparent watermarks or those covering large image areas. However, the technology is still in its early stages and rapidly evolving. Google’s Stance: Google has acknowledged the issue, stating that using Gemini for copyright infringement violates their terms of service. They label the feature as “experimental” and “not for production use,” and claim to be monitoring feedback. However, the ease of access and lack of built-in restrictions are still worrying. The Legal Landscape: Watermark Removal and Copyright Infringement Legally speaking, removing a watermark without the copyright holder’s permission is generally considered illegal under US copyright law, except in very specific circumstances. Think about it – watermarks are a form of digital signature, and tampering with them can have serious legal ramifications. For the crypto and NFT space, where digital provenance and ownership are paramount, this development adds another layer of complexity. Consider this table to understand the contrasting approaches: AI Model Watermark Removal Capability Ethical/Legal Stance Gemini 2.0 Flash Yes, highly effective Potentially problematic, terms of service violation for copyright infringement Claude 3.7 Sonnet No Explicitly refuses, deems it unethical and potentially illegal GPT-4o No Explicitly refuses, aligns with ethical and legal considerations Actionable Insights: Navigating the New Era of AI Image Editing So, what does this mean for you? Here are some key takeaways and actionable insights: Be Aware, Not Alarmed: While the watermark removal capability is powerful, it’s still experimental. Don’t panic, but stay informed. Respect Copyright: Just because the technology exists doesn’t make copyright infringement okay. Always respect creators’ rights and seek proper permissions for image use. For Creators: Consider robust watermarking strategies, but also explore blockchain-based solutions for digital ownership verification, which are increasingly relevant in the NFT and crypto space. For Developers: The responsibility is on AI developers to implement ethical guardrails and usage restrictions to prevent misuse of powerful image editing tools like Gemini. Conclusion: A Powerful Tool with a Shadow of Doubt Google’s Gemini 2.0 Flash AI model ‘s ability to perform seamless watermark removal is undeniably impressive. It showcases the rapid advancements in AI and image editing . However, this “amazing” capability comes with a significant shadow of doubt regarding copyright infringement and ethical usage. As the technology evolves, it’s crucial for developers, users, and legal frameworks to adapt to ensure responsible innovation and protect the rights of content creators in this brave new world of AI-powered tools. To learn more about the latest AI trends, explore our article on key developments shaping AI features.",REGULATION|BUSINESS|TECHNOLOGY,Shocking Gemini AI Secret Uncovers Powerful Watermark Removal Sparks Copyright Fears,Hold onto hat crypto enthusiast world AI took surprising turn got serious implication digital content extension world NFTs digital ownership passionate Google brandnew AI model Gemini 20 Flash unlocked skill turning head raising eyebrow equal measure effortless watermark removal image gamechanger content creation Pandora Box copyright infringement Let dive fascinating potentially disruptive development Gemini AI Watermark Removal Revolution Happening Social medium buzzing report user leveraging Google latest AI model perform tedious often imperfect task removing watermark image Imagine taking stock photo riddled Getty Images watermark simple prompt poof Watermark gone seemingly like magic tidying photo potential seismic shift perceive digital ownership copyright age AI lowdown Gemini 20 Flash Unleashed Google recently broadened access Gemini 20 Flash AI model boasting native image generation editing capability powerful tech anyone book Watermark Wizard Users quickly discovered Gemini uncanny ability remove watermark also intelligently fill gap left behind making edits nearly seamless Social Media Buzz Platforms like X Reddit flooded example showcasing Gemini watermarkbanishing prowess ease effectiveness genuinely impressive New skill unlocked Gemini 2 Flash model really awesome removing watermark image pictwittercom6QIk0FlfCv Deedy March 15 2025 Gemini 20 Flash available Google AI studio amazing editing image simple text prompt also remove watermark image put subtle watermark instead pictwittercomZnHTQJsT1Z Tanay Jaipuria March 16 2025 End Watermarks Exploring Implications AIPowered Image Editing tech undeniably cool implication AI newfound ability image editing specifically watermark removal farreaching complex Let consider key point Copyright Concerns Soar immediate concern course copyright infringement Removing watermark essentially stripping away visual declaration ownership Imagine impact stock photo agency artist rely watermark protect work revenue Ethical Gray Areas AI model like Claude 37 Sonnet GPT4o actively refuse remove watermark citing ethical legal reason Gemini 20 Flash seemingly qualm raise question ethical guideline responsibility AI developer Foolproof Yet crucial note Gemini perfect struggle semitransparent watermark covering large image area However technology still early stage rapidly evolving Google Stance Google acknowledged issue stating using Gemini copyright infringement violates term service label feature experimental production use claim monitoring feedback However ease access lack builtin restriction still worrying Legal Landscape Watermark Removal Copyright Infringement Legally speaking removing watermark without copyright holder permission generally considered illegal US copyright law except specific circumstance Think watermark form digital signature tampering serious legal ramification crypto NFT space digital provenance ownership paramount development add another layer complexity Consider table understand contrasting approach AI Model Watermark Removal Capability EthicalLegal Stance Gemini 20 Flash Yes highly effective Potentially problematic term service violation copyright infringement Claude 37 Sonnet Explicitly refuse deems unethical potentially illegal GPT4o Explicitly refuse aligns ethical legal consideration Actionable Insights Navigating New Era AI Image Editing mean key takeaway actionable insight Aware Alarmed watermark removal capability powerful still experimental panic stay informed Respect Copyright technology exists make copyright infringement okay Always respect creator right seek proper permission image use Creators Consider robust watermarking strategy also explore blockchainbased solution digital ownership verification increasingly relevant NFT crypto space Developers responsibility AI developer implement ethical guardrail usage restriction prevent misuse powerful image editing tool like Gemini Conclusion Powerful Tool Shadow Doubt Google Gemini 20 Flash AI model ability perform seamless watermark removal undeniably impressive showcase rapid advancement AI image editing However amazing capability come significant shadow doubt regarding copyright infringement ethical usage technology evolves crucial developer user legal framework adapt ensure responsible innovation protect right content creator brave new world AIpowered tool learn latest AI trend explore article key development shaping AI feature
2025-03-17 22:15:58,2025-03-17 22:15:58,41830632,Malaysian Authorities Issue Warning as Crypto Scams Soar,"Crypto scams are becoming rampant in Malaysia, as fraudsters impersonate well-known individuals and financial banks. Sadly, mostly older adults in the country are falling for the tricks. Authorities have alerted the public to be very careful, as these scammers use advanced technology to steal millions from unsuspecting individuals. Older Malaysian Investors Are the Biggest Targets Older investors, also known as older citizens in Malaysia, are now prime targets in crypto scams. Scammers deceive these older citizens, as many do not understand crypto investments well. They promise quick and easy profits, convincing victims to buy expensive coins that do not exist. Once the money is sent, it disappears. In a recent case, a 74-year-old man lost tens of millions of ringgit after buying fake cryptocurrency. Authorities warned that many of these crypto assets are fake and advised traders to research before investing in any digital assets. Scammers also create fake websites and investment platforms that look real, making it hard for victims to notice any fraudulent act until it is too late. Officials urged investors to verify the legitimacy of any project before making financial decisions. Crypto Scams Featuring AI Tools and Fake Calls Crypto scams is not the only financial crime rising in Malaysia. Phone scams are also a big problem. Scammers pretend to be bank workers, police officers, or government officials. They trick people into sending them money. Many scams start with a fake courier call. The scammer connects the victim to a fake police officer, bank official, or audit expert in the same call. Officials warned that real government agencies do not operate this way. Fraudsters also use advanced technology, such as artificial intelligence (AI) and deep-fake tools, to make their schemes more believable . Experts worry these tricks will only become more sophisticated over time. Nevertheless, Malaysian authorities are taking steps ahead in fighting cybercrime and protecting digital services. Last year, they arrested thousands of suspected individuals linked to scam syndicates, marking a major effort in the fight against financial fraud. They also use AI and blockchain to detect and flag suspicious activity on digital platforms before traders and investors lose money. The Rise of Illegal Bitcoin Mining in Malaysia Malaysia is facing more cases of illegal Bitcoin mining. Reportedly, some miners steal electricity to power their mining machines, causing big losses for the country’s power grid. Officials have found many mining farms using stolen electricity. These illegal operations strain the country’s energy supply and create concerns about cybersecurity risks. The post Malaysian Authorities Issue Warning as Crypto Scams Soar appeared first on TheCoinrise.com .",BUSINESS|MINING|BTC|FIAT|TECHNOLOGY,Malaysian Authorities Issue Warning Crypto Scams Soar,Crypto scam becoming rampant Malaysia fraudsters impersonate wellknown individual financial bank Sadly mostly older adult country falling trick Authorities alerted public careful scammer use advanced technology steal million unsuspecting individual Older Malaysian Investors Biggest Targets Older investor also known older citizen Malaysia prime target crypto scam Scammers deceive older citizen many understand crypto investment well promise quick easy profit convincing victim buy expensive coin exist money sent disappears recent case 74yearold man lost ten million ringgit buying fake cryptocurrency Authorities warned many crypto asset fake advised trader research investing digital asset Scammers also create fake website investment platform look real making hard victim notice fraudulent act late Officials urged investor verify legitimacy project making financial decision Crypto Scams Featuring AI Tools Fake Calls Crypto scam financial crime rising Malaysia Phone scam also big problem Scammers pretend bank worker police officer government official trick people sending money Many scam start fake courier call scammer connects victim fake police officer bank official audit expert call Officials warned real government agency operate way Fraudsters also use advanced technology artificial intelligence AI deepfake tool make scheme believable Experts worry trick become sophisticated time Nevertheless Malaysian authority taking step ahead fighting cybercrime protecting digital service Last year arrested thousand suspected individual linked scam syndicate marking major effort fight financial fraud also use AI blockchain detect flag suspicious activity digital platform trader investor lose money Rise Illegal Bitcoin Mining Malaysia Malaysia facing case illegal Bitcoin mining Reportedly miner steal electricity power mining machine causing big loss country power grid Officials found many mining farm using stolen electricity illegal operation strain country energy supply create concern cybersecurity risk post Malaysian Authorities Issue Warning Crypto Scams Soar appeared first TheCoinrisecom
2025-03-17 22:15:51,2025-03-17 22:15:51,41830631,"Jump on the Bandwagon! Arctic Pablo’s 10,027.85% ROI at Nippy Nook—Top New Meme Coin to Invest in March 2025 As AI Companions and BOME Heat Up","What if a single investment could turn pocket change into a fortune? With meme coins shaking up the crypto world, the right pick could yield massive rewards. Recently, two standout projects, AI Companions and Book of Meme, have made headlines with impressive price movements. But today, all eyes are on Arctic Pablo Coin (APC) —a meme coin powerhouse that’s taking over with a presale opportunity too good to ignore. With an insane staking reward and a presale event generating massive traction, Arctic Pablo Coin is quickly climbing the ranks. This article will cover the latest developments of Arctic Pablo Coin, AI Companions, and Book of Meme. Earn While You Hold: Arctic Pablo Coin Offers 66% APY During Presale Meme coins often rely on hype, but Arctic Pablo Coin brings more than just excitement—it delivers serious earning potential. One of its most attractive features is its 66% APY staking reward during the presale, making it an enticing choice for both long-term holders and active traders. Staking APC tokens during the presale isn’t just about securing holdings—it’s about multiplying them. With a whopping 66% APY, investors can watch their tokens grow passively while the project gains momentum. Unlike many meme coins that rely solely on speculation, Arctic Pablo Coin ensures continuous engagement through its staking rewards. The combination of humor, strong tokenomics, and community-driven growth is making APC a prime pick in the top new meme coins to invest in March 2025. Arctic Pablo Coin Presale Hits Nippy Nook: Early Investors Eye 10,027.85% ROI as Launch Nears The Meme Coin presale has officially reached Nippy Nook, its 15th phase, and the numbers are staggering. Right now, 1 APC is priced at just $0.000079, and the project has already raised over $1.92 million. But here’s the game-changer: at launch, APC is expected to hit $0.008—a jaw-dropping 10,027.85% ROI for early investors. To put it into perspective, a $1,000 investment today would secure 12,656,860 APC tokens, which will skyrocket in value to an estimated $101,254.88 upon launch. As Arctic Pablo Coin moves beyond Nippy Nook, the price will only climb higher, making this the best moment to enter before the next price surge. Investors who recognize the potential of APC are securing their spots before this meme coin phenomenon explodes. AI Companions: A Strong Player in the AI Crypto Space AI Companions continues to make its mark in the crypto space, trading at $0.2198 with a solid 24-hour trading volume of $3.89 million. As artificial intelligence-driven projects gain mainstream traction, AI Companions is catching the attention of investors seeking reliable long-term investments. The growing role of AI in reshaping industries makes AI Companions a noteworthy name in the digital asset world. With its strong market presence and promising potential, AI Companions stands as a strong contender in the ever-evolving crypto landscape, appealing to both investors and tech enthusiasts alike. Book of Meme Surges With High Trading Volume Book of Meme is making waves in the meme coin market, with a price of $0.001413 and an impressive 24-hour trading volume of $51,844,772.14. This surge in trading activity highlights the growing interest from the crypto community and signals that Book of Meme is gaining momentum. As meme-based cryptocurrencies continue to captivate investors and digital culture enthusiasts alike, Book of Meme is emerging as a strong contender in the space. With its active trading scene and loyal following, it’s becoming increasingly clear that Book of Meme is one to watch closely in 2025. Final Words: Arctic Pablo Coin Leads the Charge Meme coins are no longer just internet jokes; they’re serious investment opportunities with astronomical potential. AI Companions and Book of Meme have proven their strength, but Arctic Pablo Coin is leading the charge with its presale momentum. With an incredible 66% APY staking reward, a presale price of $0.000079, and an anticipated launch price of $0.008, APC is creating massive waves. Investors looking for the top new meme coins to invest in March 2025 should act now before Arctic Pablo Coin moves past Nippy Nook. This isn’t just another meme coin—it’s a movement, and those who get in early could see life-changing gains. For More Information: Arctic Pablo Coin: https://www.arcticpablo.com/ Telegram: https://t.me/ArcticPabloOfficial Twitter: https://x.com/arcticpabloHQ Frequently Asked Questions 1. What is Arctic Pablo Coin (APC)? Arctic Pablo Coin is a new meme coin with strong tokenomics, offering 66% APY staking rewards and a promising presale currently in the 15th phase at Nippy Nook. 2. How much is Arctic Pablo Coin currently priced at? As of now, Arctic Pablo Coin is priced at $0.000079, with an anticipated launch price of $0.008, offering a potential 10,027.85% ROI. 3. How does Arctic Pablo Coin staking work? During the presale, investors can stake their APC tokens and earn 66% APY, making it a lucrative opportunity to grow holdings before the official launch. 4. How much has Arctic Pablo Coin raised so far? The Arctic Pablo Coin presale has already raised over $1.92 million, showcasing strong investor confidence and growing community backing. 5. Why is Arctic Pablo Coin considered a top new meme coin to invest in March 2025? With an attractive staking reward, strategic presale pricing, and a solid roadmap, Arctic Pablo Coin is gaining traction as one of the top new meme coins to invest in March 2025. The post Jump on the Bandwagon! Arctic Pablo’s 10,027.85% ROI at Nippy Nook—Top New Meme Coin to Invest in March 2025 As AI Companions and BOME Heat Up appeared first on TheCoinrise.com .",TRADING|BUSINESS|BOME|MINING|MARKET,Jump Bandwagon Arctic Pablo 1002785 ROI Nippy NookTop New Meme Coin Invest March 2025 AI Companions BOME Heat,single investment could turn pocket change fortune meme coin shaking crypto world right pick could yield massive reward Recently two standout project AI Companions Book Meme made headline impressive price movement today eye Arctic Pablo Coin APC a meme coin powerhouse taking presale opportunity good ignore insane staking reward presale event generating massive traction Arctic Pablo Coin quickly climbing rank article cover latest development Arctic Pablo Coin AI Companions Book Meme Earn Hold Arctic Pablo Coin Offers 66 APY Presale Meme coin often rely hype Arctic Pablo Coin brings excitementit delivers serious earning potential One attractive feature 66 APY staking reward presale making enticing choice longterm holder active trader Staking APC token presale securing holdingsit multiplying whopping 66 APY investor watch token grow passively project gain momentum Unlike many meme coin rely solely speculation Arctic Pablo Coin ensures continuous engagement staking reward combination humor strong tokenomics communitydriven growth making APC prime pick top new meme coin invest March 2025 Arctic Pablo Coin Presale Hits Nippy Nook Early Investors Eye 1002785 ROI Launch Nears Meme Coin presale officially reached Nippy Nook 15th phase number staggering Right 1 APC priced 0000079 project already raised 192 million gamechanger launch APC expected hit 0008a jawdropping 1002785 ROI early investor put perspective 1000 investment today would secure 12656860 APC token skyrocket value estimated 10125488 upon launch Arctic Pablo Coin move beyond Nippy Nook price climb higher making best moment enter next price surge Investors recognize potential APC securing spot meme coin phenomenon explodes AI Companions Strong Player AI Crypto Space AI Companions continues make mark crypto space trading 02198 solid 24hour trading volume 389 million artificial intelligencedriven project gain mainstream traction AI Companions catching attention investor seeking reliable longterm investment growing role AI reshaping industry make AI Companions noteworthy name digital asset world strong market presence promising potential AI Companions stand strong contender everevolving crypto landscape appealing investor tech enthusiast alike Book Meme Surges High Trading Volume Book Meme making wave meme coin market price 0001413 impressive 24hour trading volume 5184477214 surge trading activity highlight growing interest crypto community signal Book Meme gaining momentum memebased cryptocurrencies continue captivate investor digital culture enthusiast alike Book Meme emerging strong contender space active trading scene loyal following becoming increasingly clear Book Meme one watch closely 2025 Final Words Arctic Pablo Coin Leads Charge Meme coin longer internet joke serious investment opportunity astronomical potential AI Companions Book Meme proven strength Arctic Pablo Coin leading charge presale momentum incredible 66 APY staking reward presale price 0000079 anticipated launch price 0008 APC creating massive wave Investors looking top new meme coin invest March 2025 act Arctic Pablo Coin move past Nippy Nook another meme coinit movement get early could see lifechanging gain Information Arctic Pablo Coin Telegram Twitter Frequently Asked Questions 1 Arctic Pablo Coin APC Arctic Pablo Coin new meme coin strong tokenomics offering 66 APY staking reward promising presale currently 15th phase Nippy Nook 2 much Arctic Pablo Coin currently priced Arctic Pablo Coin priced 0000079 anticipated launch price 0008 offering potential 1002785 ROI 3 Arctic Pablo Coin staking work presale investor stake APC token earn 66 APY making lucrative opportunity grow holding official launch 4 much Arctic Pablo Coin raised far Arctic Pablo Coin presale already raised 192 million showcasing strong investor confidence growing community backing 5 Arctic Pablo Coin considered top new meme coin invest March 2025 attractive staking reward strategic presale pricing solid roadmap Arctic Pablo Coin gaining traction one top new meme coin invest March 2025 post Jump Bandwagon Arctic Pablo 1002785 ROI Nippy NookTop New Meme Coin Invest March 2025 AI Companions BOME Heat appeared first TheCoinrisecom
2025-03-17 22:15:02,2025-03-17 22:15:02,41829383,"Trump, Associates Net $390 Million Payday From World Liberty Token Sale","The DeFi project announced Monday it closed a $550 million sale of WLFI, its governance token. After expenses, 75% of that goes to Trump and his partners.",TOKEN SALE|BUSINESS,Trump Associates Net 390 Million Payday World Liberty Token Sale,DeFi project announced Monday closed 550 million sale WLFI governance token expense 75 go Trump partner
2025-03-17 22:14:37,2025-03-17 22:14:37,41829478,"Michael Saylor’s Strategy Makes Smallest-Ever Bitcoin Buy, Adding $10.7 Million Worth","Michael Saylor’s Strategy (formerly MicroStrategy) unveiled a $10.7 billion Bitcoin purchase Monday, lifting its total holdings to nearly 500,000 BTC as the company resumed Bitcoin acquisitions after a two-week hiatus. It’s the smallest Bitcoin purchase in Strategy history, both in terms of BTC total and US dollar value. Strategy Snaps Up Additional 130 BTC According to a March 17 8-K filing with the U.S. Securities and Exchange Commission, Strategy purchased 130 Bitcoin for approximately $10.7 million at an average price of $82,981 per coin between March 10 and March 16. Strategy has acquired 130 BTC for ~$10.7M at ~$82,981 per bitcoin and has achieved BTC Yield of 6.9% YTD 2025. As of 3/16/2025, we hodl 499,226 $BTC acquired for ~$33.1 billion at ~$66,360 per bitcoin. $MSTR $STRK https://t.co/8xRmR8vlIt — Michael Saylor (@saylor) March 17, 2025 The recent purchase represented Strategy’s smallest Bitcoin acquisition since the Tysons Corner, Virginia-based firm started accumulating Bitcoin in August 2020 under the leadership of Executive Chairman Michael Saylor. Since that time, the business intelligence firm has remodeled itself into a Bitcoin development company and pioneered the crypto treasury reserve asset model that other publicly traded companies have emulated. Strategy’s Massive $41 Billion Bitcoin Gamble While the latest buy is Strategy’s smallest, the company had its largest acquisition of 2025 on Feb. 24, scooping up 20,365 BTC for $1.9 billion, as ZyCrypto reported . Strategy announced earlier this month that it may soon sell $21 billion of its STRK preferred stock to acquire more Bitcoin. The announcement dovetailed the company’s plans in October to raise $42 billion through equity and fixed income sales in the next three years for additional buying power. Strategy now holds a whopping 499,226 BTC, valued at over $41 billion — making it the largest corporate treasury reserve holder of the apex crypto. For perspective, the company owns nearly 2.4% of Bitcoin’s total supply. However, that mark is considerably below Saylor’s recent suggestion that the United States should acquire 25% of the supply, adding that the massive Bitcoin reserve could generate between $16 trillion and $18 trillion in wealth for the U.S., thus helping eliminate the entire national debt. Regardless of whether or not the US purchases Bitcoin, Saylor stressed that he has no plans of halting BTC purchases, previously suggesting he would be “ buying the top forever ”.",BTC|FIAT|BUSINESS|REGULATION|STRK,Michael Saylor Strategy Makes SmallestEver Bitcoin Buy Adding 107 Million Worth,Michael Saylor Strategy formerly MicroStrategy unveiled 107 billion Bitcoin purchase Monday lifting total holding nearly 500000 BTC company resumed Bitcoin acquisition twoweek hiatus smallest Bitcoin purchase Strategy history term BTC total US dollar value Strategy Snaps Additional 130 BTC According March 17 8K filing US Securities Exchange Commission Strategy purchased 130 Bitcoin approximately 107 million average price 82981 per coin March 10 March 16 Strategy acquired 130 BTC 107M 82981 per bitcoin achieved BTC Yield 69 YTD 2025 3162025 hodl 499226 BTC acquired 331 billion 66360 per bitcoin MSTR STRK Michael Saylor March 17 2025 recent purchase represented Strategy smallest Bitcoin acquisition since Tysons Corner Virginiabased firm started accumulating Bitcoin August 2020 leadership Executive Chairman Michael Saylor Since time business intelligence firm remodeled Bitcoin development company pioneered crypto treasury reserve asset model publicly traded company emulated Strategy Massive 41 Billion Bitcoin Gamble latest buy Strategy smallest company largest acquisition 2025 Feb 24 scooping 20365 BTC 19 billion ZyCrypto reported Strategy announced earlier month may soon sell 21 billion STRK preferred stock acquire Bitcoin announcement dovetailed company plan October raise 42 billion equity fixed income sale next three year additional buying power Strategy hold whopping 499226 BTC valued 41 billion making largest corporate treasury reserve holder apex crypto perspective company owns nearly 24 Bitcoin total supply However mark considerably Saylor recent suggestion United States acquire 25 supply adding massive Bitcoin reserve could generate 16 trillion 18 trillion wealth US thus helping eliminate entire national debt Regardless whether US purchase Bitcoin Saylor stressed plan halting BTC purchase previously suggesting would buying top forever
2025-03-17 22:13:20,2025-03-17 22:13:20,41829289,Gemini Hires New CFO as It Prepares for Potential IPO,"Crypto exchange Gemini has appointed a new chief financial officer as it positions itself for a potential initial public offering. The company’s latest hire, Dan Chen, who previously served as vice president of capital markets at Affirm, announced the move in a social media post . ""Crypto is the most dynamic sector in finance and Gemini is at the forefront of this revolution — making it simple and secure to engage on the digital asset frontier,"" Chen wrote in the post. Chen will work alongside Gemini co-founders Cameron and Tyler Winklevoss to help scale the business. The timing of the hire aligns with Gemini’s reported ambitions for an IPO, which would provide greater access to capital while subjecting the company to the transparency requirements of public markets. Read more: Billionaire Winklevoss Twins-Backed Gemini Confidentially Filed for a U.S IPO: Bloomberg If Gemini moves forward with the public listing process, it will be part of a small but growing number of crypto-native companies considering an IPO in the U.S. stock exchanges, including Kraken, Circle, Bullish (parent company of CoinDesk) and Blockchain.com Gemini has not formally confirmed its IPO plans, but the appointment of a CFO with extensive experience in financial strategy suggests that preparations may be underway. Disclaimer: Parts of this article were generated with the assistance from AI tools and reviewed by our editorial team to ensure accuracy and adherence to our standards . For more information, see CoinDesk’s full AI Policy .",BUSINESS|EXCHANGE|MARKET|REGULATION|TRADING,Gemini Hires New CFO Prepares Potential IPO,Crypto exchange Gemini appointed new chief financial officer position potential initial public offering company latest hire Dan Chen previously served vice president capital market Affirm announced move social medium post Crypto dynamic sector finance Gemini forefront revolution making simple secure engage digital asset frontier Chen wrote post Chen work alongside Gemini cofounder Cameron Tyler Winklevoss help scale business timing hire aligns Gemini reported ambition IPO would provide greater access capital subjecting company transparency requirement public market Read Billionaire Winklevoss TwinsBacked Gemini Confidentially Filed US IPO Bloomberg Gemini move forward public listing process part small growing number cryptonative company considering IPO US stock exchange including Kraken Circle Bullish parent company CoinDesk Blockchaincom Gemini formally confirmed IPO plan appointment CFO extensive experience financial strategy suggests preparation may underway Disclaimer Parts article generated assistance AI tool reviewed editorial team ensure accuracy adherence standard information see CoinDesk full AI Policy
2025-03-17 22:12:44,2025-03-17 22:12:44,41829235,Bitcoin Spot ETFs See $900M Outflows Amid Price Decline and Institutional Caution,"Recent trends indicate a significant downturn for Bitcoin Spot ETFs, with a staggering $900 million in outflows recorded over the past five weeks, raising questions about investor confidence. The overall",BTC|TRADING|BUSINESS,Bitcoin Spot ETFs See 900M Outflows Amid Price Decline Institutional Caution,Recent trend indicate significant downturn Bitcoin Spot ETFs staggering 900 million outflow recorded past five week raising question investor confidence overall
2025-03-17 22:12:20,2025-03-17 22:12:20,41829352,"Helium Network releases strong Q4 2024 report, returns spotlight to DePIN","Messari, a crypto research firm, just published data titled the “State of Helium Q4 2024,” which provides quantitative metrics and qualitative insights into Helium Network’s growth, adoption, and operational developments in the last quarter of 2024. The report curated by Messari provides valuable insights into Helium’s growth, adoption, and developments over a period of four months, focusing on DePIN project’s expansion in mobile and IoT network capabilities. Helium Network finished 2024 with a strong Q4 performance According to the data, the last quarter of 2024 saw the Helium Network transfer over 576 TB of offloaded data, marking a 555% increase quarter-over-quarter. It revealed that by the end of Q4, Helium Mobile was serving over 124,000 subscribers on its unlimited talk and text messaging service, reflecting a 7% growth from the previous quarter. That value is now up to over 150,000, according to an update from Messari from days ago. Helium mobile signup stats. Source: Helium Network As far as hotspot expansion is concerned, Helium’s mobile hotspots increased by 14% to 24,800, while IoT hotspots grew by 20% to 32,900 since the migration to Solana. Nova Labs, a Helium Network associate, tested hotspots in partnership with Telefonica in Mexico, a collaboration that represents an interaction between a decentralized network and a major telecom company. In October, it was announced that Ameriband’s 100,000+ Data-Only Hotspots joined the Helium Network, significantly expanding its coverage across the U.S. Helium also implemented HIP 138 to unify its token structure under HNT to reduce complexity and lower barriers to entry for new participants. The change involves redirecting 70% of HNT emissions to the MOBILE subnetwork and 30% to the IOT subnetwork, adjusting rewards for network participants. In November, Harvard Business School reportedly offered a case study on Helium in their strategy curriculum, and Helium was included in Coinbase’s COIN50, a benchmark representing the top 50 eligible digital assets. This means eligible institutional and Coinbase Advanced users are able to trade the index via a COIN50 perpetual future on Coinbase’s international exchange. The data is proof of Helium’s growing traction within the Decentralized Physical Infrastructure Networks (DePIN) sector, showcasing its ability to scale and also attract users and network providers. Why Helium is considered a leader in DePIN The data Messari cited in its report makes a strong case for Heium’s DePIN relevance. Helium is not the only project focused on global connectivity; however, it stands above all others as a leader, facilitating other projects in the DePIN space. Helium’s merits are already apparent, and it has been front and center in DePIN discussions at reputable crypto events including Token 2049, Breakpoint, or any of the DePIN events in Singapore. One thing that makes the project stand out is its role as an enabler for other DePIN projects, such as DIMO , Hivemapper and WeatherXM , which use Helium’s IOT Network. Another differentiator is Helium’s primary focus on meeting demand rather than fleshing out supply. Helium’s flexibility in carrier offload also makes it a valuable partner for high-demand venues where traditional carriers often struggle to meet data needs. This way, Helium gets to work alongside carriers while incentivizing all parties involved. Aside from that Helium’s blockchain offers tokenomics that are simple but effective. Every time the network is used, Data Credits (DCs) are burned, and this directly reduces the supply of HNT, creating a natural demand mechanism. Still, if Helium Network is to maintain its competitive advantage, it must not compromise on scaling, capital efficiency, and ability to support composability across multiple networks, such as IOT, MOBILE, and ENERGY. Cryptopolitan Academy: Coming Soon - A New Way to Earn Passive Income with DeFi in 2025. Learn More",EXCHANGE|HNT|BLOCKCHAIN|ASIA|BUSINESS|MARKET,Helium Network release strong Q4 2024 report return spotlight DePIN,Messari crypto research firm published data titled State Helium Q4 2024 provides quantitative metric qualitative insight Helium Network growth adoption operational development last quarter 2024 report curated Messari provides valuable insight Helium growth adoption development period four month focusing DePIN project expansion mobile IoT network capability Helium Network finished 2024 strong Q4 performance According data last quarter 2024 saw Helium Network transfer 576 TB offloaded data marking 555 increase quarteroverquarter revealed end Q4 Helium Mobile serving 124000 subscriber unlimited talk text messaging service reflecting 7 growth previous quarter value 150000 according update Messari day ago Helium mobile signup stats Source Helium Network far hotspot expansion concerned Helium mobile hotspot increased 14 24800 IoT hotspot grew 20 32900 since migration Solana Nova Labs Helium Network associate tested hotspot partnership Telefonica Mexico collaboration represents interaction decentralized network major telecom company October announced Ameriband 100000 DataOnly Hotspots joined Helium Network significantly expanding coverage across US Helium also implemented HIP 138 unify token structure HNT reduce complexity lower barrier entry new participant change involves redirecting 70 HNT emission MOBILE subnetwork 30 IOT subnetwork adjusting reward network participant November Harvard Business School reportedly offered case study Helium strategy curriculum Helium included Coinbase COIN50 benchmark representing top 50 eligible digital asset mean eligible institutional Coinbase Advanced user able trade index via COIN50 perpetual future Coinbase international exchange data proof Helium growing traction within Decentralized Physical Infrastructure Networks DePIN sector showcasing ability scale also attract user network provider Helium considered leader DePIN data Messari cited report make strong case Heium DePIN relevance Helium project focused global connectivity however stand others leader facilitating project DePIN space Helium merit already apparent front center DePIN discussion reputable crypto event including Token 2049 Breakpoint DePIN event Singapore One thing make project stand role enabler DePIN project DIMO Hivemapper WeatherXM use Helium IOT Network Another differentiator Helium primary focus meeting demand rather fleshing supply Helium flexibility carrier offload also make valuable partner highdemand venue traditional carrier often struggle meet data need way Helium get work alongside carrier incentivizing party involved Aside Helium blockchain offer tokenomics simple effective Every time network used Data Credits DCs burned directly reduces supply HNT creating natural demand mechanism Still Helium Network maintain competitive advantage must compromise scaling capital efficiency ability support composability across multiple network IOT MOBILE ENERGY Cryptopolitan Academy Coming Soon New Way Earn Passive Income DeFi 2025 Learn
2025-03-17 22:10:11,2025-03-17 22:10:11,41829477,Former London Fund Manager Details Why Ripple’s XRP Is Not Skyrocketing Despite Adoption From Banks,"The price action of Ripple-linked cryptocurrency XRP has continued to confound many crypto spectators, with many questioning why it hasn’t gone parabolic despite its increasing use by institutions. While XRP has recovered from its low of $1.96 reached on March 11, the coin remains 30.9% below its all-time high of $3.40. Why XRP’s Performance Remains Lackluster In a recent X post , Former London fund manager DigitalG shared his thoughts on XRP’s current downward trend. The pundit claimed that XRP’s dull price performance emanates from Ripple’s dual-ledger system. This is in reference to the company’s concurrent use of the public XRP Ledger (XRPL) and a private version utilized by banks. The private Ledger is built on the same technology as the public one and can process thousands of transactions per second (TPS). Per DigitalG, financial institutions might be buying huge volumes of XRP via the private ledger, which supports Central Bank Digital Currencies (CBDCs) and enterprise use cases. Compared to the public XRPL, this private ledger operates with restricted access by approved entities, controlled visibility, and centralized control by institutions. DigitalG argues that this disparity could be disguising the true value of XRP, as demand from institutions is not reflected in public exchange prices. However, he believes “some regulators could suggest it is fraudulent to conceal the true price of an asset.” One commentator on X opposed this view, suggesting that XRP’s price is a laggard because a boatload of retail investors hold it. In his opinion, XRP “was never really designed” for small retail investors to hold. The X user implied that Ripple would first tire out retail investors before merging the two ledgers. In response , DigitalG asked the commentator to imagine offloading XRP at $2.30 while its true value was actually $15,840 — but that value was hidden from the general public. Ripple’s XRPL And Private Ledger To Converge And Send XRP Soaring DigitalG further suggested that the private ledger/CBDC ledger and the XRP Ledger will converge on July 14. This in his opinion, could spark a dramatic change in XRP’s market fortunes. The pundit cited a vague reference that claims the Fedwire Funds Services is set to implement ISO 20022 on July 14. How this relates to Ripple and the XRP Ledger is unclear. https://twitter.com/DigitalG15/status/1901356024130359781 When asked to provide more information to support his claims, DigitalG claimed that his source was “rather confident.”",XRP|WALLET|BUSINESS|TRADING|MARKET,Former London Fund Manager Details Ripple XRP Skyrocketing Despite Adoption Banks,price action Ripplelinked cryptocurrency XRP continued confound many crypto spectator many questioning gone parabolic despite increasing use institution XRP recovered low 196 reached March 11 coin remains 309 alltime high 340 XRP Performance Remains Lackluster recent X post Former London fund manager DigitalG shared thought XRP current downward trend pundit claimed XRP dull price performance emanates Ripple dualledger system reference company concurrent use public XRP Ledger XRPL private version utilized bank private Ledger built technology public one process thousand transaction per second TPS Per DigitalG financial institution might buying huge volume XRP via private ledger support Central Bank Digital Currencies CBDCs enterprise use case Compared public XRPL private ledger operates restricted access approved entity controlled visibility centralized control institution DigitalG argues disparity could disguising true value XRP demand institution reflected public exchange price However belief regulator could suggest fraudulent conceal true price asset One commentator X opposed view suggesting XRP price laggard boatload retail investor hold opinion XRP never really designed small retail investor hold X user implied Ripple would first tire retail investor merging two ledger response DigitalG asked commentator imagine offloading XRP 230 true value actually 15840 value hidden general public Ripple XRPL Private Ledger Converge Send XRP Soaring DigitalG suggested private ledgerCBDC ledger XRP Ledger converge July 14 opinion could spark dramatic change XRP market fortune pundit cited vague reference claim Fedwire Funds Services set implement ISO 20022 July 14 relates Ripple XRP Ledger unclear asked provide information support claim DigitalG claimed source rather confident
2025-03-17 22:09:53,2025-03-17 22:09:53,41829217,Concerns Grow Over Bitcoin ATMs Amid Global Regulatory Actions and Calls for Compliance,"Governments worldwide are increasingly scrutinizing Bitcoin ATMs, recognizing their potential connection to illegal activities and initiating regulatory actions. Recent data indicates that illicit transactions via these kiosks are prompting jurisdictions",BTC,Concerns Grow Bitcoin ATMs Amid Global Regulatory Actions Calls Compliance,Governments worldwide increasingly scrutinizing Bitcoin ATMs recognizing potential connection illegal activity initiating regulatory action Recent data indicates illicit transaction via kiosk prompting jurisdiction
2025-03-17 22:08:39,2025-03-17 22:08:39,41829079,"Bitcoin Price Eyes $200,000 Breakout If This History Aligns","The price of Bitcoin (BTC) is undergoing bullish consolidation at the moment after the intense selloff in the broader market cooled off. The current outlook shows relief for a coin that dropped as low as $76,624.25 in the past week. Per the historical trend of BTC prices, this consolidation might be a buildup to a massive rally for the top coin. Bitcoin Price and Potential $200,000 Play When writing, the BTC price changed hands for $83,927.24, up by 1.38% in 24 hours. The coin has jumped from a low of $82,017.90 to a high of $84,725.32, a show of brewing breakout. Market analyst Rekt Capital analyzed whether this current price is a short-term relief. He spotlighted a trend from June 2021, when the price of Bitcoin was consolidating between the 21-week EMA and the 50-week EMA. The consolidation came just after a crash. About a week ago, the BTC price crashed , triggering millions in liquidation across the market. Following this price slump, the coin is consolidating between the same EMA showcased by Rekt Capital. In June 2021, Bitcoin prices increased from $33,000 to $42,000. This gives an average price of $37,500. From here, the coin jumped by over 123.95% to its current price of $83,927.24. If history repeats, Bitcoin Bitcoin may soar to almost $187,280 or approximately $200,000. BTC Price and Accumulation Trend According to market data from Glassnode, Bitcoin currently has a high of 0.1. According to the market analytics platform, this figure indicates sustained buying pressure despite the market selloff. Rather than steer clear of the market, Glassnode hinted that the coin’s distribution remains dominant overall. Other onchain indications also point to reboot from BTC proponents. IntoTheBlock data points to a 5.34% surge in large transactions to $34.7 billion. This whale transaction is important as it shows a trend shift among market players that can impact prices. It is also complemented by the 24% surge in BTC trading volume of crypto exchanges, a sign of sustained positive sentiment. What Next for the Crypto Market? The growth or fall in the price of Bitcoin has a way of impacting the broader market. In an earlier cryptocurrency price prediction , the impact of Trump and Putin’s peace deal over Ukraine was considered. Experts are convinced the broader market may ignite a bullish rally if the conversations turn positive. Although spot Bitcoin ETF market has been showcasing outflows over the past week, the coin is positioned to be the biggest beneficiary in this shift. While the Rekt Capital historic forecast teases $200,000, experts like Cathie Wood predict deflationary boom for the market, riding on massive BTC adoption rate by institutions and governments. The post Bitcoin Price Eyes $200,000 Breakout If This History Aligns appeared first on CoinGape .",BTC|TRADING|MARKET,Bitcoin Price Eyes 200000 Breakout History Aligns,price Bitcoin BTC undergoing bullish consolidation moment intense selloff broader market cooled current outlook show relief coin dropped low 7662425 past week Per historical trend BTC price consolidation might buildup massive rally top coin Bitcoin Price Potential 200000 Play writing BTC price changed hand 8392724 138 24 hour coin jumped low 8201790 high 8472532 show brewing breakout Market analyst Rekt Capital analyzed whether current price shortterm relief spotlighted trend June 2021 price Bitcoin consolidating 21week EMA 50week EMA consolidation came crash week ago BTC price crashed triggering million liquidation across market Following price slump coin consolidating EMA showcased Rekt Capital June 2021 Bitcoin price increased 33000 42000 give average price 37500 coin jumped 12395 current price 8392724 history repeat Bitcoin Bitcoin may soar almost 187280 approximately 200000 BTC Price Accumulation Trend According market data Glassnode Bitcoin currently high 01 According market analytics platform figure indicates sustained buying pressure despite market selloff Rather steer clear market Glassnode hinted coin distribution remains dominant overall onchain indication also point reboot BTC proponent IntoTheBlock data point 534 surge large transaction 347 billion whale transaction important show trend shift among market player impact price also complemented 24 surge BTC trading volume crypto exchange sign sustained positive sentiment Next Crypto Market growth fall price Bitcoin way impacting broader market earlier cryptocurrency price prediction impact Trump Putin peace deal Ukraine considered Experts convinced broader market may ignite bullish rally conversation turn positive Although spot Bitcoin ETF market showcasing outflow past week coin positioned biggest beneficiary shift Rekt Capital historic forecast tease 200000 expert like Cathie Wood predict deflationary boom market riding massive BTC adoption rate institution government post Bitcoin Price Eyes 200000 Breakout History Aligns appeared first CoinGape
2025-03-17 22:01:21,2025-03-17 22:01:21,41828805,"Institutional Crypto Products See $1,700,000,000 in Outflows Amid Worst Streak Since 2015: CoinShares","Crypto asset management giant CoinShares says institutional investors pulled billions of dollars out of crypto last week. In its latest Digital Asset Fund Flows Weekly Report, CoinShares says crypto products are enduring their worst run of investor outflows in a decade. “Digital asset investment products saw a 5th consecutive week of outflows, totaling US$1.7bn, bringing the total outflows over this negative funk to US$6.4bn. This also marks the 17th straight day of outflows, the longest negative streak since our records began in 2015. Despite prevailing negative sentiment, year-to-date inflows remain positive at US$912m. Following this price correction and sustained outflows, total assets under management (AuM) have declined by US$48bn.” Source: CoinShares Regionally, the United States provided $1.2 billion in outflows, 93% of all outflows. While Germany provided minor inflows of $8 million, Switzerland also saw outflows of $528 million. Per usual, Bitcoin ( BTC ) bore the brunt of the outflows. “Bitcoin saw a further US$978m outflows, bringing total outflows over the last 5 weeks to US$5.4bn. Investors continue to sell out of short-bitcoin positions, seeing US$3.6m outflows.” Altcoins XRP and Cardano ( ADA ) led the way for inflows at $1.8 million and $0.4 million a piece. Leading smart contract platform Ethereum ( ETH ) products suffered $176 million in outflows. Follow us on X , Facebook and Telegram Don't Miss a Beat – Subscribe to get email alerts delivered directly to your inbox Check Price Action Surf The Daily Hodl Mix Disclaimer: Opinions expressed at The Daily Hodl are not investment advice. Investors should do their due diligence before making any high-risk investments in Bitcoin, cryptocurrency or digital assets. Please be advised that your transfers and trades are at your own risk, and any losses you may incur are your responsibility. The Daily Hodl does not recommend the buying or selling of any cryptocurrencies or digital assets, nor is The Daily Hodl an investment advisor. Please note that The Daily Hodl participates in affiliate marketing. Generated Image: Midjourney The post Institutional Crypto Products See $1,700,000,000 in Outflows Amid Worst Streak Since 2015: CoinShares appeared first on The Daily Hodl .",BTC|ETH|ADA|BUSINESS|ALTCOIN,Institutional Crypto Products See 1700000000 Outflows Amid Worst Streak Since 2015 CoinShares,Crypto asset management giant CoinShares say institutional investor pulled billion dollar crypto last week latest Digital Asset Fund Flows Weekly Report CoinShares say crypto product enduring worst run investor outflow decade Digital asset investment product saw 5th consecutive week outflow totaling US 17bn bringing total outflow negative funk US 64bn also mark 17th straight day outflow longest negative streak since record began 2015 Despite prevailing negative sentiment yeartodate inflow remain positive US 912m Following price correction sustained outflow total asset management AuM declined US 48bn Source CoinShares Regionally United States provided 12 billion outflow 93 outflow Germany provided minor inflow 8 million Switzerland also saw outflow 528 million Per usual Bitcoin BTC bore brunt outflow Bitcoin saw US 978m outflow bringing total outflow last 5 week US 54bn Investors continue sell shortbitcoin position seeing US 36m outflow Altcoins XRP Cardano ADA led way inflow 18 million 04 million piece Leading smart contract platform Ethereum ETH product suffered 176 million outflow Follow u X Facebook Telegram nt Miss Beat Subscribe get email alert delivered directly inbox Check Price Action Surf Daily Hodl Mix Disclaimer Opinions expressed Daily Hodl investment advice Investors due diligence making highrisk investment Bitcoin cryptocurrency digital asset Please advised transfer trade risk loss may incur responsibility Daily Hodl recommend buying selling cryptocurrencies digital asset Daily Hodl investment advisor Please note Daily Hodl participates affiliate marketing Generated Image Midjourney post Institutional Crypto Products See 1700000000 Outflows Amid Worst Streak Since 2015 CoinShares appeared first Daily Hodl
2025-03-17 22:00:44,2025-03-17 22:00:44,41830630,"BlockDAG, AAVE, ETH, & SOL Are the Best Long-Term Cryptos Today—But Which One Has the Highest Profit Potential?","The crypto market in 2025 remains unpredictable. Prices continue to rise and fall sharply, leaving investors uncertain about what’s next. While some view the market as risky, others believe it offers unique opportunities. Although no one can predict with certainty which token will deliver the biggest gains, the overall trend appears positive. The key question is: which projects could offer the best returns in the long run? Currently, BlockDAG (BDAG), Aave (AAVE), Ethereum (ETH), and Solana (SOL) are recognized as the best long-term cryptos this quarter. These projects stand out not by chance but because they each have active development teams, strong community support, and increasing real-world use cases. For those seeking potential market leaders, these names continue to draw attention. 1. BlockDAG: Could It Reach $20 by 2027? BlockDAG (BDAG) is gaining attention for its innovative Layer 1 network, which is designed to solve common blockchain limitations like congestion and slow transaction times. By using a Directed Acyclic Graph (DAG) structure, BlockDAG allows transactions to be processed in parallel, resulting in high speed and instant confirmation. BlockDAG also offers low transaction fees and is fully compatible with the Ethereum Virtual Machine (EVM). Developers are exploring its potential for building decentralized applications (dApps), NFTs, and other blockchain-based projects. Meanwhile, buyers are focusing on BDAG due to its strong return prospects. Since its presale began, BDAG’s price has increased from $0.001 in Batch 1 to $0.0248 in Batch 27. Early participants have already gained a 2,380% ROI. Analysts predict that BDAG could reach $1 soon after its exchange launch, with longer-term targets estimating a price of $20 by 2027. As of now, BDAG has raised over $202.5 million through its presale, with more than 18.7 billion tokens sold. BlockDAG’s potential for scaling and speed positions it among the best long-term cryptos to consider. 2. Ethereum (ETH): Remaining a Market Leader Amid Shifting Sentiment Ethereum remains one of the most recognized blockchain platforms due to its smart contract capabilities. It laid the foundation for many decentralized applications, earning it a lasting place in the crypto ecosystem. After switching to a proof-of-stake consensus model in 2022, Ethereum reduced its energy consumption by over 99.9%. More recently, in July 2024, the U.S. SEC approved an Ethereum ETF. Despite these developments, ETH’s price has not seen dramatic increases, particularly compared to Bitcoin. Some institutional investors have reduced their holdings, which has added to the recent price pressure. Even so, Ethereum is still viewed as one of the best long-term cryptos because of its established infrastructure and widespread adoption. Many investors view the current slower phase as a potential opportunity to accumulate ETH before the next major market shift. 3. AAVE: How This Lending Platform Is Expanding Beyond DeFi Aave (AAVE) is a well-known decentralized finance (DeFi) protocol that allows users to lend and borrow cryptos without relying on banks or other intermediaries. It uses smart contracts to automate transactions, enabling users to earn interest when they lend assets. Aave supports several popular cryptocurrencies, including USDT and DAI, and has recently expanded beyond crypto lending. Through a partnership with Centrifuge, Aave now facilitates access to real-world assets. Businesses can tokenize assets and borrow stablecoins while using those tokens as collateral. This strategy bridges traditional finance with blockchain-based solutions, making Aave more versatile. Its approach to combining real-world assets with DeFi continues to earn it recognition as one of the best long-term cryptos available. 4. Solana (SOL): Speed & Affordability in Blockchain Transactions Solana (SOL) has established itself as one of the fastest blockchains, with lower fees and higher transaction speeds compared to many of its competitors. In 2024, a CoinGecko report named Solana the fastest major blockchain, averaging 1,504 transactions per second in real-world conditions. After suffering significant losses in 2022 and 2023, Solana made a strong recovery throughout 2024 and into 2025. While the token has already experienced substantial price gains, many investors believe there’s potential for further growth. Solana’s focus on speed and cost-efficiency helps maintain its position among the best long-term cryptos. Choosing the Best Long-Term Cryptos for 2025 The crypto market remains highly dynamic, with rapid changes creating both risks and opportunities. Aave continues to evolve as a leader in crypto lending, Ethereum holds steady with a strong user base despite price challenges, and Solana’s speed and affordability make it a standout blockchain choice. However, BlockDAG’s rapid ascent cannot be overlooked. Its presale has raised $202.5 million, selling 18.7 billion coins across 27 batches and achieving a 2,380% price increase. Forecasts suggest BDAG could reach $1 shortly after its exchange debut and $20 by 2027. Given its scalability and developer interest, BlockDAG appears to be one of the best long-term cryptos for those watching the 2025 market closely. The post BlockDAG, AAVE, ETH, & SOL Are the Best Long-Term Cryptos Today—But Which One Has the Highest Profit Potential? appeared first on TheCoinrise.com .",ETH|SOL|BUSINESS|AAVE|MARKET,BlockDAG AAVE ETH SOL Best LongTerm Cryptos TodayBut One Highest Profit Potential,crypto market 2025 remains unpredictable Prices continue rise fall sharply leaving investor uncertain next view market risky others believe offer unique opportunity Although one predict certainty token deliver biggest gain overall trend appears positive key question project could offer best return long run Currently BlockDAG BDAG Aave AAVE Ethereum ETH Solana SOL recognized best longterm cryptos quarter project stand chance active development team strong community support increasing realworld use case seeking potential market leader name continue draw attention 1 BlockDAG Could Reach 20 2027 BlockDAG BDAG gaining attention innovative Layer 1 network designed solve common blockchain limitation like congestion slow transaction time using Directed Acyclic Graph DAG structure BlockDAG allows transaction processed parallel resulting high speed instant confirmation BlockDAG also offer low transaction fee fully compatible Ethereum Virtual Machine EVM Developers exploring potential building decentralized application dApps NFTs blockchainbased project Meanwhile buyer focusing BDAG due strong return prospect Since presale began BDAG price increased 0001 Batch 1 00248 Batch 27 Early participant already gained 2380 ROI Analysts predict BDAG could reach 1 soon exchange launch longerterm target estimating price 20 2027 BDAG raised 2025 million presale 187 billion token sold BlockDAG potential scaling speed position among best longterm cryptos consider 2 Ethereum ETH Remaining Market Leader Amid Shifting Sentiment Ethereum remains one recognized blockchain platform due smart contract capability laid foundation many decentralized application earning lasting place crypto ecosystem switching proofofstake consensus model 2022 Ethereum reduced energy consumption 999 recently July 2024 US SEC approved Ethereum ETF Despite development ETH price seen dramatic increase particularly compared Bitcoin institutional investor reduced holding added recent price pressure Even Ethereum still viewed one best longterm cryptos established infrastructure widespread adoption Many investor view current slower phase potential opportunity accumulate ETH next major market shift 3 AAVE Lending Platform Expanding Beyond DeFi Aave AAVE wellknown decentralized finance DeFi protocol allows user lend borrow cryptos without relying bank intermediary us smart contract automate transaction enabling user earn interest lend asset Aave support several popular cryptocurrencies including USDT DAI recently expanded beyond crypto lending partnership Centrifuge Aave facilitates access realworld asset Businesses tokenize asset borrow stablecoins using token collateral strategy bridge traditional finance blockchainbased solution making Aave versatile approach combining realworld asset DeFi continues earn recognition one best longterm cryptos available 4 Solana SOL Speed Affordability Blockchain Transactions Solana SOL established one fastest blockchains lower fee higher transaction speed compared many competitor 2024 CoinGecko report named Solana fastest major blockchain averaging 1504 transaction per second realworld condition suffering significant loss 2022 2023 Solana made strong recovery throughout 2024 2025 token already experienced substantial price gain many investor believe potential growth Solana focus speed costefficiency help maintain position among best longterm cryptos Choosing Best LongTerm Cryptos 2025 crypto market remains highly dynamic rapid change creating risk opportunity Aave continues evolve leader crypto lending Ethereum hold steady strong user base despite price challenge Solana speed affordability make standout blockchain choice However BlockDAG rapid ascent overlooked presale raised 2025 million selling 187 billion coin across 27 batch achieving 2380 price increase Forecasts suggest BDAG could reach 1 shortly exchange debut 20 2027 Given scalability developer interest BlockDAG appears one best longterm cryptos watching 2025 market closely post BlockDAG AAVE ETH SOL Best LongTerm Cryptos TodayBut One Highest Profit Potential appeared first TheCoinrisecom
2025-03-17 22:00:29,2025-03-17 22:00:29,41828784,Bitcoin Spot ETFs bleed $900M over 5 weeks – Is investor confidence shattered?,"Bitcoin Spot ETFs have been bleeding funds, with $900M in outflows over the past five weeks.",BTC|BUSINESS,Bitcoin Spot ETFs bleed 900M 5 week investor confidence shattered,Bitcoin Spot ETFs bleeding fund 900M outflow past five week
2025-03-17 22:00:00,2025-03-17 22:00:00,41829110,Missed Ethereum (ETH) & Ripple (XRP)? Mutuum Finance (MUTM) Presale Tempts Investors As Massive Rise Looks Imminent,"Mutuum Finance, a decentralized lending protocol currently in its third presale stage and experiencing a quick rise to prominence, is drawing interest from investors who previously missed out on promising projects like Ethereum (ETH) and Ripple (XRP). Since the presale started, over $3.6 million has been raised and 5,800 holders support the project. Mutuum Finance (MUTM) is currently priced at $0.02 in Phase 3, and is close to a sell-out as excitement mounts for Phase 4 where tokens will be $0.025 — offering a 25% gain for investors buying in now. For example, brokers point to its 200% gain at its $0.06 Ethereum listing, with projections to climb as high as $3.50 after launch, making MUTM one of the most high-potential alternatives in a market that is highly populated by speculative assets. Mutuum Finance (MUTM): Creating Hype for Its Presale Mutuum Finance (MUTM) is not drawn to the hype, but on a lending framework to multiply investor returns. Phase 3’s $0.02 price opens up a user-centric platform for borrowing against overcollateralized assets, acquiring yields through mtTokens which are interest-accruing deposit certificates. Adding extra stability to growth is built in buy pressure system; 20% of the fees paid on the platform are used to buy MUTM tokens on exchanges and are redistributed to long-term stakers. This mechanism helps prevent sell-offs while encouraging holding, which offers a stark contrast to meme coins’ boom-bust cycles. A CertiK audit of Mutuum Finance’s (MUTM) smart contracts is underway, with results to be revealed on social media. This initiative highlights the project’s focus on transparency and security, further solidifying investor confidence during the ongoing presale. ROI Calculations Ignite Urgency Phase 3 buyers will enjoy instant benefits after Phase 4 releases at $0.025. Those who hold until listing at $0.06 make a 200% profit, but the real rush comes in after launch. Mutuum Finance (MUTM) introduces real-world utility missing from competitors – analysts anticipate that $3.50 will be the ground as lending action picks up pace. A $1,000 investment now would swell to $175,000 if these targets were achieved — a 17,400% profit eclipsing the historical peaks of ETH and XRP. If Ethereum’s ecosystem were a 15-year-old, it’d need a lobotomy to experience explosive growth, like during its 2015 launch. Moreover, While XRP is shored up by institutional partnerships, MUTM has appreciation deeper in its veins being associated with lending protocols and buybacks — a system that is self-perpetuating to a point and is less prone to external shocks. A presale contribution effort, Mutuum Finance (MUTM) is running a $100,000 giveaway, awarding $10,000 each for ten entrants. The campaign is underway as Phase 3’s fill rate accelerates and investors are racing to secure their place in line ahead of the next price increase. With mtTokens offering passive income and the buy-and-distribute model of MUTM providing demand, the project combines short-term profitability with long-term sustainability. Final Hours for Phase 3 Entry With Mutuum Finance (MUTM) continuing towards exchange listings, Phase 3 also indicates one of the final low price entries. While Ethereum and Ripple’s best days may be behind them, the integration of DeFi utility with strategic tokenomics puts MUTM on the road to a 2025 breakout. Investors who skip this presale are at risk of repeating past opportunities lost—this time at stakes of far higher potential. Quick-march with Mutuum Finance (MUTM) at only $0.02. As Phase 3 is filling quickly and a 25% price increase is incoming, waiting risks being locked out of the project’s most profitable phase. This gap before a major spike is one that appropriately enterprising players can exploit — join the action now at Mutuum Finance’s official domain. For more information about Mutuum Finance (MUTM) visit the links below: Website: https://www.mutuum.finance/ Linktree: https://linktr.ee/mutuumfinance",ETH|BUSINESS|XRP|TRADING|BLOCKCHAIN,Missed Ethereum ETH Ripple XRP Mutuum Finance MUTM Presale Tempts Investors Massive Rise Looks Imminent,Mutuum Finance decentralized lending protocol currently third presale stage experiencing quick rise prominence drawing interest investor previously missed promising project like Ethereum ETH Ripple XRP Since presale started 36 million raised 5800 holder support project Mutuum Finance MUTM currently priced 002 Phase 3 close sellout excitement mount Phase 4 token 0025 offering 25 gain investor buying example broker point 200 gain 006 Ethereum listing projection climb high 350 launch making MUTM one highpotential alternative market highly populated speculative asset Mutuum Finance MUTM Creating Hype Presale Mutuum Finance MUTM drawn hype lending framework multiply investor return Phase 3 002 price open usercentric platform borrowing overcollateralized asset acquiring yield mtTokens interestaccruing deposit certificate Adding extra stability growth built buy pressure system 20 fee paid platform used buy MUTM token exchange redistributed longterm stakers mechanism help prevent selloff encouraging holding offer stark contrast meme coin boombust cycle CertiK audit Mutuum Finance MUTM smart contract underway result revealed social medium initiative highlight project focus transparency security solidifying investor confidence ongoing presale ROI Calculations Ignite Urgency Phase 3 buyer enjoy instant benefit Phase 4 release 0025 hold listing 006 make 200 profit real rush come launch Mutuum Finance MUTM introduces realworld utility missing competitor analyst anticipate 350 ground lending action pick pace 1000 investment would swell 175000 target achieved 17400 profit eclipsing historical peak ETH XRP Ethereum ecosystem 15yearold need lobotomy experience explosive growth like 2015 launch Moreover XRP shored institutional partnership MUTM appreciation deeper vein associated lending protocol buyback system selfperpetuating point less prone external shock presale contribution effort Mutuum Finance MUTM running 100000 giveaway awarding 10000 ten entrant campaign underway Phase 3 fill rate accelerates investor racing secure place line ahead next price increase mtTokens offering passive income buyanddistribute model MUTM providing demand project combine shortterm profitability longterm sustainability Final Hours Phase 3 Entry Mutuum Finance MUTM continuing towards exchange listing Phase 3 also indicates one final low price entry Ethereum Ripple best day may behind integration DeFi utility strategic tokenomics put MUTM road 2025 breakout Investors skip presale risk repeating past opportunity lostthis time stake far higher potential Quickmarch Mutuum Finance MUTM 002 Phase 3 filling quickly 25 price increase incoming waiting risk locked project profitable phase gap major spike one appropriately enterprising player exploit join action Mutuum Finance official domain information Mutuum Finance MUTM visit link Website Linktree
