ticker,date,high,low,open,volumefrom,volumeto,close,conversionType,conversionSymbol
BNB,2023-10-25,229.1,221.57,225.24,19612.09,4422533.67,222.15,direct,
BNB,2023-10-26,227.99,194.96,222.15,26501.2,5937669.1,222.97,direct,
BNB,2023-10-27,230.4,220.4,223.25,63626.9,14273635.19,224.33,multiply,BTC
BNB,2023-10-28,227.9,224.35,224.41,13525.5,3062332.66,225.62,direct,
BNB,2023-10-29,228.27,223.71,225.62,9839.81,2224748.43,227.07,direct,
BNB,2023-10-30,229.18,225.0,227.07,14661.9,3334670.63,228.18,direct,
BNB,2023-10-31,230.13,225.73,228.15,32997.77,7469033.18,226.35,multiply,BTC
BNB,2023-11-01,228.81,222.21,226.41,19328.7,4348428.51,227.92,direct,
BNB,2023-11-02,233.67,227.42,227.92,23916.74,5516058.99,231.45,direct,
BNB,2023-11-03,232.91,227.77,231.87,40312.35,9287127.48,230.38,multiply,BTC
BNB,2023-11-04,239.5,232.13,230.38,33756.4,8009962.54,237.29,multiply,BTC
BNB,2023-11-05,245.31,236.8,237.29,58973.72,14394597.38,244.08,multiply,BTC
BNB,2023-11-06,255.69,243.17,244.08,70511.83,17996908.52,255.23,multiply,BTC
BNB,2023-11-07,258.37,245.83,255.23,52471.2,12919316.11,246.22,multiply,BTC
BNB,2023-11-08,250.32,244.3,246.22,52479.35,12947923.47,246.72,multiply,BTC
BNB,2023-11-09,254.4,243.09,246.72,77397.89,19479523.24,251.68,multiply,BTC
BNB,2023-11-10,262.03,249.87,251.68,54650.35,13730813.29,251.25,multiply,BTC
BNB,2023-11-11,255.22,246.01,251.17,22054.29,5526828.89,251.45,direct,
BNB,2023-11-12,252.0,245.58,251.45,22646.65,5615230.26,247.25,direct,
BNB,2023-11-13,250.09,240.12,247.25,26604.78,6527111.78,241.32,direct,
BNB,2023-11-14,248.29,195.76,241.32,27559.77,6699682.53,242.25,direct,
BNB,2023-11-15,266.93,252.35,242.21,74145.14,18831057.14,253.98,multiply,BTC
BNB,2023-11-16,255.53,222.43,253.92,32195.17,8009778.2,242.52,direct,
BNB,2023-11-17,245.94,238.47,242.52,22370.89,5446719.59,244.68,direct,
BNB,2023-11-18,245.17,239.4,244.68,14487.24,3519351.82,244.92,direct,
BNB,2023-11-19,246.91,241.81,244.92,11528.53,2814118.57,246.35,direct,
BNB,2023-11-20,267.21,242.17,246.54,125326.27,31736345.24,253.23,multiply,BTC
BNB,2023-11-21,264.9,218.91,253.23,394048.89,88926306.24,225.67,multiply,BTC
BNB,2023-11-22,244.68,234.84,225.67,145949.48,34476412.45,236.22,multiply,BTC
BNB,2023-11-23,238.08,231.7,236.22,57937.84,13547521.66,233.83,multiply,BTC
BNB,2023-11-24,238.01,231.55,233.83,49341.67,11492319.97,232.91,multiply,BTC
BNB,2023-11-25,235.81,232.9,232.91,30624.73,7182206.97,234.52,multiply,BTC
BNB,2023-11-26,233.3,229.26,234.52,22825.96,5290288.73,231.77,multiply,BTC
BNB,2023-11-27,231.08,225.45,231.77,58519.65,13302342.03,227.31,multiply,BTC
BNB,2023-11-28,233.22,228.12,227.31,36639.58,8414951.67,229.67,multiply,BTC
BNB,2023-11-29,230.35,226.0,229.67,32896.36,7478094.23,227.32,multiply,BTC
BNB,2023-11-30,228.49,226.0,227.32,30452.34,6931639.47,227.62,multiply,BTC
BNB,2023-12-01,233.82,227.44,227.62,31787.48,7264156.15,228.52,multiply,BTC
BNB,2023-12-02,234.05,228.53,228.52,37830.54,8667717.31,229.12,multiply,BTC
BNB,2023-12-03,234.61,227.41,229.12,59535.95,13577246.31,228.05,multiply,BTC
BNB,2023-12-04,239.86,227.18,228.05,105287.5,24577610.64,233.43,multiply,BTC
BNB,2023-12-05,247.12,228.95,233.43,63015.88,14572240.75,231.25,multiply,BTC
BNB,2023-12-06,235.53,227.35,231.25,63066.05,14473116.45,229.49,multiply,BTC
BNB,2023-12-07,233.13,226.9,229.49,68348.98,15904825.93,232.7,multiply,BTC
BNB,2023-12-08,241.21,236.26,232.7,66389.23,15864294.81,238.96,multiply,BTC
BNB,2023-12-09,242.75,236.41,238.96,84484.47,20087506.95,237.77,multiply,BTC
BNB,2023-12-10,240.81,237.79,237.77,36734.89,8810752.3,239.85,multiply,BTC
BNB,2023-12-11,246.71,225.81,239.85,137116.73,33771866.96,246.3,multiply,BTC
BNB,2023-12-12,258.29,245.69,246.3,137290.48,34931707.42,254.44,multiply,BTC
BNB,2023-12-13,263.97,251.49,254.44,88216.59,22242569.88,252.14,multiply,BTC
BNB,2023-12-14,256.81,249.15,252.14,68552.61,17365825.47,253.32,multiply,BTC
BNB,2023-12-15,247.69,242.87,253.32,43469.68,10644975.01,244.88,multiply,BTC
BNB,2023-12-16,247.93,243.19,244.88,31803.67,7766719.74,244.21,multiply,BTC
BNB,2023-12-17,240.61,236.81,244.21,31313.63,7478767.33,238.83,multiply,BTC
BNB,2023-12-18,247.58,240.55,238.83,44997.6,10873959.37,241.66,multiply,BTC
BNB,2023-12-19,254.96,238.86,241.66,116312.61,29404454.32,252.81,multiply,BTC
BNB,2023-12-20,262.98,254.6,252.81,69572.3,18116882.48,260.4,multiply,BTC
BNB,2023-12-21,276.5,258.42,260.4,69548.01,18927955.99,272.16,multiply,BTC
BNB,2023-12-22,275.71,266.6,272.16,55027.41,14929462.76,271.31,multiply,BTC
BNB,2023-12-23,271.76,266.99,271.31,29722.67,8059095.4,271.14,multiply,BTC
BNB,2023-12-24,267.82,262.87,271.14,51910.01,13741683.12,264.72,multiply,BTC
BNB,2023-12-25,268.93,265.05,264.72,39363.46,10507082.75,266.92,multiply,BTC
BNB,2023-12-26,302.34,258.97,266.92,194632.99,57960012.92,297.79,multiply,BTC
BNB,2023-12-27,324.8,293.24,297.79,148255.25,48095735.38,324.41,multiply,BTC
BNB,2023-12-28,336.15,313.28,324.41,142371.77,45954984.34,322.78,multiply,BTC
BNB,2023-12-29,322.24,307.56,322.78,85383.77,26792132.11,313.78,multiply,BTC
BNB,2023-12-30,321.45,313.48,313.78,51812.27,16430019.5,317.11,multiply,BTC
BNB,2023-12-31,325.81,308.48,317.11,63140.9,19691014.53,311.86,multiply,BTC
BNB,2024-01-01,328.83,312.87,311.86,47013.45,14746729.46,313.67,multiply,BTC
BNB,2024-01-02,320.28,306.56,313.67,62361.67,19482343.97,312.41,multiply,BTC
BNB,2024-01-03,320.59,295.09,312.41,145338.89,45921730.86,315.96,multiply,BTC
BNB,2024-01-04,333.45,317.49,315.96,77721.53,25180920.77,323.99,multiply,BTC
BNB,2024-01-05,331.34,315.17,323.99,56621.23,17990522.56,317.73,multiply,BTC
BNB,2024-01-06,316.5,303.34,317.73,42943.71,13208042.43,307.57,multiply,BTC
BNB,2024-01-07,308.71,299.48,307.57,28926.53,8751940.99,302.56,multiply,BTC
BNB,2024-01-08,323.56,303.92,302.56,63210.0,19213708.41,303.97,multiply,BTC
BNB,2024-01-09,305.7,290.39,303.97,65101.29,19604411.53,301.14,multiply,BTC
BNB,2024-01-10,309.31,297.18,301.14,67415.97,20616612.38,305.81,multiply,BTC
BNB,2024-01-11,317.24,298.65,305.81,75009.94,23128651.45,308.34,multiply,BTC
BNB,2024-01-12,299.43,283.52,308.34,67720.68,20083848.92,296.57,multiply,BTC
BNB,2024-01-13,303.09,292.68,296.57,35746.9,10796146.1,302.02,multiply,BTC
BNB,2024-01-14,300.73,293.22,302.02,26850.93,8034576.89,299.23,multiply,BTC
BNB,2024-01-15,320.64,303.81,299.23,119623.28,37959424.99,317.32,multiply,BTC
BNB,2024-01-16,322.66,313.91,317.32,45264.35,14265392.15,315.16,multiply,BTC
BNB,2024-01-17,319.09,307.72,315.16,57677.36,17827518.31,309.09,multiply,BTC
BNB,2024-01-18,315.06,296.77,309.09,64351.38,20123018.51,312.71,multiply,BTC
BNB,2024-01-19,318.98,309.65,312.71,43805.46,13775959.72,314.48,multiply,BTC
BNB,2024-01-20,317.37,312.7,314.48,20710.63,6567773.66,317.12,multiply,BTC
BNB,2024-01-21,320.51,315.43,317.12,21252.4,6770882.51,318.59,multiply,BTC
BNB,2024-01-22,306.7,301.01,318.59,34304.87,10483455.31,305.6,multiply,BTC
BNB,2024-01-23,310.24,298.04,305.6,42847.46,12794028.01,298.59,multiply,BTC
BNB,2024-01-24,302.31,291.73,298.59,42784.33,12536441.51,293.01,multiply,BTC
BNB,2024-01-25,295.29,287.66,293.01,46847.3,13678199.16,291.97,multiply,BTC
BNB,2024-01-26,312.41,299.32,291.97,40165.38,12131589.16,302.04,multiply,BTC
BNB,2024-01-27,310.16,304.18,302.04,20266.71,6195411.91,305.69,multiply,BTC
BNB,2024-01-28,306.35,302.61,305.69,26183.24,7989290.95,305.13,multiply,BTC
BNB,2024-01-29,317.02,310.0,305.13,25542.3,7935835.75,310.69,multiply,BTC
BNB,2024-01-30,309.19,304.43,310.69,20350.68,6260850.82,307.65,multiply,BTC
BNB,2024-01-31,305.63,297.29,307.65,24622.31,7391212.04,300.18,multiply,BTC
BNB,2024-02-01,306.77,299.53,300.18,25643.84,7696589.75,300.13,multiply,BTC
BNB,2024-02-02,305.77,300.07,300.13,19890.86,5991835.32,301.24,multiply,BTC
BNB,2024-02-03,304.22,299.32,301.24,16744.38,5016242.11,299.58,multiply,BTC
BNB,2024-02-04,306.38,295.86,299.58,37807.14,11515671.2,304.59,multiply,BTC
BNB,2024-02-05,307.53,296.77,304.59,38012.34,11440034.43,300.96,multiply,BTC
BNB,2024-02-06,305.26,301.51,300.96,30834.92,9335609.65,302.76,multiply,BTC
BNB,2024-02-07,315.34,307.31,302.76,48845.54,15013078.49,307.36,multiply,BTC
BNB,2024-02-08,321.75,313.05,307.36,80215.32,25606036.21,319.22,multiply,BTC
BNB,2024-02-09,333.71,318.01,319.22,41184.34,13351358.91,324.19,multiply,BTC
BNB,2024-02-10,329.17,320.52,324.19,15879.95,5133902.66,323.29,multiply,BTC
BNB,2024-02-11,327.55,320.79,323.29,15992.26,5131639.96,320.88,multiply,BTC
BNB,2024-02-12,334.57,321.58,320.88,39170.41,12848890.46,328.03,multiply,BTC
BNB,2024-02-13,329.43,322.72,328.03,30670.84,9966677.8,324.96,multiply,BTC
BNB,2024-02-14,342.48,330.92,324.96,27754.94,9276797.07,334.24,multiply,BTC
BNB,2024-02-15,362.45,331.34,334.24,77553.75,27501276.65,354.61,multiply,BTC
BNB,2024-02-16,367.28,353.93,354.61,58461.21,21081390.29,360.6,multiply,BTC
BNB,2024-02-17,361.58,351.3,360.6,39737.07,14025176.45,352.95,multiply,BTC
BNB,2024-02-18,360.07,349.54,352.95,28530.43,9977048.18,349.7,multiply,BTC
BNB,2024-02-19,354.03,346.83,349.7,47234.5,16612281.37,351.7,multiply,BTC
BNB,2024-02-20,363.9,353.19,351.7,49885.29,17689169.12,354.6,multiply,BTC
BNB,2024-02-21,381.7,350.69,354.6,109621.73,41581127.42,379.31,multiply,BTC
BNB,2024-02-22,385.25,372.12,379.31,79853.31,30533966.47,382.38,multiply,BTC
BNB,2024-02-23,380.83,368.4,382.38,57690.72,21666145.77,375.56,multiply,BTC
BNB,2024-02-24,389.13,378.76,375.56,33440.95,12762809.26,381.65,multiply,BTC
BNB,2024-02-25,390.75,379.37,381.65,43077.25,16736641.5,388.53,multiply,BTC
BNB,2024-02-26,427.75,396.13,388.53,83524.04,33564674.47,401.86,multiply,BTC
BNB,2024-02-27,422.1,392.2,401.86,76739.61,30302814.44,394.88,multiply,BTC
BNB,2024-02-28,441.8,414.23,394.88,107203.78,44508024.71,415.17,multiply,BTC
BNB,2024-02-29,416.63,393.08,415.17,78923.95,31535156.29,399.56,multiply,BTC
BNB,2024-03-01,418.16,403.62,399.56,33140.43,13512629.01,407.74,multiply,BTC
BNB,2024-03-02,413.67,404.68,407.74,34313.72,14109473.93,411.19,multiply,BTC
BNB,2024-03-03,422.79,413.12,411.19,34868.1,14462083.4,414.77,multiply,BTC
BNB,2024-03-04,451.24,418.57,414.77,76612.52,32115142.33,419.19,multiply,BTC
BNB,2024-03-05,407.33,384.1,419.19,95147.53,37535777.86,394.5,multiply,BTC
BNB,2024-03-06,431.6,402.64,394.5,88501.75,38010328.33,429.49,multiply,BTC
BNB,2024-03-07,476.33,431.22,429.49,90248.41,42885129.76,475.19,multiply,BTC
BNB,2024-03-08,495.91,471.74,475.19,98171.88,47813026.54,487.03,multiply,BTC
BNB,2024-03-09,495.28,481.31,487.03,47997.32,23476324.5,489.12,multiply,BTC
BNB,2024-03-10,532.45,485.37,489.12,110595.18,58534979.45,529.27,multiply,BTC
BNB,2024-03-11,555.14,509.72,529.27,107024.26,55971908.0,522.98,multiply,BTC
BNB,2024-03-12,547.37,516.37,522.98,116748.27,62737215.1,537.37,multiply,BTC
BNB,2024-03-13,633.71,541.81,537.37,190292.6,120048537.78,630.86,multiply,BTC
BNB,2024-03-14,616.97,584.57,630.86,136023.24,82019217.77,602.98,multiply,BTC
BNB,2024-03-15,635.55,575.3,602.98,172800.04,109391363.49,633.05,multiply,BTC
BNB,2024-03-16,605.36,563.92,633.05,122694.77,70654898.99,575.86,multiply,BTC
BNB,2024-03-17,607.08,564.9,575.86,81145.06,46354386.89,571.25,multiply,BTC
BNB,2024-03-18,580.56,546.22,571.25,86032.03,47777366.52,555.34,multiply,BTC
BNB,2024-03-19,513.72,489.26,555.34,101713.9,51610184.14,507.41,multiply,BTC
BNB,2024-03-20,574.62,546.79,507.41,71610.18,39870338.8,556.77,multiply,BTC
BNB,2024-03-21,558.66,531.28,556.77,59808.66,33114839.84,553.68,multiply,BTC
BNB,2024-03-22,570.4,537.66,553.68,94607.08,52411876.74,554.0,multiply,BTC
BNB,2024-03-23,561.45,546.21,554.0,39828.71,21979318.65,551.85,multiply,BTC
BNB,2024-03-24,584.58,567.17,551.85,26243.02,14900156.18,567.78,multiply,BTC
BNB,2024-03-25,612.89,582.76,567.78,60716.9,35646587.43,587.09,multiply,BTC
BNB,2024-03-26,591.91,574.06,587.09,37325.9,21659805.98,580.29,multiply,BTC
BNB,2024-03-27,577.0,565.89,580.29,35954.7,20638525.64,574.01,multiply,BTC
BNB,2024-03-28,599.8,579.84,574.01,43518.76,25390917.64,583.45,multiply,BTC
BNB,2024-03-29,619.84,575.73,583.45,93804.13,57494034.97,612.92,multiply,BTC
BNB,2024-03-30,610.79,594.64,612.92,37718.97,22668212.45,600.98,multiply,BTC
BNB,2024-03-31,620.85,606.59,600.98,26633.31,16164932.42,606.94,multiply,BTC
BNB,2024-04-01,595.4,575.75,606.94,51949.71,29935323.93,576.24,multiply,BTC
BNB,2024-04-02,558.3,540.17,576.24,54903.46,30271652.62,551.36,multiply,BTC
BNB,2024-04-03,563.72,550.06,551.36,36626.41,20576927.39,561.81,multiply,BTC
BNB,2024-04-04,608.29,583.21,561.81,75477.78,44215629.3,585.81,multiply,BTC
BNB,2024-04-05,590.66,573.56,585.81,46846.4,27091621.5,578.31,multiply,BTC
BNB,2024-04-06,593.83,583.63,578.31,21475.52,12578175.58,585.7,multiply,BTC
BNB,2024-04-07,591.27,577.26,585.7,22902.04,13368177.37,583.71,multiply,BTC
BNB,2024-04-08,603.62,585.0,583.71,38711.95,22696286.38,586.29,multiply,BTC
BNB,2024-04-09,582.28,562.64,586.29,47071.61,27317631.57,580.34,multiply,BTC
BNB,2024-04-10,628.38,589.68,580.34,61046.64,37226657.07,609.81,multiply,BTC
BNB,2024-04-11,611.68,589.83,609.81,49687.29,30044822.23,604.68,multiply,BTC
BNB,2024-04-12,601.67,578.03,604.68,119254.0,71062933.39,595.9,multiply,BTC
BNB,2024-04-13,570.56,531.31,595.9,118125.88,65446562.9,554.04,multiply,BTC
BNB,2024-04-14,578.67,560.78,554.04,54464.66,30886751.49,567.1,multiply,BTC
BNB,2024-04-15,558.84,543.49,567.1,56007.14,30965200.16,552.88,multiply,BTC
BNB,2024-04-16,556.87,537.28,552.88,38529.26,20727909.51,537.98,multiply,BTC
BNB,2024-04-17,538.62,513.93,537.98,77539.58,41412943.24,534.09,multiply,BTC
BNB,2024-04-18,573.13,548.48,534.09,68721.79,37954590.72,552.29,multiply,BTC
BNB,2024-04-19,562.69,547.43,552.29,56162.57,31143388.4,554.52,multiply,BTC
BNB,2024-04-20,575.13,563.17,554.52,27076.76,15468877.56,571.3,multiply,BTC
BNB,2024-04-21,582.65,567.91,571.3,31400.66,18208005.71,579.86,multiply,BTC
BNB,2024-04-22,615.06,596.14,579.86,58999.41,35684631.4,604.83,multiply,BTC
BNB,2024-04-23,620.98,597.4,604.83,81589.94,49457394.54,606.17,multiply,BTC
BNB,2024-04-24,615.39,580.88,606.17,60468.18,36799701.19,608.58,multiply,BTC
BNB,2024-04-25,619.8,604.84,608.58,48332.22,29628984.15,613.03,multiply,BTC
BNB,2024-04-26,610.22,595.56,613.03,36617.55,21887258.28,597.73,multiply,BTC
BNB,2024-04-27,624.29,591.44,597.53,34577.64,20596738.79,595.67,multiply,ETH
BNB,2024-04-28,603.53,589.96,595.97,21894.46,13136665.26,600.0,multiply,BTC
BNB,2024-04-29,609.3,592.25,600.0,32164.22,19063627.5,592.7,multiply,BTC
BNB,2024-04-30,584.21,557.83,592.7,80023.83,46255665.18,578.02,multiply,BTC
BNB,2024-05-01,566.34,548.68,578.02,60397.64,33881785.79,560.98,multiply,BTC
BNB,2024-05-02,571.05,557.75,560.98,38181.55,21399590.46,560.47,multiply,BTC
BNB,2024-05-03,602.62,585.13,560.47,40525.27,23806984.46,587.46,multiply,BTC
BNB,2024-05-04,598.08,585.75,587.46,34623.59,20280724.17,585.75,multiply,BTC
BNB,2024-05-05,595.87,586.46,585.75,20129.63,11919856.27,592.15,multiply,BTC
BNB,2024-05-06,590.88,578.62,592.15,29846.37,17554481.12,588.16,multiply,BTC
BNB,2024-05-07,583.41,573.5,588.16,31448.29,18133578.59,576.62,multiply,BTC
BNB,2024-05-08,589.59,565.18,576.62,35300.57,20765344.02,588.24,multiply,BTC
BNB,2024-05-09,618.85,594.94,588.24,66208.81,39507467.15,596.71,multiply,BTC
BNB,2024-05-10,589.67,570.95,596.71,43460.67,25450480.09,585.6,multiply,BTC
BNB,2024-05-11,593.15,581.1,585.6,25632.7,15175915.18,592.05,multiply,BTC
BNB,2024-05-12,599.23,592.84,592.05,28130.45,16723412.86,594.5,multiply,BTC
BNB,2024-05-13,610.13,591.44,594.5,33891.5,20053240.98,591.69,multiply,BTC
BNB,2024-05-14,587.11,562.12,591.69,41675.91,23621903.8,566.8,multiply,BTC
BNB,2024-05-15,610.85,581.24,566.8,62248.85,36189459.81,581.37,multiply,BTC
BNB,2024-05-16,579.62,561.81,581.37,63178.68,35968309.54,569.31,multiply,BTC
BNB,2024-05-17,587.5,580.2,569.31,34501.87,20052524.86,581.2,multiply,BTC
BNB,2024-05-18,584.28,574.04,581.2,16736.71,9713916.2,580.4,multiply,BTC
BNB,2024-05-19,576.2,568.38,580.4,13902.61,7986763.87,574.48,multiply,BTC
BNB,2024-05-20,619.3,598.09,574.48,44885.51,26919106.62,599.73,multiply,BTC
BNB,2024-05-21,624.05,583.57,599.73,87275.78,53974370.46,618.43,multiply,BTC
BNB,2024-05-22,618.93,605.52,618.43,37954.44,23312829.85,614.23,multiply,BTC
BNB,2024-05-23,622.07,583.5,614.25,49719.02,29763240.41,598.63,multiply,ETH
BNB,2024-05-24,611.86,596.16,598.95,25511.36,15312152.4,600.21,multiply,BTC
BNB,2024-05-25,622.98,590.06,600.21,27663.12,16662295.05,602.33,multiply,BTC
BNB,2024-05-26,601.33,594.89,602.33,9739.56,5843988.34,600.03,multiply,BTC
BNB,2024-05-27,612.2,600.82,600.03,18758.37,11318572.99,603.39,multiply,BTC
BNB,2024-05-28,604.8,593.39,603.39,34223.02,20574014.82,601.17,multiply,BTC
BNB,2024-05-29,597.85,589.95,601.17,39067.15,23242853.81,594.95,multiply,BTC
BNB,2024-05-30,602.95,589.49,594.95,15387.92,9155098.15,594.95,multiply,BTC
BNB,2024-05-31,597.08,583.79,594.95,23029.19,13661755.15,593.24,multiply,BTC
BNB,2024-06-01,607.87,593.99,593.24,20515.54,12335995.97,601.3,multiply,BTC
BNB,2024-06-02,605.65,595.22,601.3,19145.41,11538394.3,602.67,multiply,BTC
BNB,2024-06-03,635.16,608.33,602.67,84321.74,52803450.65,626.21,multiply,BTC
BNB,2024-06-04,687.71,639.24,626.21,97163.65,66635031.88,685.8,multiply,BTC
BNB,2024-06-05,717.58,688.63,685.8,75622.09,52850270.28,698.87,multiply,BTC
BNB,2024-06-06,721.17,691.02,698.87,48096.22,34174980.46,710.55,multiply,BTC
BNB,2024-06-07,696.77,666.96,710.55,38977.14,26647429.55,683.67,multiply,BTC
BNB,2024-06-08,693.73,678.83,683.67,20348.97,13889615.98,682.57,multiply,BTC
BNB,2024-06-09,686.51,670.42,682.57,26817.1,18045916.2,672.93,multiply,BTC
BNB,2024-06-10,672.88,613.39,672.93,81772.39,51101576.47,624.92,multiply,BTC
BNB,2024-06-11,620.08,599.08,624.92,73914.93,44534389.83,602.51,multiply,BTC
BNB,2024-06-12,624.6,603.17,602.51,30484.89,18878477.76,619.27,multiply,BTC
BNB,2024-06-13,606.76,594.01,619.27,36255.37,21729583.83,599.35,multiply,BTC
BNB,2024-06-14,603.89,589.83,599.35,44786.29,27004610.03,602.97,multiply,BTC
BNB,2024-06-15,608.74,602.32,602.97,15608.02,9485706.31,607.75,multiply,BTC
BNB,2024-06-16,612.08,606.35,607.75,16880.1,10302690.79,610.35,multiply,BTC
BNB,2024-06-17,611.76,600.99,610.35,33507.19,20246801.45,604.25,multiply,BTC
BNB,2024-06-18,596.0,578.6,604.25,100824.47,59335930.23,588.51,multiply,BTC
BNB,2024-06-19,601.83,586.51,588.51,22557.84,13511615.19,598.98,multiply,BTC
BNB,2024-06-20,598.81,583.63,598.98,29060.06,17071536.7,587.46,multiply,BTC
BNB,2024-06-21,589.58,578.55,587.46,25153.69,14742952.17,586.11,multiply,BTC
BNB,2024-06-22,590.97,582.75,586.11,9857.09,5824642.26,590.91,multiply,BTC
BNB,2024-06-23,581.77,574.0,590.91,19401.07,11201172.08,577.35,multiply,BTC
BNB,2024-06-24,570.89,545.45,577.35,74254.22,42171433.95,567.93,multiply,BTC
BNB,2024-06-25,585.09,574.46,567.93,20341.92,11761059.72,578.17,multiply,BTC
BNB,2024-06-26,575.4,565.48,578.17,28814.19,16504297.13,572.78,multiply,BTC
BNB,2024-06-27,581.73,573.78,572.78,23216.02,13489635.52,581.05,multiply,BTC
BNB,2024-06-28,573.08,563.67,581.05,22737.27,12878045.32,566.38,multiply,BTC
BNB,2024-06-29,572.81,568.86,566.38,18214.57,10373661.36,569.53,multiply,BTC
BNB,2024-06-30,589.81,580.47,569.53,29267.78,17018459.63,581.47,multiply,BTC
BNB,2024-07-01,583.1,573.74,581.47,23582.82,13589704.87,576.25,multiply,BTC
BNB,2024-07-02,579.81,567.09,576.25,31675.08,18345738.2,579.19,multiply,BTC
BNB,2024-07-03,563.97,554.05,579.19,28060.75,15604391.05,556.09,multiply,BTC
BNB,2024-07-04,527.92,511.15,556.09,55729.16,28609678.31,513.37,multiply,BTC
BNB,2024-07-05,510.78,477.07,513.37,106638.71,53079472.38,497.75,multiply,BTC
BNB,2024-07-06,531.18,511.37,497.75,26230.58,13804670.09,526.28,multiply,BTC
BNB,2024-07-07,505.43,486.99,526.28,23862.9,11708960.62,490.68,multiply,BTC
BNB,2024-07-08,519.01,491.16,490.68,84973.39,43374203.8,510.44,multiply,BTC
BNB,2024-07-09,523.88,515.69,510.44,33421.89,17279999.82,517.03,multiply,BTC
BNB,2024-07-10,526.75,510.01,517.03,42924.53,22516240.9,524.55,multiply,BTC
BNB,2024-07-11,532.88,519.01,524.55,63597.53,33386824.42,524.97,multiply,BTC
BNB,2024-07-12,534.77,527.07,524.97,48553.95,25926067.65,533.96,multiply,BTC
BNB,2024-07-13,547.29,530.41,533.96,41440.32,22068895.74,532.55,multiply,BTC
BNB,2024-07-14,548.22,539.52,532.55,40584.87,22116163.99,544.94,multiply,BTC
BNB,2024-07-15,593.25,571.49,544.94,62734.17,36725574.72,585.42,multiply,BTC
BNB,2024-07-16,589.5,575.05,585.42,50034.7,28847308.62,576.55,multiply,BTC
BNB,2024-07-17,570.84,564.5,576.55,34813.49,19803921.15,568.86,multiply,BTC
BNB,2024-07-18,572.63,564.7,568.86,36850.39,21073485.91,571.87,multiply,BTC
BNB,2024-07-19,603.78,587.43,571.87,75863.54,45050727.06,593.84,multiply,BTC
BNB,2024-07-20,599.1,593.39,593.84,23008.43,13654579.81,593.46,multiply,BTC
BNB,2024-07-21,610.25,601.87,593.46,54674.87,32940514.16,602.48,multiply,BTC
BNB,2024-07-22,601.08,586.89,602.48,379987.14,223242915.35,587.5,multiply,BTC
BNB,2024-07-23,584.89,573.15,587.5,48197.23,28053240.11,582.05,multiply,BTC
BNB,2024-07-24,580.53,571.97,582.05,32364.07,18598042.23,574.65,multiply,BTC
BNB,2024-07-25,579.51,568.46,574.65,55431.05,31634342.59,570.7,multiply,BTC
BNB,2024-07-26,589.59,579.2,570.7,35986.66,20911841.98,581.1,multiply,BTC
BNB,2024-07-27,586.97,573.79,581.1,66828.02,38876417.4,581.74,multiply,BTC
BNB,2024-07-28,586.5,582.4,581.74,18581.52,10849791.82,583.9,multiply,BTC
BNB,2024-07-29,575.33,565.45,583.9,80812.91,46408035.88,574.27,multiply,BTC
BNB,2024-07-30,588.21,566.77,574.27,68830.95,40477818.43,588.08,multiply,BTC
BNB,2024-07-31,577.68,568.83,588.08,61242.23,35287600.84,576.2,multiply,BTC
BNB,2024-08-01,584.44,574.38,576.2,86524.46,49731875.72,574.77,multiply,BTC
BNB,2024-08-02,547.21,537.38,574.77,82706.61,44851586.74,542.3,multiply,BTC
BNB,2024-08-03,535.74,525.42,542.3,71454.22,37829773.18,529.43,multiply,BTC
BNB,2024-08-04,509.39,489.27,529.43,85635.82,42526471.81,496.6,multiply,BTC
BNB,2024-08-05,465.59,438.85,496.6,260354.17,120951588.17,464.57,multiply,BTC
BNB,2024-08-06,493.7,481.14,464.57,54963.35,26660908.31,485.07,multiply,BTC
BNB,2024-08-07,480.24,466.79,485.07,37276.04,17700101.37,474.84,multiply,BTC
BNB,2024-08-08,531.68,512.06,474.84,38733.52,20034560.69,517.24,multiply,BTC
BNB,2024-08-09,512.88,507.34,517.24,30330.14,15439449.9,509.05,multiply,BTC
BNB,2024-08-10,524.88,508.98,509.05,17398.96,9104855.26,523.3,multiply,BTC
BNB,2024-08-11,513.2,502.74,523.3,28321.92,14261980.75,503.57,multiply,BTC
BNB,2024-08-12,519.11,508.01,503.57,50003.25,25915680.94,518.28,multiply,BTC
BNB,2024-08-13,545.43,515.3,518.28,46577.16,24422024.67,524.33,multiply,BTC
BNB,2024-08-14,524.0,504.51,524.33,25709.86,13458320.1,523.47,multiply,BTC
BNB,2024-08-15,523.04,507.56,523.47,41272.68,21428151.88,519.18,multiply,BTC
BNB,2024-08-16,532.28,514.61,519.18,27928.85,14518936.26,519.85,multiply,BTC
BNB,2024-08-17,547.98,522.75,519.85,22271.56,12067794.44,541.85,multiply,BTC
BNB,2024-08-18,542.11,523.3,542.07,23927.51,12721300.68,531.66,multiply,ETH
BNB,2024-08-19,561.52,538.93,531.27,43082.06,24068573.98,558.67,multiply,BTC
BNB,2024-08-20,572.39,549.02,558.67,55325.45,31510987.92,569.56,multiply,BTC
BNB,2024-08-21,591.15,565.03,569.56,50744.58,28933190.77,570.17,multiply,BTC
BNB,2024-08-22,588.41,561.12,570.17,52280.83,30481777.74,583.04,multiply,BTC
BNB,2024-08-23,619.86,584.99,583.04,42699.87,25280163.25,592.04,multiply,BTC
BNB,2024-08-24,593.29,576.15,592.04,92095.1,53486235.87,580.77,multiply,BTC
BNB,2024-08-25,583.01,572.02,580.77,34633.32,19886604.03,574.2,multiply,BTC
BNB,2024-08-26,562.45,545.16,574.2,27126.26,14876894.27,548.43,multiply,BTC
BNB,2024-08-27,535.39,518.57,548.43,34118.76,18204029.2,533.55,multiply,BTC
BNB,2024-08-28,539.78,526.25,533.55,32410.47,17404442.89,537.0,multiply,BTC
BNB,2024-08-29,543.29,527.86,537.0,29443.54,15793709.03,536.41,multiply,BTC
BNB,2024-08-30,540.08,530.15,536.41,24448.33,13084184.68,535.18,multiply,BTC
BNB,2024-08-31,538.28,532.08,535.18,11629.41,6198779.52,533.03,multiply,BTC
BNB,2024-09-01,518.0,508.26,533.03,21764.36,11154164.43,512.5,multiply,BTC
BNB,2024-09-02,537.36,516.12,512.5,26941.44,14183982.98,526.47,multiply,BTC
BNB,2024-09-03,524.18,511.13,526.47,24456.08,12684357.25,518.66,multiply,BTC
BNB,2024-09-04,526.07,504.44,518.66,41552.83,21098432.98,507.75,multiply,BTC
BNB,2024-09-05,504.72,491.07,507.75,24672.89,12390545.82,502.19,multiply,BTC
BNB,2024-09-06,493.14,481.06,502.19,56949.87,27740264.09,487.1,multiply,BTC
BNB,2024-09-07,494.61,486.7,487.1,24635.57,12159555.07,493.58,multiply,BTC
BNB,2024-09-08,509.66,498.8,493.58,25498.71,12832058.95,503.24,multiply,BTC
BNB,2024-09-09,527.2,515.96,503.24,29877.92,15499349.39,518.76,multiply,BTC
BNB,2024-09-10,527.02,516.82,518.76,21866.54,11306151.3,517.05,multiply,BTC
BNB,2024-09-11,531.96,513.66,517.05,33791.56,17919582.51,530.3,multiply,BTC
BNB,2024-09-12,551.52,537.51,530.3,53843.26,29316945.02,544.49,multiply,BTC
BNB,2024-09-13,577.51,556.26,544.49,43306.13,24110253.23,556.74,multiply,BTC
BNB,2024-09-14,554.64,551.22,556.74,16936.51,9375413.6,553.56,multiply,BTC
BNB,2024-09-15,559.34,543.25,553.56,23228.57,12856638.73,553.48,multiply,BTC
BNB,2024-09-16,547.64,531.46,553.48,37583.5,20054975.09,533.61,multiply,BTC
BNB,2024-09-17,556.35,540.78,533.61,26708.59,14590163.4,546.27,multiply,BTC
BNB,2024-09-18,565.37,555.98,546.27,23924.97,13390510.49,559.69,multiply,BTC
BNB,2024-09-19,570.64,560.37,559.69,30324.22,17195302.57,567.05,multiply,BTC
BNB,2024-09-20,572.32,563.72,567.05,25246.77,14367756.66,569.09,multiply,BTC
BNB,2024-09-21,591.12,570.46,569.09,27513.09,16200641.15,588.83,multiply,BTC
BNB,2024-09-22,597.47,584.94,588.83,25641.66,15093425.32,588.63,multiply,BTC
BNB,2024-09-23,615.81,586.04,588.63,53719.06,32481898.2,604.66,multiply,BTC
BNB,2024-09-24,619.56,604.71,604.66,36875.09,22348684.19,606.06,multiply,BTC
BNB,2024-09-25,597.1,583.96,606.06,29990.05,17615351.9,587.37,multiply,BTC
BNB,2024-09-26,609.53,595.26,587.37,32614.75,19454563.21,596.5,multiply,BTC
BNB,2024-09-27,617.31,602.05,596.5,34494.16,20941842.74,607.11,multiply,BTC
BNB,2024-09-28,615.54,598.09,607.11,25516.72,15338546.49,601.12,multiply,BTC
BNB,2024-09-29,599.63,594.05,601.12,19188.53,11429178.82,595.63,multiply,BTC
BNB,2024-09-30,575.22,563.95,595.63,34333.48,19475233.34,567.24,multiply,BTC
BNB,2024-10-01,553.86,535.62,567.24,42731.19,23376086.8,547.05,multiply,BTC
BNB,2024-10-02,547.41,535.83,547.05,26919.56,14602270.38,542.44,multiply,BTC
BNB,2024-10-03,546.29,537.18,542.44,20977.15,11425241.96,544.65,multiply,BTC
BNB,2024-10-04,559.78,553.51,544.65,15236.72,8463898.32,555.49,multiply,BTC
BNB,2024-10-05,564.55,554.69,555.49,14276.1,8036572.21,562.94,multiply,BTC
BNB,2024-10-06,577.46,566.34,562.94,14173.79,8083254.85,570.3,multiply,BTC
BNB,2024-10-07,566.42,559.95,570.3,21948.38,12381494.43,564.12,multiply,BTC
BNB,2024-10-08,585.01,560.28,564.12,47945.24,27833888.2,580.53,multiply,BTC
BNB,2024-10-09,570.77,558.54,580.53,43605.48,24857144.06,570.05,multiply,BTC
BNB,2024-10-10,568.02,558.5,570.05,29724.59,16742668.72,563.26,multiply,BTC
BNB,2024-10-11,585.23,568.35,563.26,32510.83,18646092.74,573.53,multiply,BTC
BNB,2024-10-12,584.32,575.66,573.53,16285.25,9387145.61,576.42,multiply,BTC
BNB,2024-10-13,577.32,570.15,576.42,13164.33,7529677.76,571.98,multiply,BTC
BNB,2024-10-14,603.14,586.82,571.98,44290.43,26092846.95,589.13,multiply,BTC
BNB,2024-10-15,608.08,591.58,589.13,39168.78,23286955.11,594.53,multiply,BTC
BNB,2024-10-16,603.12,592.3,594.53,50249.76,30194675.16,600.89,multiply,BTC
BNB,2024-10-17,603.98,590.03,600.89,30392.68,18012488.8,592.66,multiply,BTC
BNB,2024-10-18,603.17,597.22,592.66,29277.25,17539016.49,599.07,multiply,BTC
BNB,2024-10-19,600.7,597.42,599.07,6558.87,3921522.14,597.9,multiply,BTC
BNB,2024-10-20,606.42,601.45,597.9,14803.61,8967979.42,605.8,multiply,BTC
BNB,2024-10-21,601.51,587.03,605.8,37855.77,22655810.46,598.48,multiply,BTC
BNB,2024-10-22,601.39,591.15,598.48,25770.86,15291700.75,593.37,multiply,BTC
BNB,2024-10-23,587.66,579.93,593.37,19520.7,11406510.58,584.33,multiply,BTC
BNB,2024-10-24,592.2,583.3,584.9,163.9,96474.66,591.0,direct,
BTC,2023-10-25,35136.87,33698.9,33923.52,43002.87,1481128342.82,34503.4,direct,
BTC,2023-10-26,34836.51,33746.16,34503.4,36463.09,1248469956.72,34157.06,direct,
BTC,2023-10-27,34246.78,33406.13,34157.06,30792.41,1044635721.14,33907.7,direct,
BTC,2023-10-28,34494.4,33876.07,33907.7,10888.97,371696781.35,34090.05,direct,
BTC,2023-10-29,34761.09,33947.8,34090.05,13639.48,469534963.71,34535.38,direct,
BTC,2023-10-30,34862.12,34090.22,34535.38,23948.89,825552244.82,34494.56,direct,
BTC,2023-10-31,34726.05,34058.4,34494.56,21982.74,756326173.72,34657.73,direct,
BTC,2023-11-01,35623.76,34096.9,34657.73,34274.26,1190955576.06,35439.76,direct,
BTC,2023-11-02,35973.2,34323.19,35439.76,31205.25,1097011932.14,34947.15,direct,
BTC,2023-11-03,34950.21,34118.29,34947.15,27811.97,960199464.71,34732.28,direct,
BTC,2023-11-04,35278.07,34606.38,34732.28,10840.41,377653497.47,35086.09,direct,
BTC,2023-11-05,35393.84,34489.02,35086.09,15210.52,533016306.01,35039.47,direct,
BTC,2023-11-06,35288.36,34758.64,35039.47,17520.44,613732584.95,35054.59,direct,
BTC,2023-11-07,35929.83,34537.87,35054.59,28810.78,1012278827.62,35421.85,direct,
BTC,2023-11-08,36109.43,35120.46,35421.85,26404.64,937630450.49,35638.33,direct,
BTC,2023-11-09,37990.51,35557.78,35638.33,62530.57,2296501186.4,36704.14,direct,
BTC,2023-11-10,37536.44,36342.27,36704.14,32545.3,1206040827.09,37321.51,direct,
BTC,2023-11-11,37417.29,36701.83,37321.51,14920.5,553215494.09,37142.22,direct,
BTC,2023-11-12,37233.45,36747.05,37142.22,9320.87,345567975.97,37079.76,direct,
BTC,2023-11-13,37429.52,36358.0,37079.76,24368.53,897671274.64,36482.51,direct,
BTC,2023-11-14,36752.31,34788.17,36482.51,33896.65,1219819360.84,35551.21,direct,
BTC,2023-11-15,37977.31,35374.22,35551.21,39005.98,1436101057.95,37884.19,direct,
BTC,2023-11-16,37951.14,35512.38,37884.19,38917.77,1428319260.74,36162.42,direct,
BTC,2023-11-17,36780.63,35873.7,36162.42,28253.69,1027029255.11,36626.32,direct,
BTC,2023-11-18,36853.45,36212.85,36626.32,8649.03,316037508.01,36591.19,direct,
BTC,2023-11-19,37529.1,36411.61,36591.19,11668.93,430198062.65,37388.64,direct,
BTC,2023-11-20,37770.11,36767.05,37388.64,31117.45,1162294169.25,37476.66,direct,
BTC,2023-11-21,37665.29,35753.93,37476.66,42793.3,1579350547.76,35758.72,direct,
BTC,2023-11-22,37866.63,35656.41,35758.72,36262.61,1335151412.8,37424.2,direct,
BTC,2023-11-23,37646.06,36892.34,37424.2,16793.76,626668140.1,37299.18,direct,
BTC,2023-11-24,38432.07,37262.39,37299.18,34951.5,1322597274.57,37737.05,direct,
BTC,2023-11-25,37907.84,37616.03,37737.05,8271.55,312424824.64,37801.92,direct,
BTC,2023-11-26,37829.46,37159.52,37801.92,12751.26,478214999.45,37460.21,direct,
BTC,2023-11-27,37568.17,36727.3,37460.21,24674.21,914744666.52,37246.29,direct,
BTC,2023-11-28,38410.41,36879.99,37246.29,33506.06,1265755538.49,37836.63,direct,
BTC,2023-11-29,38456.97,37589.12,37836.63,27433.75,1041457987.13,37861.9,direct,
BTC,2023-11-30,38149.78,37505.7,37861.9,16874.61,637264648.28,37729.58,direct,
BTC,2023-12-01,38982.35,37626.12,37729.58,32942.59,1268612412.23,38699.84,direct,
BTC,2023-12-02,39712.52,38659.45,38699.84,17299.38,677167721.21,39469.35,direct,
BTC,2023-12-03,40203.23,39288.91,39469.35,16087.63,638707315.07,39980.93,direct,
BTC,2023-12-04,42399.42,39980.36,39980.93,48574.89,2012390115.57,41984.41,direct,
BTC,2023-12-05,44639.18,41368.51,41984.41,52083.86,2234743414.43,44089.06,direct,
BTC,2023-12-06,44286.67,43386.17,44089.06,39080.76,1715623988.73,43771.01,direct,
BTC,2023-12-07,44050.53,42856.57,43771.01,30381.14,1320509439.92,43285.02,direct,
BTC,2023-12-08,44735.52,43094.02,43285.02,29502.75,1292562850.41,44186.18,direct,
BTC,2023-12-09,44373.02,43597.57,44186.18,15066.31,662982186.27,43723.0,direct,
BTC,2023-12-10,44047.82,43584.51,43723.0,11497.59,503801762.3,43791.67,direct,
BTC,2023-12-11,43808.9,40180.77,43791.67,58689.61,2446801856.72,41235.58,direct,
BTC,2023-12-12,42080.61,40648.18,41235.58,31480.37,1305859570.88,41472.94,direct,
BTC,2023-12-13,43461.75,40579.83,41472.94,36203.68,1517574126.2,42887.55,direct,
BTC,2023-12-14,43416.91,41433.23,42887.55,34166.34,1460749070.58,43030.6,direct,
BTC,2023-12-15,43091.28,41662.1,43030.6,25157.34,1065004798.33,41939.16,direct,
BTC,2023-12-16,42678.86,41640.84,41939.16,13495.73,570286280.98,42243.26,direct,
BTC,2023-12-17,42372.05,41228.17,42243.26,18460.88,772939037.53,41349.42,direct,
BTC,2023-12-18,42744.41,40512.69,41349.42,32860.71,1362661202.35,42650.27,direct,
BTC,2023-12-19,43454.44,41796.54,42650.27,30940.15,1318306822.38,42268.08,direct,
BTC,2023-12-20,44303.12,42195.52,42268.08,41481.09,1805958609.9,43669.91,direct,
BTC,2023-12-21,44245.16,43306.15,43669.91,29872.95,1306652594.38,43875.01,direct,
BTC,2023-12-22,44417.78,43426.51,43875.01,24740.39,1084076406.5,44008.04,direct,
BTC,2023-12-23,44024.62,43338.34,44008.04,10973.31,479555333.8,43732.75,direct,
BTC,2023-12-24,43965.2,42635.13,43732.75,14281.15,621424795.87,43023.12,direct,
BTC,2023-12-25,43808.21,42763.83,43023.12,14747.02,639501515.36,43593.79,direct,
BTC,2023-12-26,43604.51,41616.59,43593.79,30529.57,1297798884.96,42517.32,direct,
BTC,2023-12-27,43694.83,42121.77,42517.32,27420.29,1178861473.09,43469.34,direct,
BTC,2023-12-28,43817.61,42283.91,43469.34,29112.04,1249335317.05,42588.94,direct,
BTC,2023-12-29,43134.59,41296.86,42588.94,34268.41,1450476730.93,42073.59,direct,
BTC,2023-12-30,42595.81,41529.95,42073.59,21511.57,905852574.49,42146.03,direct,
BTC,2023-12-31,42863.11,41970.37,42146.03,21509.24,912867128.16,42280.14,direct,
BTC,2024-01-01,44210.89,42187.32,42280.14,19499.59,839894208.67,44197.61,direct,
BTC,2024-01-02,45918.98,44181.86,44197.61,57443.36,2596745174.99,44970.34,direct,
BTC,2024-01-03,45513.73,40214.67,44970.34,82056.19,3533041051.83,42854.08,direct,
BTC,2024-01-04,44797.03,42657.44,42854.08,49538.94,2167748750.23,44194.38,direct,
BTC,2024-01-05,44377.15,42508.08,44194.38,54169.3,2368276569.22,44178.89,direct,
BTC,2024-01-06,44248.4,43444.9,44178.89,16352.13,717065469.35,43988.33,direct,
BTC,2024-01-07,44496.47,43639.57,43988.33,20056.41,884154712.5,43950.84,direct,
BTC,2024-01-08,47295.94,43209.8,43950.84,66057.64,3000303504.99,46988.14,direct,
BTC,2024-01-09,47923.17,44889.64,46988.14,66281.93,3083632967.78,46123.0,direct,
BTC,2024-01-10,47705.84,44326.32,46123.0,80226.64,3677964834.63,46667.48,direct,
BTC,2024-01-11,49054.05,45580.11,46667.48,77548.89,3638877778.74,46353.15,direct,
BTC,2024-01-12,46512.17,41454.57,46353.15,87031.78,3855256978.62,42776.42,direct,
BTC,2024-01-13,43243.47,42438.36,42776.42,23024.72,986309535.03,42839.19,direct,
BTC,2024-01-14,43060.49,41702.53,42839.19,21730.6,924871801.97,41704.39,direct,
BTC,2024-01-15,43325.88,41687.69,41704.39,24561.1,1046074902.52,42491.26,direct,
BTC,2024-01-16,43562.19,42047.82,42491.26,36429.24,1565259395.93,43130.88,direct,
BTC,2024-01-17,43183.19,42172.64,43130.88,32911.24,1403011843.2,42739.27,direct,
BTC,2024-01-18,42876.35,40606.86,42739.27,45180.42,1885882508.36,41286.68,direct,
BTC,2024-01-19,42151.57,40246.58,41286.68,45191.13,1864062474.18,41625.47,direct,
BTC,2024-01-20,41846.45,41433.27,41625.47,13096.14,544668570.57,41677.08,direct,
BTC,2024-01-21,41862.83,41493.59,41677.08,9176.94,382561229.54,41570.17,direct,
BTC,2024-01-22,41669.9,39396.81,41570.17,56109.4,2270442343.15,39523.63,direct,
BTC,2024-01-23,40136.09,38512.34,39523.63,46007.49,1805745649.27,39876.44,direct,
BTC,2024-01-24,40526.25,39429.31,39876.44,37009.85,1476062916.95,40078.62,direct,
BTC,2024-01-25,40280.91,39523.94,40078.62,29183.88,1164224625.52,39941.74,direct,
BTC,2024-01-26,42227.71,39814.87,39941.74,42739.48,1763833855.75,41816.55,direct,
BTC,2024-01-27,42191.83,41393.22,41816.55,10632.46,444567824.09,42124.02,direct,
BTC,2024-01-28,42822.8,41632.18,42124.02,16615.66,702267432.76,42028.92,direct,
BTC,2024-01-29,43308.42,41804.05,42028.92,27783.74,1184671101.99,43302.28,direct,
BTC,2024-01-30,43855.77,42690.4,43302.28,34500.06,1498626265.1,42943.64,direct,
BTC,2024-01-31,43734.38,42276.82,42943.64,39491.24,1695950546.73,42555.08,direct,
BTC,2024-02-01,43267.39,41855.88,42555.08,29018.49,1234469121.23,43073.2,direct,
BTC,2024-02-02,43452.76,42536.21,43073.2,26779.09,1152442855.72,43181.71,direct,
BTC,2024-02-03,43355.76,42874.37,43181.71,7556.6,325725942.96,42999.52,direct,
BTC,2024-02-04,43093.79,42232.02,42999.52,9589.32,410404369.06,42570.21,direct,
BTC,2024-02-05,43518.7,41931.59,42570.21,24867.17,1062866796.14,42664.56,direct,
BTC,2024-02-06,43360.05,42526.92,42664.56,22482.95,966265875.57,43091.51,direct,
BTC,2024-02-07,44402.0,42766.8,43091.51,30331.77,1319628672.43,44339.04,direct,
BTC,2024-02-08,45622.13,44333.87,44339.04,39654.68,1785332802.43,45304.61,direct,
BTC,2024-02-09,48208.27,45257.22,45304.61,50590.41,2379925849.32,47154.23,direct,
BTC,2024-02-10,48166.14,46894.61,47154.23,16452.46,780554926.36,47768.12,direct,
BTC,2024-02-11,48597.46,47592.04,47768.12,19858.95,956986637.1,48311.16,direct,
BTC,2024-02-12,50339.2,47718.59,48311.16,47112.86,2319184140.26,49942.97,direct,
BTC,2024-02-13,50392.92,48336.83,49942.97,42027.05,2075339722.8,49733.11,direct,
BTC,2024-02-14,52085.66,49272.58,49733.11,43948.58,2252886326.88,51844.19,direct,
BTC,2024-02-15,52845.45,51357.81,51844.19,42990.13,2239765884.49,51934.57,direct,
BTC,2024-02-16,52598.05,51604.88,51934.57,32295.2,1680749372.19,52163.28,direct,
BTC,2024-02-17,52201.89,50647.34,52163.28,17696.94,910308869.83,51668.78,direct,
BTC,2024-02-18,52393.59,51194.3,51668.78,14716.3,762533081.81,52139.33,direct,
BTC,2024-02-19,52487.6,51691.25,52139.33,18980.36,989270690.85,51781.22,direct,
BTC,2024-02-20,52985.95,50766.77,51781.22,39504.32,2050493239.79,52269.59,direct,
BTC,2024-02-21,52375.42,50633.49,52269.59,32665.42,1676374071.14,51854.36,direct,
BTC,2024-02-22,52056.01,50914.97,51854.36,30501.44,1573393306.75,51263.67,direct,
BTC,2024-02-23,51509.58,50523.07,51263.67,26365.93,1345274652.99,50744.07,direct,
BTC,2024-02-24,51687.88,50583.66,50744.07,10707.22,548313000.54,51574.61,direct,
BTC,2024-02-25,51957.87,51288.57,51574.61,12394.68,640224439.02,51727.63,direct,
BTC,2024-02-26,54939.87,50920.53,51727.63,47961.27,2550669499.35,54518.58,direct,
BTC,2024-02-27,57612.94,54483.19,54518.58,62683.92,3546751167.69,57071.6,direct,
BTC,2024-02-28,64086.08,56726.31,57071.6,102181.72,6171823618.31,62507.1,direct,
BTC,2024-02-29,63652.76,60370.98,62507.1,84709.08,5259277822.5,61179.58,direct,
BTC,2024-03-01,63226.77,60795.21,61179.58,52747.33,3267402863.37,62431.25,direct,
BTC,2024-03-02,62479.07,61631.05,62431.25,20264.53,1257238241.46,62038.39,direct,
BTC,2024-03-03,63254.84,61392.4,62038.39,20301.48,1265273119.48,63149.43,direct,
BTC,2024-03-04,68562.03,62363.97,63149.43,79177.16,5220774005.79,68338.64,direct,
BTC,2024-03-05,69244.55,59268.68,68338.64,126873.13,8263897912.84,63804.11,direct,
BTC,2024-03-06,67645.97,62851.27,63804.11,68031.77,4498440968.53,66115.57,direct,
BTC,2024-03-07,68065.89,65610.94,66115.57,41800.64,2804368120.13,66928.15,direct,
BTC,2024-03-08,70151.23,66173.73,66928.15,59361.92,4046244830.74,68269.39,direct,
BTC,2024-03-09,68663.92,68026.81,68269.39,16947.1,1158711168.05,68446.32,direct,
BTC,2024-03-10,69976.84,68218.19,68446.32,27686.99,1919585405.6,69023.53,direct,
BTC,2024-03-11,72872.77,67170.42,69023.53,62709.74,4476609937.75,72095.86,direct,
BTC,2024-03-12,72996.99,68636.43,72095.86,58546.01,4173072731.62,71449.5,direct,
BTC,2024-03-13,73672.14,71329.7,71449.5,41314.41,3008299520.61,73118.09,direct,
BTC,2024-03-14,73802.64,68493.91,73118.09,60699.01,4325873413.25,71366.96,direct,
BTC,2024-03-15,72394.97,65579.78,71366.96,73358.94,5016358153.02,69497.39,direct,
BTC,2024-03-16,70043.23,64783.87,69497.39,33956.52,2295869354.32,65260.55,direct,
BTC,2024-03-17,68873.88,64529.3,65260.55,29362.49,1962751757.05,68364.45,direct,
BTC,2024-03-18,68925.18,66584.49,68364.45,38542.52,2602930945.01,67609.44,direct,
BTC,2024-03-19,68116.53,61529.15,67609.44,75848.91,4863914201.82,61924.02,direct,
BTC,2024-03-20,68139.33,60782.8,61924.02,69671.19,4466872469.25,67857.3,direct,
BTC,2024-03-21,68229.38,64548.09,67857.3,38234.75,2542747734.72,65493.22,direct,
BTC,2024-03-22,66643.64,62321.3,65493.22,37343.35,2395884490.04,63816.99,direct,
BTC,2024-03-23,66005.71,63025.99,63816.99,19360.47,1250716141.79,64004.42,direct,
BTC,2024-03-24,67623.78,63802.82,64004.42,19120.87,1253420264.9,67208.33,direct,
BTC,2024-03-25,71202.65,66400.46,67208.33,46100.6,3184570068.52,69892.26,direct,
BTC,2024-03-26,71558.85,69294.69,69892.26,32990.33,2319265484.04,69990.22,direct,
BTC,2024-03-27,71762.06,68384.71,69990.22,40450.72,2817965870.72,69434.46,direct,
BTC,2024-03-28,71593.93,68864.89,69434.46,31346.01,2214217706.88,70789.57,direct,
BTC,2024-03-29,70925.04,69059.03,70789.57,17382.89,1216001428.98,69903.72,direct,
BTC,2024-03-30,70356.07,69586.01,69903.72,7371.14,515940317.66,69629.99,direct,
BTC,2024-03-31,71389.78,69601.39,69629.99,10567.65,745658086.55,71312.91,direct,
BTC,2024-04-01,71325.61,68074.92,71312.91,28892.19,2005923775.26,69686.37,direct,
BTC,2024-04-02,69703.1,64571.71,69686.37,48905.67,3234216304.99,65466.81,direct,
BTC,2024-04-03,66925.93,64514.87,65466.81,27792.87,1835055534.78,65986.11,direct,
BTC,2024-04-04,69343.32,65081.42,65986.11,36673.5,2475521298.64,68523.79,direct,
BTC,2024-04-05,68772.34,65994.65,68523.79,32904.8,2219856764.99,67860.53,direct,
BTC,2024-04-06,69672.09,67483.82,67860.53,11314.76,772361130.33,68913.79,direct,
BTC,2024-04-07,70303.08,68877.35,68913.79,13691.75,951477284.85,69357.32,direct,
BTC,2024-04-08,72750.51,69064.41,69357.32,36459.33,2607488940.79,71629.36,direct,
BTC,2024-04-09,71748.92,68213.24,71629.36,34538.71,2411758700.3,69129.48,direct,
BTC,2024-04-10,71150.5,67480.7,69129.48,37142.44,2563902180.98,70628.54,direct,
BTC,2024-04-11,71297.81,69558.05,70628.54,24988.45,1758820969.32,70026.43,direct,
BTC,2024-04-12,71246.69,65257.57,70026.43,49331.17,3367653179.18,67158.3,direct,
BTC,2024-04-13,68422.6,61079.47,67158.3,56915.71,3689543158.77,64021.36,direct,
BTC,2024-04-14,65874.88,62229.8,64021.36,40968.04,2627998512.52,65765.64,direct,
BTC,2024-04-15,66902.94,62328.07,65765.64,40978.19,2658417494.41,63447.27,direct,
BTC,2024-04-16,64385.46,61667.72,63447.27,35542.55,2234500815.41,63824.7,direct,
BTC,2024-04-17,64503.77,59682.79,63824.7,41504.19,2562816108.8,61283.74,direct,
BTC,2024-04-18,64181.25,60829.27,61283.74,31452.84,1972785716.37,63511.2,direct,
BTC,2024-04-19,65491.94,59607.49,63511.2,46058.39,2923364930.21,63848.26,direct,
BTC,2024-04-20,65453.07,63140.68,63848.26,13464.03,866105478.99,64979.21,direct,
BTC,2024-04-21,65724.22,64271.77,64979.21,13150.64,854324202.42,64955.82,direct,
BTC,2024-04-22,67257.68,64536.42,64955.82,22839.75,1510230897.53,66854.24,direct,
BTC,2024-04-23,67211.15,65835.93,66854.24,17575.6,1169300050.32,66415.06,direct,
BTC,2024-04-24,67067.52,63556.97,66415.06,28785.93,1878460968.73,64263.95,direct,
BTC,2024-04-25,65279.7,62759.65,64263.95,26730.52,1713069016.97,64488.49,direct,
BTC,2024-04-26,64795.15,63307.56,64488.49,19914.4,1275865834.83,63750.63,direct,
BTC,2024-04-27,63904.85,62408.97,63750.63,12684.85,799665556.56,63434.44,direct,
BTC,2024-04-28,64335.08,62769.01,63434.44,10104.62,642628554.25,63111.34,direct,
BTC,2024-04-29,64192.54,61768.51,63111.34,21849.86,1370557060.16,63847.54,direct,
BTC,2024-04-30,64721.13,59097.29,63847.54,41212.82,2518380270.05,60633.97,direct,
BTC,2024-05-01,60788.52,56516.09,60633.97,52053.76,3014503800.73,58277.44,direct,
BTC,2024-05-02,59628.08,56936.28,58277.44,29471.89,1724718703.27,59083.85,direct,
BTC,2024-05-03,63355.83,58835.76,59083.85,35180.41,2147038663.01,62917.45,direct,
BTC,2024-05-04,64539.14,62587.84,62917.45,16206.9,1029192793.92,63904.51,direct,
BTC,2024-05-05,64634.43,62923.47,63904.51,12595.62,803966989.59,64037.5,direct,
BTC,2024-05-06,65517.33,62715.9,64037.5,24082.55,1537928462.74,63168.44,direct,
BTC,2024-05-07,64403.15,62274.09,63168.44,20907.17,1326416673.48,62323.36,direct,
BTC,2024-05-08,63004.6,60867.52,62323.36,18593.4,1155791451.43,61179.81,direct,
BTC,2024-05-09,63429.98,60623.94,61179.81,18440.55,1140626858.17,63077.18,direct,
BTC,2024-05-10,63469.13,60181.24,63077.18,25390.35,1565941805.66,60790.82,direct,
BTC,2024-05-11,61489.54,60474.73,60790.82,8298.11,505608099.69,60823.19,direct,
BTC,2024-05-12,61838.51,60600.9,60823.19,8214.5,502848342.69,61459.22,direct,
BTC,2024-05-13,63445.72,60758.38,61459.22,21250.01,1327733464.12,62932.29,direct,
BTC,2024-05-14,63097.07,61094.77,62932.29,26392.04,1636519845.72,61548.48,direct,
BTC,2024-05-15,66467.29,61325.48,61548.48,40708.36,2625073579.59,66245.16,direct,
BTC,2024-05-16,66760.54,64600.05,66245.16,24275.96,1596664354.59,65250.53,direct,
BTC,2024-05-17,67489.24,65120.39,65250.53,23340.48,1552274385.82,67051.35,direct,
BTC,2024-05-18,67397.7,66633.01,67051.35,8752.24,586174043.35,66927.56,direct,
BTC,2024-05-19,67696.21,65878.18,66927.56,9725.64,650338446.5,66268.25,direct,
BTC,2024-05-20,71546.4,66071.74,66268.25,38260.49,2624709812.32,71430.23,direct,
BTC,2024-05-21,71964.79,69158.99,71430.23,30747.6,2169803609.99,70141.17,direct,
BTC,2024-05-22,70643.89,68952.24,70141.17,22981.44,1603267534.2,69123.56,direct,
BTC,2024-05-23,70037.76,66370.0,69123.56,28168.79,1922285401.83,67946.35,direct,
BTC,2024-05-24,69264.17,66613.35,67946.35,18239.62,1242012319.42,68548.33,direct,
BTC,2024-05-25,69599.81,68498.87,68548.33,5972.0,412212332.66,69288.95,direct,
BTC,2024-05-26,69511.53,68156.05,69288.95,5502.87,379159635.92,68488.29,direct,
BTC,2024-05-27,70613.89,68227.32,68488.29,13110.64,909946343.46,69386.83,direct,
BTC,2024-05-28,69533.54,67206.37,69386.83,22223.83,1514489243.92,68330.84,direct,
BTC,2024-05-29,68858.38,67099.33,68330.84,16353.37,1108570253.28,67576.81,direct,
BTC,2024-05-30,69520.94,67107.22,67576.81,20828.64,1424914242.82,68346.19,direct,
BTC,2024-05-31,69012.82,66605.09,68346.19,19922.04,1349659294.8,67482.25,direct,
BTC,2024-06-01,67831.31,67383.55,67482.25,4400.74,297719480.73,67721.6,direct,
BTC,2024-06-02,68409.58,67279.96,67721.6,6731.43,456585602.02,67738.74,direct,
BTC,2024-06-03,70283.97,67584.62,67738.74,22783.46,1575608100.17,68799.6,direct,
BTC,2024-06-04,71090.99,68553.54,68799.6,29746.55,2084571763.56,70548.51,direct,
BTC,2024-06-05,71782.2,70371.34,70548.51,21737.62,1545204312.75,71117.68,direct,
BTC,2024-06-06,71642.27,70113.83,71117.68,16078.4,1141567996.37,70772.35,direct,
BTC,2024-06-07,71943.4,68439.15,70772.35,28318.21,1992355199.22,69330.51,direct,
BTC,2024-06-08,69547.91,69152.66,69330.51,5753.02,399100009.36,69303.58,direct,
BTC,2024-06-09,69837.26,69131.01,69303.58,5137.66,357128157.69,69639.42,direct,
BTC,2024-06-10,70172.0,69166.61,69639.42,12116.49,843477987.58,69505.57,direct,
BTC,2024-06-11,69550.65,66054.78,69505.57,31800.9,2141818771.53,67319.41,direct,
BTC,2024-06-12,70021.47,66896.79,67319.41,31159.85,2139401386.85,68247.0,direct,
BTC,2024-06-13,68428.43,66224.61,68247.0,23051.5,1550737143.4,66742.54,direct,
BTC,2024-06-14,67317.79,65026.62,66742.54,24684.72,1633598669.38,66006.13,direct,
BTC,2024-06-15,66419.48,65832.26,66006.13,6139.62,406250537.71,66188.81,direct,
BTC,2024-06-16,66916.83,66012.05,66188.81,6512.06,433017008.55,66631.59,direct,
BTC,2024-06-17,67264.71,65062.53,66631.59,28974.78,1917243316.16,66481.73,direct,
BTC,2024-06-18,66570.67,64033.69,66481.73,35263.17,2293594296.72,65158.02,direct,
BTC,2024-06-19,65708.56,64656.84,65158.02,13478.88,878187235.08,64950.82,direct,
BTC,2024-06-20,66462.52,64527.9,64950.82,22559.77,1473091625.51,64847.89,direct,
BTC,2024-06-21,65018.39,63350.87,64847.89,22310.94,1427909531.59,64119.34,direct,
BTC,2024-06-22,64500.0,63924.68,64119.34,5570.5,358155105.44,64250.18,direct,
BTC,2024-06-23,64504.84,63154.88,64250.18,6504.7,416250575.81,63181.02,direct,
BTC,2024-06-24,63335.53,58443.98,63181.02,48177.24,2938115761.51,60270.95,direct,
BTC,2024-06-25,62385.37,60232.04,60270.95,31697.13,1946492862.08,61796.56,direct,
BTC,2024-06-26,62471.55,60684.69,61796.56,23423.63,1436803387.64,60824.43,direct,
BTC,2024-06-27,62341.3,60562.27,60824.43,22562.67,1385461549.94,61630.1,direct,
BTC,2024-06-28,62168.03,59907.92,61630.1,24288.31,1481619028.88,60324.3,direct,
BTC,2024-06-29,61129.31,60294.22,60324.3,9214.26,560710968.57,60905.3,direct,
BTC,2024-06-30,62949.76,60637.5,60905.3,12626.61,778765578.43,62685.88,direct,
BTC,2024-07-01,63800.98,62462.2,62685.88,25708.72,1623104957.15,62841.27,direct,
BTC,2024-07-02,63219.74,61453.08,62841.27,20510.77,1278702453.96,62044.48,direct,
BTC,2024-07-03,62198.73,59373.07,62044.48,27365.92,1653064013.62,60157.2,direct,
BTC,2024-07-04,60428.43,56728.63,60157.2,40351.82,2342236881.51,57041.11,direct,
BTC,2024-07-05,57494.97,53528.09,57041.11,57490.15,3198812323.21,56646.24,direct,
BTC,2024-07-06,58495.08,56035.03,56646.24,18766.95,1072779742.28,58255.65,direct,
BTC,2024-07-07,58452.39,55734.13,58255.65,18402.28,1053256457.42,55866.6,direct,
BTC,2024-07-08,58166.93,54305.08,55866.6,43439.51,2441024283.07,56709.76,direct,
BTC,2024-07-09,58289.53,56296.1,56709.76,29452.6,1692558128.7,58047.2,direct,
BTC,2024-07-10,59463.57,57165.19,58047.2,28064.27,1631984559.89,57725.78,direct,
BTC,2024-07-11,59494.11,57072.63,57725.78,29764.17,1729366992.27,57348.75,direct,
BTC,2024-07-12,58543.78,56554.34,57348.75,27242.71,1567843358.24,57913.68,direct,
BTC,2024-07-13,59866.89,57784.15,57913.68,13963.3,819172857.7,59231.06,direct,
BTC,2024-07-14,61424.95,59222.6,59231.06,20080.87,1207899406.9,60818.77,direct,
BTC,2024-07-15,64936.75,60688.12,60818.77,43679.34,2752990856.54,64765.55,direct,
BTC,2024-07-16,65399.48,62434.72,64765.55,38850.8,2492930912.34,65087.61,direct,
BTC,2024-07-17,66131.67,63872.53,65087.61,28170.64,1830962929.69,64096.64,direct,
BTC,2024-07-18,65118.55,63235.08,64096.64,21904.27,1405605268.54,63981.43,direct,
BTC,2024-07-19,67468.45,63305.25,63981.43,33756.81,2214983951.52,66708.49,direct,
BTC,2024-07-20,67626.82,66291.51,66708.49,12566.25,840850489.36,67163.86,direct,
BTC,2024-07-21,68370.58,65840.58,67163.86,18123.31,1219084237.52,68176.98,direct,
BTC,2024-07-22,68490.59,66594.51,68176.98,26712.99,1805561349.3,67567.71,direct,
BTC,2024-07-23,67774.86,65465.88,67567.71,29465.67,1958486045.34,65939.83,direct,
BTC,2024-07-24,67120.99,65112.45,65939.83,21576.01,1426727978.64,65375.53,direct,
BTC,2024-07-25,66154.31,63429.11,65375.53,29473.48,1902596712.12,65794.0,direct,
BTC,2024-07-26,68219.43,65734.24,65794.0,24567.97,1654021251.63,67925.17,direct,
BTC,2024-07-27,69416.52,66675.48,67925.17,26420.73,1801405015.15,67904.55,direct,
BTC,2024-07-28,68306.74,67054.94,67904.55,11980.7,812380984.29,68252.75,direct,
BTC,2024-07-29,70027.05,66436.99,68252.75,33524.03,2292001706.95,66782.78,direct,
BTC,2024-07-30,66989.18,65293.95,66782.78,24376.6,1614525200.12,66180.04,direct,
BTC,2024-07-31,66826.66,64508.96,66180.04,24304.84,1601329476.94,64617.83,direct,
BTC,2024-08-01,65590.04,62238.44,64617.83,37045.09,2364449721.14,65300.21,direct,
BTC,2024-08-02,65548.28,61165.12,65300.21,40943.43,2601345982.92,61422.3,direct,
BTC,2024-08-03,62154.66,59838.49,61422.3,26176.07,1596127875.28,60679.28,direct,
BTC,2024-08-04,61075.03,57174.97,60679.28,28092.97,1665780997.48,58135.89,direct,
BTC,2024-08-05,58275.19,49202.81,58135.89,117153.32,6220425122.88,54031.82,direct,
BTC,2024-08-06,57077.92,53987.77,54031.82,44255.76,2473716223.17,56057.67,direct,
BTC,2024-08-07,57753.96,54580.16,56057.67,39691.91,2232435439.52,55130.45,direct,
BTC,2024-08-08,62717.23,54751.57,55130.45,48215.66,2834182014.44,61708.53,direct,
BTC,2024-08-09,61752.64,59573.13,61708.53,32998.38,2000603963.46,60868.88,direct,
BTC,2024-08-10,61478.08,60270.33,60868.88,11935.68,725371248.47,60940.82,direct,
BTC,2024-08-11,61842.63,58331.17,60940.82,18214.18,1093722861.0,58725.0,direct,
BTC,2024-08-12,60708.39,57677.54,58725.0,33285.38,1967504137.76,59360.89,direct,
BTC,2024-08-13,61603.92,58440.76,59360.89,28787.92,1727785105.35,60609.73,direct,
BTC,2024-08-14,61788.76,58461.76,60609.73,30973.89,1858459018.71,58698.05,direct,
BTC,2024-08-15,59869.57,56132.98,58698.05,34692.53,2023439063.25,57552.92,direct,
BTC,2024-08-16,59851.62,57106.84,57552.92,29186.89,1708248208.47,58893.67,direct,
BTC,2024-08-17,59708.69,58815.46,58893.67,9691.68,574723583.6,59497.94,direct,
BTC,2024-08-18,60280.79,58433.69,59497.94,13915.75,830090221.14,58439.22,direct,
BTC,2024-08-19,59632.55,57828.14,58439.22,24222.4,1420739617.67,59464.41,direct,
BTC,2024-08-20,61442.89,58588.82,59464.41,31292.98,1877438049.21,59027.55,direct,
BTC,2024-08-21,61851.26,58806.66,59027.55,38408.34,2311932103.1,61170.8,direct,
BTC,2024-08-22,61426.96,59756.43,61170.8,28924.51,1754742660.96,60387.29,direct,
BTC,2024-08-23,64982.66,60351.28,60387.29,42020.68,2623908332.37,64087.8,direct,
BTC,2024-08-24,64523.11,63591.53,64087.8,15286.56,979836005.58,64180.77,direct,
BTC,2024-08-25,65058.66,63828.67,64180.77,12753.39,819671993.67,64264.62,direct,
BTC,2024-08-26,64504.12,62816.08,64264.62,27037.83,1719932426.98,62850.27,direct,
BTC,2024-08-27,63220.85,58045.32,62850.27,39241.27,2403744129.11,59441.73,direct,
BTC,2024-08-28,60232.58,57868.47,59441.73,38043.04,2251640371.44,59043.5,direct,
BTC,2024-08-29,61191.57,58735.81,59043.5,34345.83,2058113286.38,59369.85,direct,
BTC,2024-08-30,59926.33,57725.72,59369.85,35023.22,2063630420.49,59129.05,direct,
BTC,2024-08-31,59456.66,58759.04,59129.05,8035.77,474924657.65,58989.17,direct,
BTC,2024-09-01,59085.64,57217.94,58989.17,22352.53,1298154355.3,57313.44,direct,
BTC,2024-09-02,59431.04,57135.27,57313.44,23766.29,1383666270.94,59147.8,direct,
BTC,2024-09-03,59825.44,57411.84,59147.8,26568.4,1548986994.4,57481.84,direct,
BTC,2024-09-04,58532.47,55625.58,57481.84,43027.18,2458579314.87,57975.52,direct,
BTC,2024-09-05,58329.93,55651.61,57975.52,38784.5,2198240196.62,56167.4,direct,
BTC,2024-09-06,57004.28,52552.05,56167.4,69521.39,3807917186.59,53954.33,direct,
BTC,2024-09-07,54852.05,53742.58,53954.33,17050.67,925092003.79,54167.82,direct,
BTC,2024-09-08,55321.44,53631.93,54167.82,19159.79,1042880564.27,54879.33,direct,
BTC,2024-09-09,58005.33,54591.28,54879.33,42637.41,2385673385.77,57056.31,direct,
BTC,2024-09-10,58050.66,56397.36,57056.31,33391.45,1908344975.36,57642.43,direct,
BTC,2024-09-11,58002.86,55554.25,57642.43,55576.26,3160608627.55,57354.27,direct,
BTC,2024-09-12,58573.29,57330.99,57354.27,40914.83,2373500502.95,58140.61,direct,
BTC,2024-09-13,60666.01,57637.58,58140.61,40546.37,2401277043.91,60548.12,direct,
BTC,2024-09-14,60653.12,59433.38,60548.12,15042.25,903199598.39,60013.26,direct,
BTC,2024-09-15,60409.32,58697.69,60013.26,19176.34,1146142289.52,59139.21,direct,
BTC,2024-09-16,59215.73,57486.82,59139.21,33106.34,1927790314.93,58210.01,direct,
BTC,2024-09-17,61356.68,57624.63,58210.01,40712.51,2440680770.1,60321.59,direct,
BTC,2024-09-18,61794.54,59185.2,60321.59,48151.29,2902628124.61,61775.68,direct,
BTC,2024-09-19,63881.87,61582.28,61775.68,46829.96,2939807292.07,62963.41,direct,
BTC,2024-09-20,64131.22,62345.57,62963.41,34617.55,2188110863.96,63211.47,direct,
BTC,2024-09-21,63548.08,62767.25,63211.47,12142.67,766364347.61,63363.17,direct,
BTC,2024-09-22,64015.58,62394.47,63363.17,18884.06,1190921326.46,63587.45,direct,
BTC,2024-09-23,64749.32,62584.5,63587.45,27280.27,1734107185.41,63341.97,direct,
BTC,2024-09-24,64698.02,62710.48,63341.97,32160.64,2045185242.06,64276.65,direct,
BTC,2024-09-25,64823.35,62938.97,64276.65,23967.21,1526541478.78,63144.83,direct,
BTC,2024-09-26,65861.15,62660.36,63144.83,43302.56,2800234985.9,65183.68,direct,
BTC,2024-09-27,66547.69,64839.11,65183.68,36162.6,2378877920.32,65790.28,direct,
BTC,2024-09-28,66267.41,65442.19,65790.28,10383.49,682765288.62,65868.67,direct,
BTC,2024-09-29,66081.97,65440.3,65868.67,11532.92,758322138.61,65611.98,direct,
BTC,2024-09-30,65627.43,62846.03,65611.98,42396.01,2712227231.34,63314.81,direct,
BTC,2024-10-01,64112.99,60156.13,63314.81,67326.52,4189744833.01,60790.06,direct,
BTC,2024-10-02,62383.28,59976.82,60790.06,55652.18,3402156876.74,60641.8,direct,
BTC,2024-10-03,61478.71,59846.16,60641.8,50457.09,3058499959.35,60746.35,direct,
BTC,2024-10-04,62480.52,60458.33,60746.35,38904.7,2395319327.7,62094.06,direct,
BTC,2024-10-05,62377.77,61689.84,62094.06,10082.43,625465514.89,62059.19,direct,
BTC,2024-10-06,62976.08,61815.61,62059.19,13418.93,838451338.95,62821.76,direct,
BTC,2024-10-07,64458.38,62129.23,62821.76,41062.64,2602786910.05,62209.84,direct,
BTC,2024-10-08,63185.68,61832.71,62209.84,33506.88,2090901005.09,62129.17,direct,
BTC,2024-10-09,62513.84,60252.65,62129.17,37528.72,2311387233.46,60585.22,direct,
BTC,2024-10-10,61251.26,58869.24,60585.22,42405.42,2553922274.06,60280.38,direct,
BTC,2024-10-11,63418.56,60039.18,60280.38,36112.65,2236421715.94,62517.42,direct,
BTC,2024-10-12,63469.71,62473.78,62517.42,15673.6,987509499.19,63197.03,direct,
BTC,2024-10-13,63276.36,62036.49,63197.03,16786.01,1051974824.5,62854.48,direct,
BTC,2024-10-14,66494.04,62438.82,62854.48,50393.51,3279898050.67,66068.25,direct,
BTC,2024-10-15,67938.85,64791.36,66068.25,51909.81,3442311150.59,67064.69,direct,
BTC,2024-10-16,68401.67,66752.45,67064.69,42024.2,2841013476.69,67614.71,direct,
BTC,2024-10-17,67931.28,66643.91,67614.71,32062.99,2154293295.5,67408.87,direct,
BTC,2024-10-18,69016.74,67167.07,67408.87,36869.58,2516405877.34,68425.63,direct,
BTC,2024-10-19,68681.33,68009.42,68425.63,7712.36,526753638.72,68370.04,direct,
BTC,2024-10-20,69385.31,68094.66,68370.04,11999.25,824334290.12,69020.94,direct,
BTC,2024-10-21,69501.44,66811.42,69020.94,36536.85,2480399716.7,67358.14,direct,
BTC,2024-10-22,67800.62,66540.7,67358.14,32484.74,2184452853.61,67390.32,direct,
BTC,2024-10-23,67436.29,65171.54,67390.32,32488.79,2154644447.87,66612.97,direct,
BTC,2024-10-24,67547.92,66456.7,66612.97,4986.61,334983272.43,67238.03,direct,
DOGE,2023-10-25,0.06979,0.06469,0.06656,788571592.66,52909947.69,0.06835,direct,
DOGE,2023-10-26,0.07515,0.06784,0.06835,1114765785.7,80022858.44,0.07187,direct,
DOGE,2023-10-27,0.0724,0.06729,0.07187,480532604.71,33590177.25,0.06779,direct,
DOGE,2023-10-28,0.06979,0.06753,0.06779,216973099.27,14926843.77,0.06904,direct,
DOGE,2023-10-29,0.07019,0.06728,0.06904,215964837.51,14893026.12,0.06937,direct,
DOGE,2023-10-30,0.07041,0.06786,0.06937,233473832.97,16160086.24,0.06963,direct,
DOGE,2023-10-31,0.07085,0.06575,0.06963,397348468.28,27256841.3,0.06828,direct,
DOGE,2023-11-01,0.06978,0.06573,0.06828,566968163.35,38541857.72,0.06896,direct,
DOGE,2023-11-02,0.07089,0.06664,0.06896,443150874.96,30548722.63,0.06791,direct,
DOGE,2023-11-03,0.06828,0.06629,0.06791,262708542.76,17692050.5,0.06811,direct,
DOGE,2023-11-04,0.06931,0.06795,0.06811,193648088.15,13287679.63,0.06911,direct,
DOGE,2023-11-05,0.07178,0.06889,0.06911,369865883.26,26027587.07,0.07111,direct,
DOGE,2023-11-06,0.07663,0.07032,0.07111,732626930.65,54183402.64,0.07641,direct,
DOGE,2023-11-07,0.07652,0.07155,0.07641,765905028.48,56476343.25,0.0734,direct,
DOGE,2023-11-08,0.07706,0.07283,0.0734,467201978.28,34930411.89,0.07535,direct,
DOGE,2023-11-09,0.07795,0.06934,0.07535,788141649.04,58448736.12,0.07357,direct,
DOGE,2023-11-10,0.07563,0.07247,0.07357,478974490.26,35518551.89,0.07544,direct,
DOGE,2023-11-11,0.08196,0.07456,0.07544,1261497196.18,99454844.95,0.07853,direct,
DOGE,2023-11-12,0.08036,0.07518,0.07853,521260483.3,40696588.59,0.07798,direct,
DOGE,2023-11-13,0.07961,0.07353,0.07798,775302513.15,59472409.87,0.07456,direct,
DOGE,2023-11-14,0.07555,0.06905,0.07456,604442196.81,44223658.26,0.07244,direct,
DOGE,2023-11-15,0.07656,0.07229,0.07244,402779564.74,29961274.77,0.07627,direct,
DOGE,2023-11-16,0.08339,0.07599,0.07627,1287584021.54,101612148.77,0.07956,direct,
DOGE,2023-11-17,0.08752,0.07914,0.07956,1923026826.42,159525567.1,0.08673,direct,
DOGE,2023-11-18,0.08686,0.07927,0.08673,1112963192.93,92150210.78,0.08031,direct,
DOGE,2023-11-19,0.08071,0.07751,0.08031,534953138.31,42288098.0,0.08052,direct,
DOGE,2023-11-20,0.08224,0.07709,0.08052,615550695.58,49116934.19,0.07772,direct,
DOGE,2023-11-21,0.07878,0.07083,0.07772,832031428.15,62517561.23,0.07179,direct,
DOGE,2023-11-22,0.07663,0.07159,0.07179,461677581.66,34567519.74,0.07576,direct,
DOGE,2023-11-23,0.07639,0.07498,0.07576,232887504.0,17669253.55,0.07621,direct,
DOGE,2023-11-24,0.07871,0.07607,0.07621,333979704.41,25892476.69,0.07823,direct,
DOGE,2023-11-25,0.07921,0.07758,0.07823,181843794.16,14289365.46,0.07898,direct,
DOGE,2023-11-26,0.07902,0.07565,0.07898,243210153.01,18842010.75,0.0787,direct,
DOGE,2023-11-27,0.08148,0.07682,0.0787,564475108.24,44723453.61,0.07882,direct,
DOGE,2023-11-28,0.0812,0.07674,0.07882,454645695.19,36161031.5,0.08087,direct,
DOGE,2023-11-29,0.08315,0.07965,0.08087,426789318.2,34606931.5,0.08051,direct,
DOGE,2023-11-30,0.0844,0.08041,0.08051,526411210.29,43473020.32,0.08343,direct,
DOGE,2023-12-01,0.08508,0.08228,0.08343,458974859.75,38407344.43,0.08388,direct,
DOGE,2023-12-02,0.08665,0.0833,0.08388,304862290.61,25864238.39,0.08623,direct,
DOGE,2023-12-03,0.08741,0.08366,0.08623,397244927.08,33900850.13,0.08575,direct,
DOGE,2023-12-04,0.09254,0.08534,0.08575,1092787917.81,96957496.74,0.09189,direct,
DOGE,2023-12-05,0.09578,0.0875,0.09189,1022870149.0,93826679.7,0.09435,direct,
DOGE,2023-12-06,0.1064,0.09344,0.09435,2055013663.92,205376782.35,0.09488,direct,
DOGE,2023-12-07,0.09829,0.09275,0.09488,862155701.62,82436028.71,0.09593,direct,
DOGE,2023-12-08,0.1041,0.0956,0.09593,715798249.21,70890138.12,0.1017,direct,
DOGE,2023-12-09,0.1049,0.09758,0.1017,623981789.73,63273094.38,0.0985,direct,
DOGE,2023-12-10,0.1028,0.09671,0.0985,404449074.35,40587392.64,0.1019,direct,
DOGE,2023-12-11,0.1072,0.09099,0.1019,1237337130.96,120528274.26,0.09414,direct,
DOGE,2023-12-12,0.098,0.09114,0.09414,555254836.81,52455434.59,0.09377,direct,
DOGE,2023-12-13,0.09757,0.08985,0.09377,544813309.93,50915916.09,0.09642,direct,
DOGE,2023-12-14,0.09875,0.09352,0.09642,554280888.51,53743526.67,0.09836,direct,
DOGE,2023-12-15,0.09882,0.09251,0.09836,398995888.19,38189673.05,0.09299,direct,
DOGE,2023-12-16,0.0972,0.09159,0.09299,276701414.02,26144689.87,0.0971,direct,
DOGE,2023-12-17,0.09777,0.09235,0.0971,290322256.38,27573560.95,0.09287,direct,
DOGE,2023-12-18,0.0937,0.08645,0.09287,450594033.22,40621215.58,0.09212,direct,
DOGE,2023-12-19,0.0935,0.08922,0.09212,333031362.36,30534253.15,0.09019,direct,
DOGE,2023-12-20,0.09333,0.08944,0.09019,367023180.56,33571168.73,0.09149,direct,
DOGE,2023-12-21,0.09792,0.09063,0.09149,589611669.05,55786342.64,0.09499,direct,
DOGE,2023-12-22,0.09562,0.09195,0.09499,396127098.81,37156480.08,0.09504,direct,
DOGE,2023-12-23,0.09505,0.09213,0.09504,192847000.44,18007041.91,0.09348,direct,
DOGE,2023-12-24,0.09491,0.09052,0.09348,304112953.28,28340618.23,0.09178,direct,
DOGE,2023-12-25,0.09538,0.0913,0.09178,210421200.0,19665752.18,0.09437,direct,
DOGE,2023-12-26,0.09446,0.08701,0.09437,357939240.43,32774113.12,0.09137,direct,
DOGE,2023-12-27,0.09391,0.08959,0.09137,242633908.57,22467976.05,0.09367,direct,
DOGE,2023-12-28,0.09498,0.09109,0.09367,283726009.86,26380373.41,0.09177,direct,
DOGE,2023-12-29,0.09303,0.08864,0.09177,262004441.07,23925609.04,0.09101,direct,
DOGE,2023-12-30,0.0914,0.08926,0.09101,125811366.33,11394202.03,0.09001,direct,
DOGE,2023-12-31,0.09085,0.08804,0.09001,113788834.1,10237464.1,0.0895,direct,
DOGE,2024-01-01,0.09208,0.0885,0.0895,158364883.86,14363090.41,0.092,direct,
DOGE,2024-01-02,0.09441,0.09042,0.092,356260589.08,33026702.48,0.0911,direct,
DOGE,2024-01-03,0.09213,0.07702,0.0911,713125339.46,59961786.12,0.08203,direct,
DOGE,2024-01-04,0.08475,0.08112,0.08203,336469143.11,27993882.62,0.08408,direct,
DOGE,2024-01-05,0.0849,0.08041,0.08408,496644483.05,40946885.6,0.08272,direct,
DOGE,2024-01-06,0.08274,0.07845,0.08272,201373297.82,16266205.52,0.08063,direct,
DOGE,2024-01-07,0.08148,0.0771,0.08063,201949846.81,16083010.69,0.07828,direct,
DOGE,2024-01-08,0.08182,0.07429,0.07828,442578443.57,34856849.15,0.08137,direct,
DOGE,2024-01-09,0.08395,0.07676,0.08137,971186854.27,76960515.9,0.07923,direct,
DOGE,2024-01-10,0.08508,0.07629,0.07923,613135016.68,48888679.69,0.08306,direct,
DOGE,2024-01-11,0.08797,0.08207,0.08306,563241213.41,47817865.95,0.08458,direct,
DOGE,2024-01-12,0.08543,0.07776,0.08458,420299899.23,34563255.36,0.08008,direct,
DOGE,2024-01-13,0.08133,0.0786,0.08008,186191547.12,14944554.54,0.08093,direct,
DOGE,2024-01-14,0.08388,0.07964,0.08093,260415117.83,21293541.83,0.07998,direct,
DOGE,2024-01-15,0.08169,0.07982,0.07998,124415542.29,10069291.06,0.08103,direct,
DOGE,2024-01-16,0.08247,0.07984,0.08103,220636574.94,17940119.81,0.08131,direct,
DOGE,2024-01-17,0.08156,0.07932,0.08131,139971745.49,11274429.09,0.08053,direct,
DOGE,2024-01-18,0.0807,0.07683,0.08053,204994822.75,16150382.94,0.07802,direct,
DOGE,2024-01-19,0.07875,0.07478,0.07802,285616970.03,22063808.02,0.0785,direct,
DOGE,2024-01-20,0.09616,0.07816,0.0785,604066195.01,51835982.45,0.09054,direct,
DOGE,2024-01-21,0.09507,0.08466,0.09054,809449138.63,71048374.57,0.08537,direct,
DOGE,2024-01-22,0.0855,0.08004,0.08537,726946815.34,60367615.91,0.08045,direct,
DOGE,2024-01-23,0.08176,0.07597,0.08045,531663850.81,41447863.11,0.07816,direct,
DOGE,2024-01-24,0.08062,0.0776,0.07816,345691878.04,27290474.75,0.07901,direct,
DOGE,2024-01-25,0.07921,0.07709,0.07901,225482570.57,17565301.73,0.07786,direct,
DOGE,2024-01-26,0.08033,0.07749,0.07786,224285587.14,17749617.06,0.07983,direct,
DOGE,2024-01-27,0.08073,0.07901,0.07983,137422968.81,10977215.28,0.08014,direct,
DOGE,2024-01-28,0.08144,0.0782,0.08014,146439592.51,11707335.73,0.07882,direct,
DOGE,2024-01-29,0.08302,0.07819,0.07882,443437863.1,35969143.19,0.08135,direct,
DOGE,2024-01-30,0.08216,0.0794,0.08135,204199925.05,16575635.83,0.07973,direct,
DOGE,2024-01-31,0.08024,0.07796,0.07973,186935396.95,14826301.94,0.07873,direct,
DOGE,2024-02-01,0.07982,0.07732,0.07873,131266866.99,10357342.24,0.07932,direct,
DOGE,2024-02-02,0.07992,0.07855,0.07932,117837838.19,9341281.0,0.07923,direct,
DOGE,2024-02-03,0.07948,0.07853,0.07923,51874785.08,4102266.03,0.0787,direct,
DOGE,2024-02-04,0.07991,0.07782,0.0787,68194309.39,5376991.86,0.07828,direct,
DOGE,2024-02-05,0.08021,0.07732,0.07828,201409395.06,15864042.45,0.07825,direct,
DOGE,2024-02-06,0.07919,0.07765,0.07825,85892781.92,6740411.22,0.07847,direct,
DOGE,2024-02-07,0.08029,0.07809,0.07847,121749328.89,9650041.28,0.08011,direct,
DOGE,2024-02-08,0.08083,0.07958,0.08011,133557102.45,10706609.35,0.07987,direct,
DOGE,2024-02-09,0.08216,0.07987,0.07987,269178883.37,21893586.34,0.0816,direct,
DOGE,2024-02-10,0.08219,0.08037,0.0816,154913618.17,12586206.01,0.08145,direct,
DOGE,2024-02-11,0.08356,0.08078,0.08145,230578656.54,18922050.23,0.08125,direct,
DOGE,2024-02-12,0.08286,0.07946,0.08125,279519183.65,22710294.24,0.08226,direct,
DOGE,2024-02-13,0.08302,0.07968,0.08226,264827007.8,21617257.31,0.0811,direct,
DOGE,2024-02-14,0.08706,0.08053,0.0811,463615771.38,39128628.75,0.08556,direct,
DOGE,2024-02-15,0.08828,0.08399,0.08556,424472152.9,36518415.66,0.08538,direct,
DOGE,2024-02-16,0.08801,0.08402,0.08538,290414222.84,24915371.34,0.08598,direct,
DOGE,2024-02-17,0.08613,0.08193,0.08598,243761001.43,20389790.55,0.08359,direct,
DOGE,2024-02-18,0.08574,0.08288,0.08359,212175457.15,17864979.91,0.0852,direct,
DOGE,2024-02-19,0.09079,0.08505,0.0852,460464799.4,40417981.44,0.08943,direct,
DOGE,2024-02-20,0.09152,0.08309,0.08943,571454407.49,49722195.24,0.08617,direct,
DOGE,2024-02-21,0.08628,0.08198,0.08617,280563088.96,23524090.76,0.0846,direct,
DOGE,2024-02-22,0.08547,0.08302,0.0846,212047917.95,17923606.53,0.08404,direct,
DOGE,2024-02-23,0.08552,0.08286,0.08404,284499171.1,23936750.33,0.0845,direct,
DOGE,2024-02-24,0.08644,0.08383,0.0845,198084461.75,16931853.55,0.08615,direct,
DOGE,2024-02-25,0.08678,0.08522,0.08615,196389726.9,16922255.42,0.08616,direct,
DOGE,2024-02-26,0.09015,0.08418,0.08616,414436718.95,36160558.24,0.08935,direct,
DOGE,2024-02-27,0.1007,0.08851,0.08935,1378778409.78,131823689.62,0.09764,direct,
DOGE,2024-02-28,0.1234,0.0943,0.09764,2561228408.11,276910698.63,0.1162,direct,
DOGE,2024-02-29,0.1351,0.1113,0.1162,3125764704.73,392864093.73,0.1174,direct,
DOGE,2024-03-01,0.1462,0.1172,0.1174,2203095485.77,288332438.07,0.1395,direct,
DOGE,2024-03-02,0.1511,0.136,0.1395,1813945141.02,259309477.42,0.1421,direct,
DOGE,2024-03-03,0.1567,0.1236,0.1421,1883077253.27,270921696.48,0.1536,direct,
DOGE,2024-03-04,0.1863,0.1452,0.1536,2979340880.51,501084775.02,0.1824,direct,
DOGE,2024-03-05,0.2076,0.1261,0.1824,4398575321.64,754515674.32,0.1537,direct,
DOGE,2024-03-06,0.1797,0.1464,0.1537,2073535647.91,334264586.05,0.1579,direct,
DOGE,2024-03-07,0.1625,0.1466,0.1579,1331590743.58,205896252.67,0.1578,direct,
DOGE,2024-03-08,0.1762,0.1553,0.1578,1480291262.53,246583887.66,0.1649,direct,
DOGE,2024-03-09,0.1856,0.1634,0.1649,1145949844.95,200739335.91,0.1792,direct,
DOGE,2024-03-10,0.18,0.1655,0.1792,717988404.12,124543074.17,0.1703,direct,
DOGE,2024-03-11,0.1831,0.16,0.1703,1122261066.73,194775869.13,0.182,direct,
DOGE,2024-03-12,0.1835,0.1557,0.182,841611717.16,142322815.43,0.1682,direct,
DOGE,2024-03-13,0.1745,0.165,0.1682,646031105.08,109741692.35,0.1691,direct,
DOGE,2024-03-14,0.193,0.1651,0.1691,2073654604.67,372987027.49,0.1772,direct,
DOGE,2024-03-15,0.1813,0.1513,0.1772,1573447587.82,258700101.03,0.1635,direct,
DOGE,2024-03-16,0.1652,0.138,0.1635,1017102376.25,153687569.94,0.1424,direct,
DOGE,2024-03-17,0.159,0.1367,0.1424,886857243.55,132273329.34,0.1542,direct,
DOGE,2024-03-18,0.1542,0.14,0.1542,703508992.5,102886254.01,0.1435,direct,
DOGE,2024-03-19,0.1452,0.1252,0.1435,1482706299.05,195674707.18,0.1287,direct,
DOGE,2024-03-20,0.1533,0.1228,0.1287,1661269016.53,227846920.04,0.1521,direct,
DOGE,2024-03-21,0.1598,0.1466,0.1521,1255024360.52,191752590.86,0.1554,direct,
DOGE,2024-03-22,0.165,0.1453,0.1554,1201006500.08,185339092.84,0.1529,direct,
DOGE,2024-03-23,0.1751,0.1517,0.1529,1284929065.8,211549847.01,0.1619,direct,
DOGE,2024-03-24,0.18,0.1612,0.1619,1221220828.38,210552410.1,0.1765,direct,
DOGE,2024-03-25,0.1869,0.1701,0.1765,1208031481.41,214369873.07,0.1753,direct,
DOGE,2024-03-26,0.1871,0.1743,0.1753,1095219257.08,197456157.76,0.1823,direct,
DOGE,2024-03-27,0.1915,0.1789,0.1823,1837321662.43,341407524.3,0.1903,direct,
DOGE,2024-03-28,0.2288,0.1891,0.1903,2535750781.39,533190621.4,0.22,direct,
DOGE,2024-03-29,0.2248,0.2079,0.22,1172288237.57,251667003.85,0.2131,direct,
DOGE,2024-03-30,0.2169,0.1967,0.2131,866880350.31,178844850.87,0.1992,direct,
DOGE,2024-03-31,0.2243,0.1992,0.1992,875921100.85,186642519.87,0.22,direct,
DOGE,2024-04-01,0.22,0.1972,0.22,1282096508.85,263979561.65,0.2052,direct,
DOGE,2024-04-02,0.2052,0.1801,0.2052,1699676823.5,319240558.71,0.1825,direct,
DOGE,2024-04-03,0.1875,0.1701,0.1825,1255932486.24,226050902.1,0.1753,direct,
DOGE,2024-04-04,0.1884,0.172,0.1753,952027699.92,172075444.41,0.1801,direct,
DOGE,2024-04-05,0.1808,0.1675,0.1801,908340612.73,158289528.24,0.1773,direct,
DOGE,2024-04-06,0.1879,0.1765,0.1773,636631641.96,116376530.6,0.1858,direct,
DOGE,2024-04-07,0.2053,0.1855,0.1858,1037003728.87,204664849.21,0.1988,direct,
DOGE,2024-04-08,0.2089,0.1955,0.1988,788978788.77,160229236.09,0.2026,direct,
DOGE,2024-04-09,0.2034,0.1857,0.2026,857062803.07,166404099.42,0.1891,direct,
DOGE,2024-04-10,0.2021,0.1799,0.1891,922294519.72,177521244.53,0.1998,direct,
DOGE,2024-04-11,0.2036,0.1897,0.1998,680892298.47,133004909.41,0.1938,direct,
DOGE,2024-04-12,0.2013,0.1608,0.1938,1504706919.33,273900581.05,0.1744,direct,
DOGE,2024-04-13,0.1759,0.1301,0.1744,2367551009.73,369505028.37,0.1527,direct,
DOGE,2024-04-14,0.165,0.1444,0.1527,1506182605.91,231392255.87,0.1623,direct,
DOGE,2024-04-15,0.1691,0.1505,0.1623,1386602041.22,220552913.04,0.1612,direct,
DOGE,2024-04-16,0.1625,0.1463,0.1612,866720177.05,133665685.03,0.1561,direct,
DOGE,2024-04-17,0.1587,0.1443,0.1561,748532843.87,112637647.63,0.1476,direct,
DOGE,2024-04-18,0.1575,0.141,0.1476,761535622.96,113486418.68,0.1523,direct,
DOGE,2024-04-19,0.1572,0.139,0.1523,955620522.97,142805611.8,0.1564,direct,
DOGE,2024-04-20,0.1651,0.1507,0.1564,736758507.54,116686637.57,0.1627,direct,
DOGE,2024-04-21,0.1659,0.1551,0.1627,517415570.23,82990034.06,0.1582,direct,
DOGE,2024-04-22,0.1635,0.1565,0.1582,481796003.25,77228210.27,0.1613,direct,
DOGE,2024-04-23,0.163,0.1569,0.1613,389015858.93,62435643.43,0.1598,direct,
DOGE,2024-04-24,0.1644,0.1493,0.1598,736261326.32,116252757.87,0.1513,direct,
DOGE,2024-04-25,0.1544,0.1475,0.1513,363390659.27,54809036.14,0.1513,direct,
DOGE,2024-04-26,0.1518,0.1468,0.1513,340876777.84,50897878.79,0.1479,direct,
DOGE,2024-04-27,0.1496,0.1427,0.1479,317518426.72,46360059.94,0.1477,direct,
DOGE,2024-04-28,0.151,0.146,0.1477,158144192.74,23560922.41,0.1467,direct,
DOGE,2024-04-29,0.148,0.1397,0.1467,425829077.98,60593620.97,0.1434,direct,
DOGE,2024-04-30,0.1459,0.1291,0.1434,660348573.78,89725061.07,0.1333,direct,
DOGE,2024-05-01,0.1338,0.1199,0.1333,1154685131.2,145888997.88,0.1301,direct,
DOGE,2024-05-02,0.1344,0.124,0.1301,638180405.3,83360772.69,0.1319,direct,
DOGE,2024-05-03,0.1481,0.1312,0.1319,641341113.21,89107101.82,0.1461,direct,
DOGE,2024-05-04,0.1699,0.1458,0.1461,1229653524.63,195320111.5,0.1601,direct,
DOGE,2024-05-05,0.1635,0.1546,0.1601,545181524.94,87196329.2,0.161,direct,
DOGE,2024-05-06,0.169,0.1541,0.161,719358251.49,115724357.94,0.1565,direct,
DOGE,2024-05-07,0.1599,0.1493,0.1565,502180853.15,78076107.52,0.15,direct,
DOGE,2024-05-08,0.1519,0.142,0.15,492794946.53,72559151.05,0.1432,direct,
DOGE,2024-05-09,0.1542,0.1431,0.1432,463375698.33,68650459.64,0.1522,direct,
DOGE,2024-05-10,0.1539,0.1423,0.1522,500204686.06,73583889.19,0.1439,direct,
DOGE,2024-05-11,0.1462,0.1425,0.1439,141042120.2,20334316.35,0.143,direct,
DOGE,2024-05-12,0.1444,0.1396,0.143,222383874.32,31541279.67,0.1412,direct,
DOGE,2024-05-13,0.1573,0.1358,0.1412,964436752.43,143034521.68,0.1486,direct,
DOGE,2024-05-14,0.1551,0.1442,0.1486,799098095.33,119353242.59,0.1454,direct,
DOGE,2024-05-15,0.157,0.1452,0.1454,740810478.61,112411731.74,0.1554,direct,
DOGE,2024-05-16,0.1593,0.1487,0.1554,473534135.05,72711410.55,0.1497,direct,
DOGE,2024-05-17,0.1567,0.1493,0.1497,418823745.91,64149055.47,0.1556,direct,
DOGE,2024-05-18,0.157,0.1514,0.1556,205236467.77,31621218.4,0.1531,direct,
DOGE,2024-05-19,0.156,0.1474,0.1531,235349739.67,35626881.13,0.1491,direct,
DOGE,2024-05-20,0.1663,0.1478,0.1491,635158589.25,99492399.05,0.1658,direct,
DOGE,2024-05-21,0.1737,0.1607,0.1658,970213629.9,161792759.86,0.1702,direct,
DOGE,2024-05-22,0.1746,0.1617,0.1702,661938330.76,111372940.84,0.1662,direct,
DOGE,2024-05-23,0.1693,0.152,0.1662,720087377.23,115731886.3,0.1596,direct,
DOGE,2024-05-24,0.1732,0.1551,0.1596,960898927.06,157937168.83,0.1638,direct,
DOGE,2024-05-25,0.1742,0.1627,0.1638,452654506.79,75982764.91,0.1739,direct,
DOGE,2024-05-26,0.1749,0.1654,0.1739,448647169.29,76289604.77,0.1661,direct,
DOGE,2024-05-27,0.1735,0.1641,0.1661,481264237.88,81116298.74,0.1689,direct,
DOGE,2024-05-28,0.1696,0.1614,0.1689,435160912.31,71726170.42,0.1648,direct,
DOGE,2024-05-29,0.1707,0.1621,0.1648,490890595.22,81547594.11,0.1637,direct,
DOGE,2024-05-30,0.1655,0.1563,0.1637,507558156.42,81853141.41,0.1594,direct,
DOGE,2024-05-31,0.1625,0.1543,0.1594,300264519.4,47604648.84,0.1589,direct,
DOGE,2024-06-01,0.1616,0.1583,0.1589,134705909.94,21551170.12,0.1602,direct,
DOGE,2024-06-02,0.1612,0.1546,0.1602,150324233.06,23699717.6,0.1571,direct,
DOGE,2024-06-03,0.1635,0.1557,0.1571,338407420.12,54309215.19,0.1583,direct,
DOGE,2024-06-04,0.1619,0.157,0.1583,191437905.19,30591459.72,0.1614,direct,
DOGE,2024-06-05,0.1648,0.1613,0.1614,219000571.88,35689124.85,0.1632,direct,
DOGE,2024-06-06,0.1656,0.1583,0.1632,230631444.77,37386842.45,0.1601,direct,
DOGE,2024-06-07,0.1621,0.1402,0.1601,573037576.72,86818750.04,0.1482,direct,
DOGE,2024-06-08,0.1487,0.1435,0.1482,256522528.63,37561807.15,0.1459,direct,
DOGE,2024-06-09,0.1491,0.145,0.1459,153047221.24,22449720.16,0.1468,direct,
DOGE,2024-06-10,0.1479,0.1433,0.1468,247278559.46,35913647.74,0.1447,direct,
DOGE,2024-06-11,0.1451,0.1337,0.1447,502779405.21,70047942.99,0.1381,direct,
DOGE,2024-06-12,0.1507,0.1346,0.1381,625038004.15,90361315.59,0.1462,direct,
DOGE,2024-06-13,0.1464,0.1401,0.1462,361524494.64,51696959.03,0.141,direct,
DOGE,2024-06-14,0.1433,0.1319,0.141,429405147.2,58838405.36,0.1349,direct,
DOGE,2024-06-15,0.1374,0.1341,0.1349,178962816.12,24360757.57,0.1367,direct,
DOGE,2024-06-16,0.1375,0.1347,0.1367,135092549.27,18405181.55,0.137,direct,
DOGE,2024-06-17,0.1381,0.1261,0.137,452121282.45,59642865.9,0.1288,direct,
DOGE,2024-06-18,0.1292,0.1141,0.1288,699699447.78,84415334.02,0.1222,direct,
DOGE,2024-06-19,0.1268,0.1214,0.1222,397625178.57,49218533.96,0.1225,direct,
DOGE,2024-06-20,0.1287,0.1213,0.1225,326013443.92,40491839.46,0.1245,direct,
DOGE,2024-06-21,0.1256,0.1213,0.1245,245544421.94,30357542.7,0.1241,direct,
DOGE,2024-06-22,0.1255,0.1229,0.1241,146235637.65,18181774.58,0.1237,direct,
DOGE,2024-06-23,0.1263,0.1212,0.1237,173274153.07,21440847.93,0.1221,direct,
DOGE,2024-06-24,0.1238,0.1136,0.1221,431129306.19,50932000.97,0.1189,direct,
DOGE,2024-06-25,0.1285,0.1188,0.1189,490561691.43,61185515.51,0.1261,direct,
DOGE,2024-06-26,0.1286,0.1216,0.1261,317571751.54,39331879.55,0.1227,direct,
DOGE,2024-06-27,0.1283,0.1205,0.1227,345885265.64,42984174.16,0.1269,direct,
DOGE,2024-06-28,0.1283,0.122,0.1269,288797355.78,36196652.43,0.1228,direct,
DOGE,2024-06-29,0.1242,0.1212,0.1228,88520445.28,10886784.39,0.1217,direct,
DOGE,2024-06-30,0.1255,0.1203,0.1217,113022157.0,13871257.06,0.1243,direct,
DOGE,2024-07-01,0.1273,0.1231,0.1243,187000945.46,23394472.25,0.1234,direct,
DOGE,2024-07-02,0.1252,0.1223,0.1234,143844756.59,17782684.44,0.1251,direct,
DOGE,2024-07-03,0.1253,0.1167,0.1251,266447679.96,31851828.64,0.1184,direct,
DOGE,2024-07-04,0.119,0.104,0.1184,606982391.33,66970080.95,0.1049,direct,
DOGE,2024-07-05,0.1068,0.09166,0.1049,1057761602.33,105302810.65,0.1056,direct,
DOGE,2024-07-06,0.1142,0.1047,0.1056,379141943.11,41368563.66,0.1135,direct,
DOGE,2024-07-07,0.1135,0.1036,0.1135,258615609.56,28102535.92,0.1041,direct,
DOGE,2024-07-08,0.1114,0.09879,0.1041,431662984.89,45520469.24,0.1076,direct,
DOGE,2024-07-09,0.1095,0.1058,0.1076,279268420.96,30117746.82,0.1075,direct,
DOGE,2024-07-10,0.1105,0.1058,0.1075,292776963.75,31830402.8,0.108,direct,
DOGE,2024-07-11,0.1125,0.1062,0.108,197395628.99,21440343.73,0.1066,direct,
DOGE,2024-07-12,0.1084,0.1048,0.1066,172960773.55,18463995.26,0.1077,direct,
DOGE,2024-07-13,0.113,0.1073,0.1077,238462594.34,26357122.3,0.1123,direct,
DOGE,2024-07-14,0.1169,0.1112,0.1123,207494671.67,23583582.76,0.1154,direct,
DOGE,2024-07-15,0.1256,0.1146,0.1154,347674712.44,41635443.67,0.125,direct,
DOGE,2024-07-16,0.1279,0.119,0.125,372089262.49,46279459.02,0.1248,direct,
DOGE,2024-07-17,0.1278,0.1202,0.1248,298911232.64,37041799.59,0.1218,direct,
DOGE,2024-07-18,0.1239,0.1172,0.1218,234752703.12,28349934.6,0.1195,direct,
DOGE,2024-07-19,0.1261,0.1174,0.1195,292361110.83,35909982.33,0.1255,direct,
DOGE,2024-07-20,0.1358,0.1244,0.1255,486133117.99,63919328.47,0.1343,direct,
DOGE,2024-07-21,0.1437,0.1258,0.1343,517535481.02,70186727.28,0.1402,direct,
DOGE,2024-07-22,0.1426,0.1359,0.1402,545325369.81,75960490.92,0.1378,direct,
DOGE,2024-07-23,0.1393,0.1281,0.1378,388572384.98,51541485.49,0.1303,direct,
DOGE,2024-07-24,0.1348,0.1269,0.1303,222980817.56,29231028.86,0.1279,direct,
DOGE,2024-07-25,0.1287,0.1201,0.1279,353671091.46,43790272.15,0.1252,direct,
DOGE,2024-07-26,0.1349,0.1251,0.1252,352976029.81,46221135.33,0.1342,direct,
DOGE,2024-07-27,0.1387,0.1302,0.1342,435710122.18,58509287.42,0.1314,direct,
DOGE,2024-07-28,0.1319,0.1282,0.1314,177334846.79,23065150.46,0.13,direct,
DOGE,2024-07-29,0.135,0.1277,0.13,361758080.08,47638593.55,0.1284,direct,
DOGE,2024-07-30,0.1306,0.1233,0.1284,246540280.52,31467589.84,0.1255,direct,
DOGE,2024-07-31,0.1273,0.1212,0.1255,220119941.93,27369437.59,0.1219,direct,
DOGE,2024-08-01,0.123,0.112,0.1219,316524433.1,37279609.15,0.119,direct,
DOGE,2024-08-02,0.1196,0.1101,0.119,295977345.1,33762727.76,0.1114,direct,
DOGE,2024-08-03,0.1146,0.1052,0.1114,356113840.89,39003583.11,0.1081,direct,
DOGE,2024-08-04,0.1093,0.09904,0.1081,338136835.1,35261091.45,0.1037,direct,
DOGE,2024-08-05,0.1042,0.08051,0.1037,1485328120.47,135136244.37,0.09435,direct,
DOGE,2024-08-06,0.1015,0.09411,0.09435,461169812.24,45153729.73,0.09652,direct,
DOGE,2024-08-07,0.1021,0.09433,0.09652,472886939.94,46336380.83,0.09557,direct,
DOGE,2024-08-08,0.108,0.09357,0.09557,442811372.21,45247515.5,0.1075,direct,
DOGE,2024-08-09,0.1078,0.1016,0.1075,292318844.18,30433737.54,0.1039,direct,
DOGE,2024-08-10,0.1059,0.1029,0.1039,138385390.74,14478871.87,0.1052,direct,
DOGE,2024-08-11,0.111,0.1001,0.1052,374995744.45,39886633.13,0.1006,direct,
DOGE,2024-08-12,0.1086,0.1002,0.1006,425296731.37,44744044.97,0.1079,direct,
DOGE,2024-08-13,0.1091,0.1034,0.1079,237836793.63,25181368.31,0.1064,direct,
DOGE,2024-08-14,0.1071,0.1015,0.1064,181435401.67,18923496.57,0.1024,direct,
DOGE,2024-08-15,0.1049,0.09798,0.1024,271657458.45,27470711.39,0.1002,direct,
DOGE,2024-08-16,0.1021,0.09748,0.1002,195274752.6,19549200.97,0.1004,direct,
DOGE,2024-08-17,0.1037,0.1001,0.1004,91965246.08,9393393.88,0.1028,direct,
DOGE,2024-08-18,0.1044,0.1,0.1028,124483746.93,12772958.17,0.1001,direct,
DOGE,2024-08-19,0.1019,0.0986,0.1001,183463148.18,18340683.32,0.1014,direct,
DOGE,2024-08-20,0.1057,0.1011,0.1014,414196589.51,43045787.34,0.1029,direct,
DOGE,2024-08-21,0.108,0.1021,0.1029,228675245.34,24009082.46,0.1062,direct,
DOGE,2024-08-22,0.1069,0.104,0.1062,138813976.75,14645525.08,0.1053,direct,
DOGE,2024-08-23,0.1155,0.1053,0.1053,470540765.54,52039551.51,0.113,direct,
DOGE,2024-08-24,0.115,0.1108,0.113,307405778.65,34716410.58,0.1126,direct,
DOGE,2024-08-25,0.1129,0.1079,0.1126,225925727.36,24890006.11,0.1097,direct,
DOGE,2024-08-26,0.1103,0.1045,0.1097,226295223.83,24287206.94,0.1052,direct,
DOGE,2024-08-27,0.1065,0.09647,0.1052,343558010.14,35163552.73,0.09892,direct,
DOGE,2024-08-28,0.1019,0.09684,0.09892,323378845.96,32192998.85,0.09968,direct,
DOGE,2024-08-29,0.1026,0.09829,0.09968,196609909.87,19749311.06,0.1004,direct,
DOGE,2024-08-30,0.1029,0.09703,0.1004,286078432.66,28746541.76,0.1018,direct,
DOGE,2024-08-31,0.1023,0.1004,0.1018,135998454.7,13793466.63,0.1013,direct,
DOGE,2024-09-01,0.1015,0.09399,0.1013,193513199.97,18929887.95,0.09512,direct,
DOGE,2024-09-02,0.09984,0.0941,0.09512,197172954.71,19140134.95,0.0991,direct,
DOGE,2024-09-03,0.1008,0.09649,0.0991,189163233.74,18628226.14,0.09677,direct,
DOGE,2024-09-04,0.0995,0.09196,0.09677,333093334.57,32121197.31,0.09799,direct,
DOGE,2024-09-05,0.09916,0.09601,0.09799,225842585.46,22074773.0,0.09839,direct,
DOGE,2024-09-06,0.09941,0.08893,0.09839,392986407.68,36846762.33,0.09254,direct,
DOGE,2024-09-07,0.0957,0.09174,0.09254,232509435.48,21913401.4,0.0954,direct,
DOGE,2024-09-08,0.09695,0.09385,0.0954,144170057.09,13784463.78,0.09615,direct,
DOGE,2024-09-09,0.1049,0.09576,0.09615,391893256.1,39484360.55,0.1038,direct,
DOGE,2024-09-10,0.1046,0.1015,0.1038,198845968.16,20463973.21,0.1028,direct,
DOGE,2024-09-11,0.103,0.09786,0.1028,248317126.4,24997271.05,0.1013,direct,
DOGE,2024-09-12,0.1033,0.1005,0.1013,213782254.67,21826146.14,0.1027,direct,
DOGE,2024-09-13,0.1085,0.1018,0.1027,418495427.4,44342951.4,0.1071,direct,
DOGE,2024-09-14,0.1078,0.1044,0.1071,190926102.69,20254008.85,0.1054,direct,
DOGE,2024-09-15,0.1064,0.1022,0.1054,178709489.11,18778646.49,0.1028,direct,
DOGE,2024-09-16,0.1032,0.09834,0.1028,226156784.07,22750797.45,0.09965,direct,
DOGE,2024-09-17,0.1026,0.09869,0.09965,324990634.3,32843972.29,0.1011,direct,
DOGE,2024-09-18,0.1039,0.09937,0.1011,243565502.12,24674878.44,0.1039,direct,
DOGE,2024-09-19,0.1071,0.1035,0.1039,287684909.58,30238304.37,0.105,direct,
DOGE,2024-09-20,0.1075,0.1036,0.105,284691242.61,30053392.34,0.1055,direct,
DOGE,2024-09-21,0.1105,0.1041,0.1055,250625229.21,27028744.23,0.11,direct,
DOGE,2024-09-22,0.11,0.1038,0.11,189827994.89,20275100.43,0.1063,direct,
DOGE,2024-09-23,0.1092,0.1041,0.1063,273001593.9,29308946.49,0.1081,direct,
DOGE,2024-09-24,0.1106,0.1068,0.1081,267925696.13,29092698.7,0.1098,direct,
DOGE,2024-09-25,0.1111,0.108,0.1098,247347358.77,27112912.15,0.1085,direct,
DOGE,2024-09-26,0.1206,0.107,0.1085,621431232.68,71720210.21,0.1182,direct,
DOGE,2024-09-27,0.1288,0.117,0.1182,682299246.62,84405016.52,0.1235,direct,
DOGE,2024-09-28,0.1321,0.1201,0.1235,574664546.26,73157264.54,0.1281,direct,
DOGE,2024-09-29,0.1304,0.1243,0.1281,331880370.14,42187321.65,0.1243,direct,
DOGE,2024-09-30,0.1246,0.1132,0.1243,444641435.97,53185872.67,0.1142,direct,
DOGE,2024-10-01,0.1193,0.1026,0.1142,628965917.69,69631786.35,0.1069,direct,
DOGE,2024-10-02,0.1095,0.1023,0.1069,421514964.19,44667998.39,0.1046,direct,
DOGE,2024-10-03,0.1068,0.1011,0.1046,337194913.75,35075617.77,0.1051,direct,
DOGE,2024-10-04,0.1106,0.1048,0.1051,365672872.2,39567594.35,0.1092,direct,
DOGE,2024-10-05,0.1102,0.1075,0.1092,178094455.65,19428493.25,0.1094,direct,
DOGE,2024-10-06,0.1129,0.1084,0.1094,171360359.31,18979792.18,0.1115,direct,
DOGE,2024-10-07,0.1155,0.1082,0.1115,460690590.57,51827215.13,0.1084,direct,
DOGE,2024-10-08,0.1098,0.1052,0.1084,253922393.78,27283950.32,0.1071,direct,
DOGE,2024-10-09,0.1114,0.106,0.1071,307191547.46,33454016.15,0.1079,direct,
DOGE,2024-10-10,0.1085,0.103,0.1079,320973854.97,33878063.41,0.1059,direct,
DOGE,2024-10-11,0.1114,0.1056,0.1059,264663357.67,28892658.94,0.1107,direct,
DOGE,2024-10-12,0.1121,0.1093,0.1107,169402973.26,18822390.16,0.1114,direct,
DOGE,2024-10-13,0.1121,0.1086,0.1114,151030576.42,16705597.71,0.1113,direct,
DOGE,2024-10-14,0.1177,0.1093,0.1113,431969794.51,49203580.83,0.1166,direct,
DOGE,2024-10-15,0.1192,0.1102,0.1166,487205463.98,56106759.2,0.1174,direct,
DOGE,2024-10-16,0.1298,0.1158,0.1174,1073694786.08,133771550.52,0.1257,direct,
DOGE,2024-10-17,0.1309,0.1204,0.1257,768528832.85,95966264.87,0.1296,direct,
DOGE,2024-10-18,0.1408,0.1296,0.1296,1031428219.15,139898677.13,0.1372,direct,
DOGE,2024-10-19,0.1469,0.137,0.1372,713610111.22,102410885.26,0.1441,direct,
DOGE,2024-10-20,0.1456,0.1372,0.1441,465746595.17,65690285.87,0.1421,direct,
DOGE,2024-10-21,0.1497,0.1381,0.1421,792047930.68,114311427.61,0.1436,direct,
DOGE,2024-10-22,0.1484,0.1364,0.1436,691798170.51,98024539.78,0.1396,direct,
DOGE,2024-10-23,0.1408,0.133,0.1396,551179100.62,75828419.28,0.1399,direct,
DOGE,2024-10-24,0.143,0.139,0.1399,109213715.38,15421436.67,0.1395,direct,
ETH,2023-10-25,1817.52,1760.54,1785.2,302831.01,542177185.66,1787.67,direct,
ETH,2023-10-26,1865.88,1763.34,1787.67,344775.19,622443034.73,1803.72,direct,
ETH,2023-10-27,1804.16,1745.3,1803.72,226527.41,403162777.61,1779.98,direct,
ETH,2023-10-28,1803.03,1771.67,1779.98,84407.79,150723329.54,1776.59,direct,
ETH,2023-10-29,1811.49,1763.3,1776.59,92197.88,165219418.28,1795.69,direct,
ETH,2023-10-30,1830.35,1778.41,1795.69,168252.25,303881269.37,1809.85,direct,
ETH,2023-10-31,1819.86,1782.09,1809.85,182002.83,328080843.27,1815.45,direct,
ETH,2023-11-01,1857.88,1784.08,1815.45,282652.25,514586090.27,1847.63,direct,
ETH,2023-11-02,1874.87,1785.57,1847.63,274296.45,501202295.02,1801.34,direct,
ETH,2023-11-03,1835.48,1777.57,1801.34,220360.86,397766768.21,1833.71,direct,
ETH,2023-11-04,1870.53,1825.2,1833.71,111595.25,205289548.49,1857.23,direct,
ETH,2023-11-05,1913.61,1847.68,1857.23,196043.45,369431668.22,1893.28,direct,
ETH,2023-11-06,1915.3,1870.95,1893.28,216485.51,410308088.3,1901.65,direct,
ETH,2023-11-07,1907.78,1851.17,1901.65,286201.17,538999159.16,1886.12,direct,
ETH,2023-11-08,1905.07,1873.92,1886.12,181125.66,342300115.53,1889.05,direct,
ETH,2023-11-09,2131.61,1883.26,1889.05,629555.35,1255720592.59,2121.13,direct,
ETH,2023-11-10,2136.09,2066.23,2121.13,369744.07,775967652.37,2078.52,direct,
ETH,2023-11-11,2090.87,2032.5,2078.52,222199.13,458212190.26,2053.53,direct,
ETH,2023-11-12,2066.66,2014.15,2053.53,198302.57,406409439.52,2045.4,direct,
ETH,2023-11-13,2118.47,2030.13,2045.4,327291.63,677275855.69,2054.32,direct,
ETH,2023-11-14,2065.29,1930.94,2054.32,332952.38,672516247.43,1979.66,direct,
ETH,2023-11-15,2063.09,1967.9,1979.66,318254.59,641189379.56,2059.63,direct,
ETH,2023-11-16,2092.27,1930.36,2059.63,388947.79,783609970.96,1961.54,direct,
ETH,2023-11-17,1991.18,1906.37,1961.54,292696.22,571715090.11,1961.61,direct,
ETH,2023-11-18,1972.15,1918.15,1961.61,124677.25,243248653.35,1963.67,direct,
ETH,2023-11-19,2016.3,1944.72,1963.67,142484.86,280987485.15,2012.46,direct,
ETH,2023-11-20,2067.57,1995.32,2012.46,348477.96,706775221.8,2022.62,direct,
ETH,2023-11-21,2035.52,1932.84,2022.62,322140.51,640934598.31,1933.76,direct,
ETH,2023-11-22,2092.34,1930.15,1933.76,311184.99,632049361.21,2064.08,direct,
ETH,2023-11-23,2088.81,2040.7,2064.08,167576.88,345465511.14,2062.63,direct,
ETH,2023-11-24,2133.82,2059.8,2062.63,274783.65,576843379.99,2082.24,direct,
ETH,2023-11-25,2091.51,2067.12,2082.24,82529.48,171820574.07,2084.06,direct,
ETH,2023-11-26,2095.12,2037.74,2084.06,129845.35,268817596.0,2063.01,direct,
ETH,2023-11-27,2071.85,1986.06,2063.01,266169.84,538765882.42,2027.67,direct,
ETH,2023-11-28,2075.82,1995.65,2027.67,244541.64,499177888.15,2049.1,direct,
ETH,2023-11-29,2075.4,2019.91,2049.1,192819.29,394195647.34,2029.17,direct,
ETH,2023-11-30,2055.28,2021.3,2029.17,168503.05,343390100.77,2052.93,direct,
ETH,2023-12-01,2111.43,2046.0,2052.93,288439.68,602439017.29,2088.21,direct,
ETH,2023-12-02,2189.14,2087.29,2088.21,185471.76,395659097.47,2165.6,direct,
ETH,2023-12-03,2217.45,2150.33,2165.6,186813.18,406014985.22,2193.78,direct,
ETH,2023-12-04,2273.89,2192.42,2193.78,385897.57,861288624.2,2243.25,direct,
ETH,2023-12-05,2309.38,2189.0,2243.25,375596.22,844781771.01,2293.88,direct,
ETH,2023-12-06,2312.02,2220.51,2293.88,317773.47,721010308.06,2232.96,direct,
ETH,2023-12-07,2383.16,2222.53,2232.96,348732.95,803734991.96,2356.77,direct,
ETH,2023-12-08,2391.56,2339.41,2356.77,305258.55,720748174.99,2358.94,direct,
ETH,2023-12-09,2403.29,2330.43,2358.94,198992.16,469803736.49,2341.13,direct,
ETH,2023-12-10,2377.41,2322.8,2341.13,136086.14,319769603.62,2352.31,direct,
ETH,2023-12-11,2354.9,2133.47,2352.31,445434.99,991604563.0,2224.1,direct,
ETH,2023-12-12,2242.96,2165.58,2224.1,295298.97,651964538.12,2202.33,direct,
ETH,2023-12-13,2284.2,2145.57,2202.33,334848.88,739438151.2,2260.72,direct,
ETH,2023-12-14,2332.24,2231.57,2260.72,317672.75,724615038.72,2316.03,direct,
ETH,2023-12-15,2318.06,2201.14,2316.03,249807.39,564042261.96,2220.32,direct,
ETH,2023-12-16,2261.92,2210.47,2220.32,134448.38,301358311.22,2227.14,direct,
ETH,2023-12-17,2245.8,2190.85,2227.14,152730.31,338828172.15,2194.84,direct,
ETH,2023-12-18,2222.91,2115.85,2194.84,274538.09,595550230.79,2218.75,direct,
ETH,2023-12-19,2253.93,2135.19,2218.75,285016.52,627857676.22,2177.38,direct,
ETH,2023-12-20,2265.11,2157.77,2177.38,361405.83,799599916.57,2202.03,direct,
ETH,2023-12-21,2279.1,2183.31,2202.03,315319.45,702166382.68,2239.88,direct,
ETH,2023-12-22,2343.73,2231.32,2239.88,393077.37,904108088.07,2326.53,direct,
ETH,2023-12-23,2332.23,2267.35,2326.53,192582.36,441823544.27,2309.54,direct,
ETH,2023-12-24,2326.83,2245.12,2309.54,191626.92,439156963.98,2265.42,direct,
ETH,2023-12-25,2304.59,2254.36,2265.42,156954.53,357468201.78,2271.75,direct,
ETH,2023-12-26,2275.06,2174.17,2271.75,270459.64,603300122.32,2230.94,direct,
ETH,2023-12-27,2393.37,2212.66,2230.94,392451.76,910568561.01,2380.34,direct,
ETH,2023-12-28,2447.35,2337.42,2380.34,463684.99,1106269642.94,2345.44,direct,
ETH,2023-12-29,2386.68,2256.07,2345.44,355338.55,827517118.66,2299.64,direct,
ETH,2023-12-30,2322.76,2268.2,2299.64,174599.67,401063000.08,2291.65,direct,
ETH,2023-12-31,2319.95,2259.29,2291.65,205152.64,470583638.73,2281.36,direct,
ETH,2024-01-01,2352.66,2265.26,2281.36,174286.19,402344005.13,2352.65,direct,
ETH,2024-01-02,2432.62,2343.68,2352.65,345621.3,822251765.93,2356.28,direct,
ETH,2024-01-03,2385.27,2092.33,2356.28,526602.95,1186045453.16,2210.57,direct,
ETH,2024-01-04,2296.81,2203.62,2210.57,322407.35,726479158.46,2269.47,direct,
ETH,2024-01-05,2277.99,2208.01,2269.47,283754.94,636927548.08,2270.21,direct,
ETH,2024-01-06,2271.59,2218.09,2270.21,153695.94,344776545.69,2241.73,direct,
ETH,2024-01-07,2258.2,2207.13,2241.73,164529.0,368349920.27,2222.73,direct,
ETH,2024-01-08,2360.37,2168.41,2222.73,321740.49,729642394.88,2332.66,direct,
ETH,2024-01-09,2373.21,2231.3,2332.66,407628.13,935753315.62,2344.97,direct,
ETH,2024-01-10,2643.46,2341.51,2344.97,759673.12,1859360455.9,2584.69,direct,
ETH,2024-01-11,2690.17,2567.23,2584.69,565520.51,1478952412.93,2618.71,direct,
ETH,2024-01-12,2717.2,2455.87,2618.71,608482.23,1587803065.78,2522.11,direct,
ETH,2024-01-13,2589.5,2497.1,2522.11,309808.72,789992067.14,2577.89,direct,
ETH,2024-01-14,2578.65,2468.6,2577.89,219094.29,554407683.57,2470.94,direct,
ETH,2024-01-15,2551.4,2469.25,2470.94,211497.41,532405002.36,2510.12,direct,
ETH,2024-01-16,2613.41,2498.62,2510.12,260620.37,665381293.48,2586.91,direct,
ETH,2024-01-17,2592.23,2505.29,2586.91,214487.05,546139971.58,2528.09,direct,
ETH,2024-01-18,2546.7,2424.13,2528.09,300049.73,747913574.26,2468.6,direct,
ETH,2024-01-19,2501.85,2412.93,2468.6,301556.02,743840311.23,2490.05,direct,
ETH,2024-01-20,2490.05,2452.6,2490.05,114757.82,283565628.23,2470.31,direct,
ETH,2024-01-21,2480.59,2451.91,2470.31,84186.67,207909134.54,2455.35,direct,
ETH,2024-01-22,2464.27,2302.07,2455.35,382384.29,908763742.8,2311.54,direct,
ETH,2024-01-23,2349.2,2165.34,2311.54,476808.58,1064700522.86,2241.32,direct,
ETH,2024-01-24,2262.69,2195.63,2241.32,271737.21,605305544.17,2234.13,direct,
ETH,2024-01-25,2241.03,2170.05,2234.13,242755.56,536955642.14,2217.5,direct,
ETH,2024-01-26,2281.01,2194.89,2217.5,281209.33,631732275.0,2267.33,direct,
ETH,2024-01-27,2282.56,2251.19,2267.33,121435.42,275424730.41,2267.97,direct,
ETH,2024-01-28,2307.73,2239.84,2267.97,165618.01,376754792.96,2256.6,direct,
ETH,2024-01-29,2322.48,2233.69,2256.6,215146.92,490260629.87,2317.51,direct,
ETH,2024-01-30,2391.57,2297.16,2317.51,279970.77,655413615.82,2343.1,direct,
ETH,2024-01-31,2351.47,2263.16,2343.1,268083.72,621018581.0,2281.77,direct,
ETH,2024-02-01,2310.4,2239.78,2281.77,217264.4,495660912.66,2303.34,direct,
ETH,2024-02-02,2323.08,2280.8,2303.34,191680.68,441562111.31,2307.85,direct,
ETH,2024-02-03,2328.23,2292.31,2307.85,96227.34,222308235.56,2295.87,direct,
ETH,2024-02-04,2309.1,2267.59,2295.87,142393.17,326706078.21,2288.68,direct,
ETH,2024-02-05,2335.71,2268.15,2288.68,198435.62,456661905.21,2299.16,direct,
ETH,2024-02-06,2392.04,2296.27,2299.16,306229.12,718267813.82,2372.2,direct,
ETH,2024-02-07,2473.23,2353.16,2372.2,272427.16,652240112.9,2424.33,direct,
ETH,2024-02-08,2462.14,2411.45,2424.33,348490.6,846989854.44,2419.79,direct,
ETH,2024-02-09,2523.95,2419.06,2419.79,403815.63,1002058339.27,2487.62,direct,
ETH,2024-02-10,2517.14,2473.58,2487.62,150601.42,376068111.04,2500.87,direct,
ETH,2024-02-11,2540.37,2494.72,2500.87,167579.98,421659247.33,2507.91,direct,
ETH,2024-02-12,2666.3,2472.79,2507.91,323858.15,833389992.06,2660.56,direct,
ETH,2024-02-13,2686.7,2591.27,2660.56,387685.63,1025294105.03,2641.6,direct,
ETH,2024-02-14,2788.42,2619.8,2641.6,359500.08,980680072.11,2777.51,direct,
ETH,2024-02-15,2867.69,2762.64,2777.51,397615.65,1118227404.91,2825.35,direct,
ETH,2024-02-16,2859.47,2744.76,2825.35,318932.07,896210606.48,2804.05,direct,
ETH,2024-02-17,2806.14,2720.42,2804.05,165464.46,458634232.92,2787.0,direct,
ETH,2024-02-18,2895.47,2766.78,2787.0,216262.87,610424136.56,2881.4,direct,
ETH,2024-02-19,2984.2,2857.64,2881.4,326638.19,953161117.46,2945.0,direct,
ETH,2024-02-20,3032.5,2874.59,2945.0,436622.68,1285168708.83,3015.27,direct,
ETH,2024-02-21,3017.25,2869.15,3015.27,416859.98,1221365901.95,2968.67,direct,
ETH,2024-02-22,3035.27,2906.44,2968.67,398857.68,1186610554.8,2969.67,direct,
ETH,2024-02-23,2991.73,2906.28,2969.67,269457.9,792750968.62,2922.1,direct,
ETH,2024-02-24,3005.45,2906.62,2922.1,145003.03,429496146.2,2992.35,direct,
ETH,2024-02-25,3119.66,2983.68,2992.35,265770.75,812148194.41,3112.81,direct,
ETH,2024-02-26,3197.66,3037.24,3112.81,375179.84,1171482366.27,3178.24,direct,
ETH,2024-02-27,3288.82,3167.46,3178.24,373964.99,1211227367.65,3243.69,direct,
ETH,2024-02-28,3490.66,3194.42,3243.69,513048.44,1707770843.75,3386.34,direct,
ETH,2024-02-29,3520.76,3303.6,3386.34,399274.29,1367994605.43,3342.24,direct,
ETH,2024-03-01,3453.77,3340.92,3342.24,241624.87,823506213.17,3435.9,direct,
ETH,2024-03-02,3461.78,3398.38,3435.9,153210.01,524944019.98,3423.65,direct,
ETH,2024-03-03,3493.25,3365.52,3423.65,174122.89,598632307.05,3489.57,direct,
ETH,2024-03-04,3643.81,3436.14,3489.57,379175.59,1340904406.6,3631.85,direct,
ETH,2024-03-05,3826.7,3207.51,3631.85,732190.67,2637640132.83,3557.93,direct,
ETH,2024-03-06,3902.17,3502.64,3557.93,489295.58,1849427331.22,3821.19,direct,
ETH,2024-03-07,3939.52,3737.47,3821.19,295685.4,1132011899.65,3874.46,direct,
ETH,2024-03-08,4000.14,3828.33,3874.46,359382.61,1412263227.04,3891.97,direct,
ETH,2024-03-09,3950.61,3880.22,3891.97,138310.17,541613113.28,3913.28,direct,
ETH,2024-03-10,3971.32,3799.55,3913.28,190112.26,743460686.12,3881.86,direct,
ETH,2024-03-11,4091.01,3752.31,3881.86,374497.81,1493590506.66,4065.75,direct,
ETH,2024-03-12,4092.73,3832.09,4065.75,383635.95,1526774188.85,3979.43,direct,
ETH,2024-03-13,4083.88,3934.38,3979.43,286962.91,1150784389.88,4007.46,direct,
ETH,2024-03-14,4012.91,3719.25,4007.46,376891.87,1466371721.53,3880.8,direct,
ETH,2024-03-15,3931.65,3567.56,3880.8,487205.54,1806124095.18,3742.44,direct,
ETH,2024-03-16,3780.95,3467.22,3742.44,287100.39,1048207664.08,3520.08,direct,
ETH,2024-03-17,3676.55,3411.95,3520.08,273465.18,975546606.2,3641.61,direct,
ETH,2024-03-18,3642.66,3454.26,3641.61,301558.82,1071170431.07,3520.31,direct,
ETH,2024-03-19,3547.15,3149.03,3520.31,587955.64,1943259863.05,3158.44,direct,
ETH,2024-03-20,3535.92,3057.97,3158.44,658543.95,2169017019.63,3516.66,direct,
ETH,2024-03-21,3586.77,3411.44,3516.66,401675.9,1410320174.21,3492.08,direct,
ETH,2024-03-22,3542.29,3250.83,3492.08,405182.37,1374192771.15,3337.08,direct,
ETH,2024-03-23,3435.43,3271.78,3337.08,251602.31,846213410.27,3330.49,direct,
ETH,2024-03-24,3470.85,3300.55,3330.49,207564.45,700715597.16,3454.45,direct,
ETH,2024-03-25,3659.32,3420.9,3454.45,347674.26,1232616949.46,3590.96,direct,
ETH,2024-03-26,3680.41,3544.7,3590.96,302556.21,1092361093.56,3587.6,direct,
ETH,2024-03-27,3665.39,3459.06,3587.6,330442.76,1173800981.61,3499.77,direct,
ETH,2024-03-28,3611.7,3462.9,3499.77,279078.37,991858231.33,3561.1,direct,
ETH,2024-03-29,3584.55,3474.1,3561.1,201382.16,710475049.61,3511.49,direct,
ETH,2024-03-30,3567.15,3488.56,3511.49,153144.16,538809534.91,3507.56,direct,
ETH,2024-03-31,3654.87,3506.31,3507.56,157210.73,566598172.38,3645.98,direct,
ETH,2024-04-01,3646.35,3414.46,3645.98,266251.45,934917050.13,3505.52,direct,
ETH,2024-04-02,3507.54,3213.09,3505.52,406551.0,1350633378.51,3279.4,direct,
ETH,2024-04-03,3368.57,3203.99,3279.4,301025.74,997504814.36,3312.24,direct,
ETH,2024-04-04,3444.82,3252.11,3312.24,306389.28,1024032112.02,3329.17,direct,
ETH,2024-04-05,3348.68,3211.37,3329.17,301242.62,991902873.76,3319.12,direct,
ETH,2024-04-06,3398.56,3308.84,3319.12,151035.71,504501846.56,3352.4,direct,
ETH,2024-04-07,3459.61,3345.47,3352.4,153705.66,522076832.37,3453.85,direct,
ETH,2024-04-08,3728.57,3407.31,3453.85,348354.17,1257790924.33,3694.7,direct,
ETH,2024-04-09,3726.03,3452.88,3694.7,330003.13,1184278583.93,3504.83,direct,
ETH,2024-04-10,3562.32,3413.05,3504.83,287616.46,1006631402.92,3545.56,direct,
ETH,2024-04-11,3617.34,3473.65,3545.56,225366.27,796534108.67,3503.21,direct,
ETH,2024-04-12,3552.91,3095.49,3503.21,415871.51,1387659435.48,3239.12,direct,
ETH,2024-04-13,3301.9,2832.33,3239.12,617652.5,1908312548.54,3011.51,direct,
ETH,2024-04-14,3175.48,2911.99,3011.51,480594.13,1464413624.74,3158.26,direct,
ETH,2024-04-15,3280.66,3025.93,3158.26,393938.85,1244925295.21,3103.0,direct,
ETH,2024-04-16,3128.0,2991.76,3103.0,359785.72,1102919090.86,3085.42,direct,
ETH,2024-04-17,3123.61,2914.87,3085.42,323995.26,978463368.36,2985.12,direct,
ETH,2024-04-18,3095.76,2953.19,2985.12,288067.39,873530402.2,3065.69,direct,
ETH,2024-04-19,3128.53,2866.07,3065.69,342783.81,1045944600.77,3057.95,direct,
ETH,2024-04-20,3172.03,3020.15,3057.95,167131.32,516137769.98,3157.04,direct,
ETH,2024-04-21,3198.43,3117.72,3157.04,148983.34,470671773.32,3148.11,direct,
ETH,2024-04-22,3237.49,3130.02,3148.11,209637.54,669498961.12,3201.55,direct,
ETH,2024-04-23,3265.06,3153.66,3201.55,213483.88,685076398.96,3219.78,direct,
ETH,2024-04-24,3293.6,3103.6,3219.78,269991.9,864542926.86,3139.1,direct,
ETH,2024-04-25,3191.65,3072.07,3139.1,281066.14,882134092.22,3155.47,direct,
ETH,2024-04-26,3166.44,3101.66,3155.47,219855.93,689663958.95,3130.07,direct,
ETH,2024-04-27,3281.58,3068.25,3130.07,203602.38,643382820.24,3253.23,direct,
ETH,2024-04-28,3356.14,3247.4,3253.23,205463.5,678357043.13,3262.43,direct,
ETH,2024-04-29,3286.13,3115.53,3262.43,267685.05,852862297.95,3215.73,direct,
ETH,2024-04-30,3249.56,2916.96,3215.73,361691.81,1098924247.19,3011.46,direct,
ETH,2024-05-01,3020.24,2814.92,3011.46,435377.76,1273126182.34,2968.82,direct,
ETH,2024-05-02,3016.2,2891.41,2968.82,272328.54,807841703.83,2986.41,direct,
ETH,2024-05-03,3128.05,2958.91,2986.41,277060.08,840705738.28,3103.77,direct,
ETH,2024-05-04,3168.22,3094.62,3103.77,147176.47,459744729.64,3117.52,direct,
ETH,2024-05-05,3171.62,3074.21,3117.52,152383.35,476413151.08,3137.09,direct,
ETH,2024-05-06,3221.37,3046.59,3137.09,237439.94,741977976.88,3063.19,direct,
ETH,2024-05-07,3129.75,3000.11,3063.19,221350.09,679034472.49,3005.91,direct,
ETH,2024-05-08,3037.87,2937.08,3005.91,241568.02,724279038.67,2973.31,direct,
ETH,2024-05-09,3058.63,2949.86,2973.31,211428.59,633874345.6,3035.93,direct,
ETH,2024-05-10,3053.17,2878.86,3035.93,258568.64,765131256.66,2909.58,direct,
ETH,2024-05-11,2944.04,2886.48,2909.58,125899.86,367160920.04,2911.82,direct,
ETH,2024-05-12,2954.09,2900.58,2911.82,111406.04,325974911.48,2927.97,direct,
ETH,2024-05-13,2994.62,2864.31,2927.97,261787.73,769541695.03,2950.16,direct,
ETH,2024-05-14,2960.08,2859.65,2950.16,249247.21,724637752.4,2880.64,direct,
ETH,2024-05-15,3041.55,2862.97,2880.64,250539.77,740315343.71,3033.46,direct,
ETH,2024-05-16,3041.6,2924.04,3033.46,221619.51,660576487.83,2945.17,direct,
ETH,2024-05-17,3121.45,2933.76,2945.17,237502.45,724015765.69,3093.44,direct,
ETH,2024-05-18,3147.62,3085.46,3093.44,131838.78,410558780.4,3123.72,direct,
ETH,2024-05-19,3137.07,3054.06,3123.72,139746.96,431923921.13,3070.68,direct,
ETH,2024-05-20,3694.25,3048.64,3070.68,613409.29,2059788024.65,3661.58,direct,
ETH,2024-05-21,3838.22,3626.39,3661.58,610857.21,2282068734.66,3789.36,direct,
ETH,2024-05-22,3812.19,3653.74,3789.36,379891.06,1420963880.22,3736.33,direct,
ETH,2024-05-23,3945.85,3545.21,3736.33,669270.47,2537742098.36,3781.61,direct,
ETH,2024-05-24,3827.36,3628.42,3781.61,288764.04,1074712165.87,3727.14,direct,
ETH,2024-05-25,3777.86,3708.25,3727.14,99783.57,373668589.73,3749.23,direct,
ETH,2024-05-26,3882.33,3731.48,3749.23,161510.02,616285834.19,3824.34,direct,
ETH,2024-05-27,3973.81,3821.86,3824.34,205569.41,804496436.45,3891.26,direct,
ETH,2024-05-28,3926.23,3769.74,3891.26,233210.02,898526969.71,3840.39,direct,
ETH,2024-05-29,3883.1,3740.97,3840.39,230073.49,873454576.08,3762.22,direct,
ETH,2024-05-30,3823.86,3700.91,3762.22,207732.71,781849408.11,3746.97,direct,
ETH,2024-05-31,3844.09,3720.98,3746.97,225857.18,851837584.52,3758.65,direct,
ETH,2024-06-01,3829.62,3748.85,3758.65,97005.74,367756459.88,3812.81,direct,
ETH,2024-06-02,3834.79,3750.64,3812.81,123116.68,466824951.42,3779.06,direct,
ETH,2024-06-03,3849.89,3758.03,3779.06,171897.5,653009594.07,3766.32,direct,
ETH,2024-06-04,3832.27,3731.38,3766.32,161833.45,612657331.91,3810.73,direct,
ETH,2024-06-05,3887.65,3778.47,3810.73,170665.85,652385687.52,3866.46,direct,
ETH,2024-06-06,3878.9,3758.9,3866.46,140945.2,540297339.89,3812.05,direct,
ETH,2024-06-07,3839.68,3584.45,3812.05,249976.03,935183066.83,3676.79,direct,
ETH,2024-06-08,3707.87,3660.99,3676.79,80031.59,294854677.9,3680.84,direct,
ETH,2024-06-09,3721.77,3666.37,3680.84,64608.0,238542651.45,3706.0,direct,
ETH,2024-06-10,3712.47,3643.95,3706.0,115082.08,423204164.35,3665.99,direct,
ETH,2024-06-11,3671.15,3420.98,3665.99,327115.24,1153310772.38,3497.32,direct,
ETH,2024-06-12,3656.3,3462.28,3497.32,236419.7,843561060.98,3559.25,direct,
ETH,2024-06-13,3560.44,3426.66,3559.25,244679.96,853785190.92,3467.79,direct,
ETH,2024-06-14,3529.49,3360.4,3467.79,263322.79,910398097.21,3479.74,direct,
ETH,2024-06-15,3591.34,3471.43,3479.74,160975.62,569541552.37,3566.61,direct,
ETH,2024-06-16,3650.47,3539.39,3566.61,123587.85,443668310.23,3622.37,direct,
ETH,2024-06-17,3636.6,3464.1,3622.37,293898.69,1040317235.48,3510.08,direct,
ETH,2024-06-18,3515.3,3360.4,3510.08,360756.73,1235708665.8,3482.27,direct,
ETH,2024-06-19,3585.45,3464.99,3482.27,277087.04,981355099.29,3558.97,direct,
ETH,2024-06-20,3624.03,3484.24,3558.97,285337.3,1013417559.96,3510.94,direct,
ETH,2024-06-21,3545.62,3445.09,3510.94,285086.02,997489348.48,3517.28,direct,
ETH,2024-06-22,3520.1,3474.17,3517.28,92237.39,322568484.7,3494.25,direct,
ETH,2024-06-23,3519.63,3405.61,3494.25,128959.72,447200216.36,3418.62,direct,
ETH,2024-06-24,3432.39,3238.76,3418.62,432111.09,1436399345.37,3350.54,direct,
ETH,2024-06-25,3429.63,3335.17,3350.54,268888.0,910221643.15,3393.91,direct,
ETH,2024-06-26,3424.88,3324.89,3393.91,233222.44,787394906.99,3369.46,direct,
ETH,2024-06-27,3473.86,3360.17,3369.46,202794.81,694115777.85,3445.8,direct,
ETH,2024-06-28,3484.29,3361.15,3445.8,237892.69,813695887.0,3373.8,direct,
ETH,2024-06-29,3402.58,3367.02,3373.8,73783.39,249697553.04,3373.52,direct,
ETH,2024-06-30,3454.57,3348.22,3373.52,113753.11,386215815.53,3432.82,direct,
ETH,2024-07-01,3519.01,3421.6,3432.82,194043.88,673689774.3,3438.83,direct,
ETH,2024-07-02,3460.32,3397.31,3438.83,133508.19,457927979.27,3416.41,direct,
ETH,2024-07-03,3427.05,3248.43,3416.41,252160.2,836070409.6,3292.16,direct,
ETH,2024-07-04,3309.66,3050.24,3292.16,331942.98,1049223019.3,3058.81,direct,
ETH,2024-07-05,3107.89,2813.4,3058.81,590544.78,1738218188.02,2982.07,direct,
ETH,2024-07-06,3081.82,2956.02,2982.07,186751.41,563019491.33,3067.54,direct,
ETH,2024-07-07,3073.37,2922.6,3067.54,194303.14,581743502.23,2931.2,direct,
ETH,2024-07-08,3095.59,2823.46,2931.2,446084.06,1324818646.47,3018.49,direct,
ETH,2024-07-09,3113.28,3003.39,3018.49,270137.34,827566369.94,3066.44,direct,
ETH,2024-07-10,3151.0,3024.32,3066.44,266996.85,827331929.61,3100.44,direct,
ETH,2024-07-11,3216.8,3055.15,3100.44,306401.14,959215308.08,3099.49,direct,
ETH,2024-07-12,3158.27,3045.45,3099.49,263282.49,816437009.68,3134.62,direct,
ETH,2024-07-13,3203.26,3114.5,3134.62,143528.6,452734839.69,3176.67,direct,
ETH,2024-07-14,3269.15,3164.68,3176.67,179824.84,576393568.87,3246.12,direct,
ETH,2024-07-15,3495.92,3234.16,3246.12,372645.85,1256447785.47,3485.5,direct,
ETH,2024-07-16,3500.11,3348.6,3485.5,381716.86,1311168548.22,3446.19,direct,
ETH,2024-07-17,3518.37,3377.02,3446.19,290332.97,1002846011.47,3387.66,direct,
ETH,2024-07-18,3489.81,3367.76,3387.66,294308.06,1008326515.58,3425.94,direct,
ETH,2024-07-19,3542.18,3376.46,3425.94,362043.38,1249532745.89,3506.0,direct,
ETH,2024-07-20,3541.04,3482.21,3506.0,155617.03,545578065.02,3518.85,direct,
ETH,2024-07-21,3547.99,3413.6,3518.85,237146.07,829407003.8,3536.46,direct,
ETH,2024-07-22,3563.26,3424.39,3536.46,293172.34,1021404115.3,3441.05,direct,
ETH,2024-07-23,3541.2,3390.66,3441.05,497692.19,1727769821.29,3483.07,direct,
ETH,2024-07-24,3488.34,3305.26,3483.07,374294.59,1276136904.66,3335.15,direct,
ETH,2024-07-25,3342.09,3086.98,3335.15,629226.14,1993255125.39,3174.48,direct,
ETH,2024-07-26,3286.14,3170.16,3174.48,352369.01,1143687551.64,3274.89,direct,
ETH,2024-07-27,3328.21,3191.5,3274.89,266332.66,870351113.68,3249.36,direct,
ETH,2024-07-28,3284.22,3198.42,3249.36,169799.31,552126414.21,3270.15,direct,
ETH,2024-07-29,3396.47,3257.12,3270.15,401715.85,1337423635.28,3317.94,direct,
ETH,2024-07-30,3365.72,3233.0,3317.94,350556.94,1159118253.15,3278.41,direct,
ETH,2024-07-31,3348.14,3212.6,3278.41,376464.31,1237697272.51,3231.84,direct,
ETH,2024-08-01,3242.01,3077.63,3231.84,487547.13,1539066982.82,3200.67,direct,
ETH,2024-08-02,3215.63,2963.83,3200.67,523145.1,1612368844.34,2985.72,direct,
ETH,2024-08-03,3016.01,2857.64,2985.72,393207.03,1156019177.73,2902.09,direct,
ETH,2024-08-04,2932.92,2631.57,2902.09,471043.14,1318526624.61,2688.08,direct,
ETH,2024-08-05,2695.99,2121.38,2688.08,1526680.78,3591927547.03,2420.39,direct,
ETH,2024-08-06,2555.03,2416.38,2420.39,714375.21,1782189220.6,2462.39,direct,
ETH,2024-08-07,2552.44,2309.57,2462.39,726776.89,1768819066.35,2343.5,direct,
ETH,2024-08-08,2725.27,2321.44,2343.5,683581.04,1720305405.81,2683.62,direct,
ETH,2024-08-09,2708.37,2553.45,2683.62,477272.21,1254678742.58,2600.21,direct,
ETH,2024-08-10,2645.71,2577.75,2600.21,216883.19,566478754.71,2610.64,direct,
ETH,2024-08-11,2720.01,2541.45,2610.64,341708.96,895626363.13,2555.67,direct,
ETH,2024-08-12,2750.36,2510.8,2555.67,568584.98,1497872954.96,2723.07,direct,
ETH,2024-08-13,2738.95,2611.9,2723.07,445417.36,1193720774.03,2703.6,direct,
ETH,2024-08-14,2780.36,2634.08,2703.6,501689.55,1352456213.01,2661.98,direct,
ETH,2024-08-15,2675.61,2516.45,2661.98,513312.96,1339226674.49,2570.39,direct,
ETH,2024-08-16,2631.33,2551.62,2570.39,386678.1,1004141276.96,2593.7,direct,
ETH,2024-08-17,2627.79,2588.33,2593.7,145605.55,379457607.09,2614.92,direct,
ETH,2024-08-18,2688.05,2595.09,2614.92,230351.73,608760936.0,2612.58,direct,
ETH,2024-08-19,2648.59,2564.33,2612.58,350672.63,913374780.6,2637.47,direct,
ETH,2024-08-20,2696.96,2555.47,2637.47,391914.19,1027820178.53,2573.25,direct,
ETH,2024-08-21,2665.0,2536.65,2573.25,406904.03,1060404718.81,2631.39,direct,
ETH,2024-08-22,2645.74,2585.16,2631.39,302785.48,792847483.99,2623.57,direct,
ETH,2024-08-23,2801.3,2622.04,2623.57,454835.09,1227460805.08,2764.81,direct,
ETH,2024-08-24,2821.03,2734.68,2764.81,247938.26,687507298.7,2769.86,direct,
ETH,2024-08-25,2793.69,2734.94,2769.86,197125.99,544826991.77,2747.52,direct,
ETH,2024-08-26,2763.44,2667.78,2747.52,361330.86,983028927.22,2681.15,direct,
ETH,2024-08-27,2700.25,2397.41,2681.15,575029.06,1478097677.49,2458.29,direct,
ETH,2024-08-28,2555.36,2419.63,2458.29,723938.63,1805521537.98,2528.73,direct,
ETH,2024-08-29,2596.48,2505.99,2528.73,490152.85,1248564659.83,2527.97,direct,
ETH,2024-08-30,2549.39,2431.81,2527.97,540292.51,1350698797.75,2526.02,direct,
ETH,2024-08-31,2533.75,2492.3,2526.02,161106.88,405411435.18,2513.01,direct,
ETH,2024-09-01,2516.11,2399.46,2513.01,391153.73,965223692.27,2426.06,direct,
ETH,2024-09-02,2564.12,2423.46,2426.06,443297.14,1104998067.39,2538.22,direct,
ETH,2024-09-03,2553.6,2412.13,2538.22,404963.91,1002071915.38,2424.4,direct,
ETH,2024-09-04,2489.97,2307.38,2424.4,631890.81,1522896400.47,2450.36,direct,
ETH,2024-09-05,2465.98,2347.87,2450.36,506160.09,1211036915.11,2367.89,direct,
ETH,2024-09-06,2408.12,2150.58,2367.89,1270951.21,2911433881.45,2224.52,direct,
ETH,2024-09-07,2311.5,2221.47,2224.52,397641.65,903055827.51,2273.45,direct,
ETH,2024-09-08,2333.32,2240.93,2273.45,418755.78,956132080.19,2297.39,direct,
ETH,2024-09-09,2381.15,2272.96,2297.39,734292.08,1706417888.46,2360.0,direct,
ETH,2024-09-10,2399.89,2321.2,2360.0,515248.66,1213946829.14,2388.83,direct,
ETH,2024-09-11,2389.63,2277.46,2388.83,810168.09,1893281252.44,2340.73,direct,
ETH,2024-09-12,2392.23,2315.2,2340.73,540552.51,1272153141.66,2361.91,direct,
ETH,2024-09-13,2467.01,2337.55,2361.91,558228.19,1341722179.48,2441.28,direct,
ETH,2024-09-14,2442.6,2380.27,2441.28,228792.89,553168350.76,2418.52,direct,
ETH,2024-09-15,2430.97,2284.83,2418.52,397331.43,939667666.73,2316.46,direct,
ETH,2024-09-16,2335.55,2252.35,2316.46,620444.86,1419906010.83,2295.53,direct,
ETH,2024-09-17,2394.13,2263.23,2295.53,534392.14,1250600523.86,2342.21,direct,
ETH,2024-09-18,2376.81,2277.24,2342.21,802301.0,1863106009.93,2375.01,direct,
ETH,2024-09-19,2495.81,2373.21,2375.01,669373.26,1631198496.45,2465.83,direct,
ETH,2024-09-20,2572.48,2438.28,2465.83,662488.82,1676058410.49,2561.88,direct,
ETH,2024-09-21,2623.23,2529.08,2561.88,350291.99,898249036.55,2613.27,direct,
ETH,2024-09-22,2632.42,2525.5,2613.27,433318.91,1119229049.35,2581.43,direct,
ETH,2024-09-23,2703.72,2540.14,2581.43,797788.43,2114026606.3,2647.17,direct,
ETH,2024-09-24,2671.47,2591.67,2647.17,564932.4,1489530217.0,2653.41,direct,
ETH,2024-09-25,2673.98,2554.44,2653.41,458195.34,1193419716.98,2579.69,direct,
ETH,2024-09-26,2667.12,2558.97,2579.69,636262.74,1671331616.32,2632.81,direct,
ETH,2024-09-27,2729.09,2615.78,2632.81,630258.28,1686949107.85,2695.48,direct,
ETH,2024-09-28,2704.85,2650.36,2695.48,253740.82,679092312.05,2676.03,direct,
ETH,2024-09-29,2684.06,2634.67,2676.03,336903.96,896401461.54,2658.08,direct,
ETH,2024-09-30,2663.74,2574.29,2658.08,675135.62,1764901279.49,2601.63,direct,
ETH,2024-10-01,2658.14,2412.86,2601.63,935350.48,2371417682.45,2447.54,direct,
ETH,2024-10-02,2498.47,2351.69,2447.54,878594.95,2135168461.41,2363.64,direct,
ETH,2024-10-03,2403.1,2309.02,2363.64,791791.01,1861233702.36,2349.81,direct,
ETH,2024-10-04,2441.17,2339.08,2349.81,613653.36,1466938297.17,2414.67,direct,
ETH,2024-10-05,2428.3,2389.86,2414.67,228294.58,550227220.41,2414.79,direct,
ETH,2024-10-06,2457.66,2406.92,2414.79,247260.3,602094342.62,2439.96,direct,
ETH,2024-10-07,2520.68,2403.11,2439.96,605307.21,1493722557.57,2422.14,direct,
ETH,2024-10-08,2464.96,2400.15,2422.14,565992.23,1377080732.7,2439.67,direct,
ETH,2024-10-09,2472.34,2349.45,2439.67,628217.18,1523323936.03,2368.44,direct,
ETH,2024-10-10,2418.45,2327.91,2368.44,646463.58,1537729729.42,2384.4,direct,
ETH,2024-10-11,2471.51,2380.07,2384.4,514548.99,1249706601.35,2439.03,direct,
ETH,2024-10-12,2489.88,2433.76,2439.03,268416.86,661111678.56,2475.93,direct,
ETH,2024-10-13,2484.69,2436.05,2475.93,309345.14,760699456.42,2468.12,direct,
ETH,2024-10-14,2653.38,2442.68,2468.12,691238.78,1776744305.84,2629.02,direct,
ETH,2024-10-15,2687.32,2536.79,2629.02,701243.67,1823524605.14,2606.92,direct,
ETH,2024-10-16,2647.0,2588.65,2606.92,471282.51,1233603929.17,2610.95,direct,
ETH,2024-10-17,2647.64,2574.89,2610.95,439222.83,1147142948.19,2605.1,direct,
ETH,2024-10-18,2676.03,2595.49,2605.1,449053.78,1183525663.73,2642.22,direct,
ETH,2024-10-19,2663.13,2631.03,2642.22,157675.14,416907551.95,2648.12,direct,
ETH,2024-10-20,2758.61,2635.5,2648.12,336813.48,908873436.8,2746.4,direct,
ETH,2024-10-21,2768.44,2653.51,2746.4,485361.67,1309809409.67,2665.9,direct,
ETH,2024-10-22,2670.69,2605.16,2665.9,468082.26,1231574569.37,2621.31,direct,
ETH,2024-10-23,2626.44,2447.63,2621.31,554160.28,1409947643.87,2522.33,direct,
ETH,2024-10-24,2558.29,2507.15,2522.33,80411.87,204262253.57,2547.43,direct,
SOL,2023-10-25,33.87,30.01,30.18,3634002.55,117811341.25,32.44,direct,
SOL,2023-10-26,33.26,30.73,32.44,3602522.13,115265505.83,32.77,direct,
SOL,2023-10-27,33.34,31.31,32.77,2602715.95,84040760.73,31.74,direct,
SOL,2023-10-28,32.51,31.41,31.74,895214.24,28597328.1,31.65,direct,
SOL,2023-10-29,33.16,31.31,31.65,1709954.89,55670650.67,32.84,direct,
SOL,2023-10-30,35.31,32.47,32.84,2933481.31,100384070.0,34.95,direct,
SOL,2023-10-31,38.6,34.85,34.95,4650049.16,169712692.65,38.43,direct,
SOL,2023-11-01,46.84,37.95,38.43,8116786.07,334965726.75,41.17,direct,
SOL,2023-11-02,44.56,38.67,41.17,4749394.27,197689376.99,40.25,direct,
SOL,2023-11-03,40.25,38.05,40.25,3296064.46,129114847.09,39.48,direct,
SOL,2023-11-04,42.75,39.02,39.48,2287886.52,94716495.59,42.44,direct,
SOL,2023-11-05,42.86,40.3,42.44,2111833.09,87552035.77,41.2,direct,
SOL,2023-11-06,42.21,39.7,41.2,2754587.45,112100517.99,42.17,direct,
SOL,2023-11-07,44.74,40.12,42.17,4781663.11,203308997.07,42.95,direct,
SOL,2023-11-08,43.87,42.28,42.95,2380040.47,102557463.03,43.13,direct,
SOL,2023-11-09,48.87,42.53,43.13,6781704.76,309437660.84,45.31,direct,
SOL,2023-11-10,57.63,45.08,45.31,7278326.54,371407805.39,56.72,direct,
SOL,2023-11-11,63.93,53.63,56.72,7115870.27,415819053.43,56.34,direct,
SOL,2023-11-12,61.88,54.54,56.34,5073260.37,292290056.31,56.3,direct,
SOL,2023-11-13,59.83,51.6,56.3,5403756.91,301609244.17,51.61,direct,
SOL,2023-11-14,57.93,51.31,51.61,5262722.34,288902544.79,56.83,direct,
SOL,2023-11-15,67.14,56.16,56.83,5620312.18,348592966.36,65.5,direct,
SOL,2023-11-16,68.16,56.39,65.5,6712799.49,418696390.74,57.78,direct,
SOL,2023-11-17,60.54,54.13,57.78,4487250.02,259607985.44,58.54,direct,
SOL,2023-11-18,59.38,54.74,58.54,2839537.88,163809263.96,58.58,direct,
SOL,2023-11-19,62.18,56.67,58.58,3337724.11,200925705.62,61.13,direct,
SOL,2023-11-20,61.34,56.04,61.13,3374622.1,198524500.57,56.6,direct,
SOL,2023-11-21,57.39,51.31,56.6,3993313.41,218119382.59,51.66,direct,
SOL,2023-11-22,58.93,51.49,51.66,3451493.22,192027796.52,57.58,direct,
SOL,2023-11-23,59.56,56.16,57.58,2295819.29,132106603.86,56.46,direct,
SOL,2023-11-24,58.76,56.19,56.46,2232457.82,128511879.05,56.86,direct,
SOL,2023-11-25,59.76,55.91,56.86,2067644.77,121055670.65,58.83,direct,
SOL,2023-11-26,59.06,56.18,58.83,1776284.86,102471353.5,57.57,direct,
SOL,2023-11-27,58.05,53.5,57.57,2500264.88,138158993.79,55.07,direct,
SOL,2023-11-28,58.7,53.95,55.07,2347668.64,133449361.42,58.21,direct,
SOL,2023-11-29,61.79,57.75,58.21,3214181.98,192338149.07,59.29,direct,
SOL,2023-11-30,61.69,58.77,59.29,1684249.99,101024323.81,59.28,direct,
SOL,2023-12-01,61.89,58.64,59.28,1933755.73,116934396.27,59.78,direct,
SOL,2023-12-02,63.92,59.7,59.78,1942632.97,120751779.39,63.71,direct,
SOL,2023-12-03,65.54,62.27,63.71,2599233.83,165325950.81,63.0,direct,
SOL,2023-12-04,65.24,59.47,63.0,3982968.5,248450635.97,61.58,direct,
SOL,2023-12-05,62.56,59.14,61.58,2436850.56,148106810.76,61.01,direct,
SOL,2023-12-06,66.61,61.01,61.01,3825390.72,243125138.39,61.86,direct,
SOL,2023-12-07,69.41,61.65,61.86,4060250.22,266641722.61,67.78,direct,
SOL,2023-12-08,75.3,67.78,67.78,4191094.5,302233341.73,74.94,direct,
SOL,2023-12-09,77.75,71.63,74.94,3662524.57,274764488.15,72.25,direct,
SOL,2023-12-10,74.87,70.67,72.25,2448216.03,178843239.76,74.81,direct,
SOL,2023-12-11,74.93,65.87,74.81,4436831.66,308479568.76,70.24,direct,
SOL,2023-12-12,72.44,65.75,70.24,3105047.56,215905905.74,68.54,direct,
SOL,2023-12-13,73.26,63.76,68.54,3170616.88,216654897.34,70.63,direct,
SOL,2023-12-14,76.23,68.45,70.63,3034526.84,219979414.24,75.68,direct,
SOL,2023-12-15,79.44,72.09,75.68,3412317.82,258890929.58,72.52,direct,
SOL,2023-12-16,77.17,71.18,72.52,2435607.52,180819746.35,73.67,direct,
SOL,2023-12-17,74.9,70.42,73.67,2008361.11,146257335.89,70.77,direct,
SOL,2023-12-18,75.46,67.08,70.77,3100244.04,219825107.3,74.41,direct,
SOL,2023-12-19,76.3,71.78,74.41,2419136.85,179576744.2,73.02,direct,
SOL,2023-12-20,84.12,72.96,73.02,4832819.52,383777008.35,82.23,direct,
SOL,2023-12-21,95.61,81.09,82.23,4945843.27,440410282.27,93.89,direct,
SOL,2023-12-22,99.54,90.34,93.89,5020448.85,480720090.97,98.01,direct,
SOL,2023-12-23,110.0,92.93,98.01,3597164.57,362619938.06,107.95,direct,
SOL,2023-12-24,118.04,107.41,107.95,5562390.38,628208432.61,112.54,direct,
SOL,2023-12-25,125.95,108.04,112.54,4275805.98,503068530.81,120.95,direct,
SOL,2023-12-26,121.32,102.17,120.95,5175768.18,579248989.42,112.48,direct,
SOL,2023-12-27,115.32,104.83,112.48,3771780.65,413243902.0,106.93,direct,
SOL,2023-12-28,109.66,97.11,106.93,4160920.18,425584617.17,101.85,direct,
SOL,2023-12-29,109.92,99.56,101.85,3904141.42,413104821.04,106.19,direct,
SOL,2023-12-30,107.42,100.74,106.19,1142643.64,118196065.17,101.9,direct,
SOL,2023-12-31,105.14,99.44,101.9,1494163.59,153333876.77,101.73,direct,
SOL,2024-01-01,110.25,101.48,101.73,1753352.59,185540221.33,110.02,direct,
SOL,2024-01-02,117.0,106.05,110.02,3028143.75,336798402.45,106.76,direct,
SOL,2024-01-03,109.96,84.21,106.76,4773846.78,473070625.93,98.59,direct,
SOL,2024-01-04,108.13,96.77,98.59,2585745.87,265350577.19,105.02,direct,
SOL,2024-01-05,105.48,95.4,105.02,2281511.48,227782153.75,100.01,direct,
SOL,2024-01-06,100.31,91.66,100.01,1636157.59,155614848.08,93.83,direct,
SOL,2024-01-07,96.81,87.87,93.83,2094142.32,194515458.54,89.49,direct,
SOL,2024-01-08,99.98,85.49,89.49,4173838.33,387659355.78,98.01,direct,
SOL,2024-01-09,104.15,95.45,98.01,3129752.84,312351025.26,99.45,direct,
SOL,2024-01-10,105.6,92.23,99.45,3474342.48,339477432.84,102.01,direct,
SOL,2024-01-11,107.19,97.55,102.01,3594533.54,365424742.88,99.9,direct,
SOL,2024-01-12,100.47,86.94,99.9,2731880.98,260070066.81,92.06,direct,
SOL,2024-01-13,97.29,89.53,92.06,1888782.34,176768882.52,95.84,direct,
SOL,2024-01-14,104.4,93.68,95.84,2987574.61,292699629.29,93.8,direct,
SOL,2024-01-15,96.89,93.01,93.8,1536863.86,146162213.98,94.32,direct,
SOL,2024-01-16,98.69,94.1,94.32,1246224.56,120612864.67,97.59,direct,
SOL,2024-01-17,102.7,96.72,97.59,2974026.0,298186323.38,102.07,direct,
SOL,2024-01-18,103.45,91.48,102.07,2507855.75,243385487.07,94.31,direct,
SOL,2024-01-19,95.34,87.02,94.31,2574171.47,236970884.44,93.59,direct,
SOL,2024-01-20,94.13,90.17,93.59,907320.39,83748239.1,92.75,direct,
SOL,2024-01-21,93.85,90.74,92.75,707411.46,65332591.64,91.0,direct,
SOL,2024-01-22,91.83,82.01,91.0,2534638.92,219210749.54,83.74,direct,
SOL,2024-01-23,85.87,78.91,83.74,2763767.53,225799604.31,84.29,direct,
SOL,2024-01-24,89.37,83.29,84.29,2063990.75,178313499.48,88.74,direct,
SOL,2024-01-25,89.54,85.07,88.74,1575341.86,137852670.3,86.86,direct,
SOL,2024-01-26,93.68,85.91,86.86,1916390.82,174425970.74,92.23,direct,
SOL,2024-01-27,94.62,90.69,92.23,1151145.31,106729187.42,94.26,direct,
SOL,2024-01-28,99.42,93.48,94.26,1942018.87,186982453.62,95.97,direct,
SOL,2024-01-29,101.95,95.07,95.97,2399982.82,238040517.8,101.67,direct,
SOL,2024-01-30,106.39,100.99,101.67,2865235.34,297805475.9,101.4,direct,
SOL,2024-01-31,102.72,95.89,101.4,3299222.52,328718164.93,96.89,direct,
SOL,2024-02-01,98.84,93.02,96.89,2899480.93,276962628.41,97.78,direct,
SOL,2024-02-02,102.47,97.4,97.78,2381171.63,237623484.03,100.51,direct,
SOL,2024-02-03,101.15,96.62,100.51,1251226.24,123482853.55,97.9,direct,
SOL,2024-02-04,98.51,95.08,97.9,916263.67,88845759.37,95.42,direct,
SOL,2024-02-05,98.57,94.14,95.42,1360129.72,130720524.4,95.5,direct,
SOL,2024-02-06,97.87,93.1,95.5,1832377.68,175268770.87,96.85,direct,
SOL,2024-02-07,101.5,94.6,96.85,1675225.09,163367999.65,101.11,direct,
SOL,2024-02-08,105.13,100.54,101.11,2961750.19,304200342.32,102.79,direct,
SOL,2024-02-09,109.13,102.79,102.79,2689589.25,284133095.94,106.96,direct,
SOL,2024-02-10,110.97,106.94,106.96,1753730.3,191350917.01,109.07,direct,
SOL,2024-02-11,110.68,107.33,109.07,1135456.26,123656050.35,107.48,direct,
SOL,2024-02-12,112.24,103.46,107.48,2235550.7,242583696.4,111.73,direct,
SOL,2024-02-13,115.1,108.36,111.73,2138076.66,240524754.18,112.57,direct,
SOL,2024-02-14,118.71,110.7,112.57,1901125.78,219814138.14,117.11,direct,
SOL,2024-02-15,118.44,111.61,117.11,1958978.0,225648861.95,113.61,direct,
SOL,2024-02-16,114.28,108.03,113.61,1408956.63,156412743.41,110.4,direct,
SOL,2024-02-17,111.13,105.68,110.4,822029.62,89174506.03,108.96,direct,
SOL,2024-02-18,114.05,107.57,108.96,960396.13,107084480.34,112.24,direct,
SOL,2024-02-19,114.86,110.83,112.24,1284460.86,144565964.11,111.55,direct,
SOL,2024-02-20,112.1,103.88,111.55,2014368.68,217470943.74,108.35,direct,
SOL,2024-02-21,108.38,100.22,108.35,1858687.39,192848425.31,105.06,direct,
SOL,2024-02-22,107.07,101.48,105.06,1537293.27,160312191.72,101.69,direct,
SOL,2024-02-23,103.05,98.71,101.69,1093369.63,110488508.04,99.89,direct,
SOL,2024-02-24,104.74,98.5,99.89,864089.21,88103065.8,104.04,direct,
SOL,2024-02-25,104.38,102.08,104.04,612514.78,63235359.07,103.47,direct,
SOL,2024-02-26,110.82,100.32,103.47,2201116.73,234405451.59,109.97,direct,
SOL,2024-02-27,112.48,105.4,109.97,2166597.78,237619397.53,108.42,direct,
SOL,2024-02-28,118.98,107.38,108.42,4063477.99,459270090.34,118.98,direct,
SOL,2024-02-29,134.67,117.35,118.98,5232885.6,665347674.19,125.7,direct,
SOL,2024-03-01,137.78,125.69,125.7,3056433.36,405596832.0,129.52,direct,
SOL,2024-03-02,131.68,127.44,129.52,1729633.33,223568738.39,130.15,direct,
SOL,2024-03-03,132.19,124.87,130.15,1631666.87,210788622.11,130.25,direct,
SOL,2024-03-04,134.99,127.68,130.25,2761772.61,361205369.22,133.36,direct,
SOL,2024-03-05,142.73,109.61,133.36,5819194.17,756083326.32,125.58,direct,
SOL,2024-03-06,134.92,120.3,125.58,2960573.63,381104039.91,130.89,direct,
SOL,2024-03-07,149.62,130.71,130.89,4344593.82,619872518.48,144.07,direct,
SOL,2024-03-08,152.94,142.01,144.07,2858030.19,419104630.15,145.11,direct,
SOL,2024-03-09,149.44,144.02,145.11,1037218.87,151869088.32,144.58,direct,
SOL,2024-03-10,148.71,140.67,144.58,1396613.74,202638116.85,144.56,direct,
SOL,2024-03-11,150.14,137.06,144.56,2595829.07,379112837.22,148.87,direct,
SOL,2024-03-12,154.99,141.84,148.87,3186761.63,476778765.92,151.05,direct,
SOL,2024-03-13,166.88,148.82,151.05,2784396.44,438432386.35,163.93,direct,
SOL,2024-03-14,178.29,159.2,163.93,3815862.32,642377349.09,176.64,direct,
SOL,2024-03-15,188.85,164.95,176.64,5992284.32,1068149417.11,183.84,direct,
SOL,2024-03-16,197.8,176.91,183.84,4152263.36,776064550.46,181.95,direct,
SOL,2024-03-17,204.17,178.58,181.95,3190995.11,611428210.5,201.69,direct,
SOL,2024-03-18,209.86,193.87,201.69,3655288.14,738658423.4,195.91,direct,
SOL,2024-03-19,198.63,165.62,195.91,5486398.45,988024751.1,169.91,direct,
SOL,2024-03-20,193.24,162.49,169.91,4067827.52,717577531.6,191.92,direct,
SOL,2024-03-21,195.72,175.88,191.92,2530828.31,472190949.04,179.44,direct,
SOL,2024-03-22,181.81,167.64,179.44,1892655.19,328015603.27,175.17,direct,
SOL,2024-03-23,178.93,170.28,175.17,1348782.66,236161266.4,172.72,direct,
SOL,2024-03-24,186.75,171.44,172.72,1516114.9,270312536.09,183.79,direct,
SOL,2024-03-25,194.53,181.02,183.79,2348938.53,444048366.86,189.01,direct,
SOL,2024-03-26,196.81,186.31,189.01,1793107.63,343629444.01,190.47,direct,
SOL,2024-03-27,192.63,180.1,190.47,2075050.92,386127087.76,186.23,direct,
SOL,2024-03-28,190.93,180.77,186.23,1565753.27,291160759.22,189.67,direct,
SOL,2024-03-29,193.04,183.31,189.67,1480147.05,277302542.62,192.19,direct,
SOL,2024-03-30,199.96,190.97,192.19,1358815.59,266404556.59,194.28,direct,
SOL,2024-03-31,203.1,193.84,194.28,1217337.57,240974694.62,202.43,direct,
SOL,2024-04-01,204.24,187.09,202.43,1936685.59,376518362.86,192.35,direct,
SOL,2024-04-02,192.37,175.94,192.35,2429746.49,443999027.53,181.52,direct,
SOL,2024-04-03,191.96,177.05,181.52,1509273.86,282324677.0,185.14,direct,
SOL,2024-04-04,190.17,180.32,185.14,1393893.78,258314841.26,184.09,direct,
SOL,2024-04-05,185.17,168.07,184.09,2150780.64,376609057.73,174.46,direct,
SOL,2024-04-06,179.78,173.65,174.46,982039.9,173682508.16,178.74,direct,
SOL,2024-04-07,182.66,176.92,178.74,1043669.45,187985440.86,179.52,direct,
SOL,2024-04-08,184.59,175.38,179.52,1700654.25,307007266.04,180.69,direct,
SOL,2024-04-09,180.87,168.99,180.69,1489940.97,260675726.56,172.32,direct,
SOL,2024-04-10,175.48,162.41,172.32,1767500.77,299280984.54,173.35,direct,
SOL,2024-04-11,176.27,170.11,173.35,1084052.19,187905664.5,172.43,direct,
SOL,2024-04-12,175.93,143.03,172.43,2793661.28,442076377.19,153.29,direct,
SOL,2024-04-13,154.93,119.92,153.29,5183207.43,711604717.45,138.51,direct,
SOL,2024-04-14,152.73,130.98,138.51,3060845.3,431491476.62,151.45,direct,
SOL,2024-04-15,156.1,133.77,151.45,2606283.33,379031572.15,138.59,direct,
SOL,2024-04-16,140.62,126.6,138.59,2511647.93,334403437.76,136.27,direct,
SOL,2024-04-17,142.72,126.91,136.27,2474683.0,331011215.79,131.89,direct,
SOL,2024-04-18,143.88,127.74,131.89,2328264.63,316388572.34,142.1,direct,
SOL,2024-04-19,147.57,128.54,142.1,3269355.56,457184320.01,142.53,direct,
SOL,2024-04-20,152.39,139.82,142.53,1221880.92,178632779.86,151.28,direct,
SOL,2024-04-21,153.53,146.77,151.28,1033411.12,154865367.77,148.78,direct,
SOL,2024-04-22,158.47,146.85,148.78,1565457.45,239332074.75,157.03,direct,
SOL,2024-04-23,160.0,153.18,157.03,1446174.78,226705627.04,154.68,direct,
SOL,2024-04-24,159.74,145.54,154.68,2002425.53,308556085.53,147.72,direct,
SOL,2024-04-25,149.44,142.11,147.72,1651204.31,241156524.26,144.85,direct,
SOL,2024-04-26,146.06,138.68,144.85,1020844.52,145874995.0,139.16,direct,
SOL,2024-04-27,142.96,133.18,139.16,1034367.21,142754281.93,141.23,direct,
SOL,2024-04-28,144.58,137.11,141.23,774685.91,109967903.38,137.97,direct,
SOL,2024-04-29,138.89,133.42,137.97,1126367.32,152991280.52,137.74,direct,
SOL,2024-04-30,139.72,121.13,137.74,2242350.91,288052107.17,126.68,direct,
SOL,2024-05-01,135.81,118.58,126.68,2509638.42,317240351.76,134.49,direct,
SOL,2024-05-02,140.69,128.18,134.49,1806862.74,245258470.79,137.62,direct,
SOL,2024-05-03,145.02,134.03,137.62,1771387.91,249382114.25,143.73,direct,
SOL,2024-05-04,149.07,142.36,143.73,823296.62,120149125.71,146.05,direct,
SOL,2024-05-05,147.98,143.15,146.05,741723.68,108074079.53,145.73,direct,
SOL,2024-05-06,156.84,145.48,145.73,1613718.71,245743030.29,152.82,direct,
SOL,2024-05-07,159.2,148.0,152.82,1383916.77,213156591.29,148.03,direct,
SOL,2024-05-08,149.89,139.98,148.03,1370735.76,199513889.17,142.15,direct,
SOL,2024-05-09,153.29,140.59,142.15,1297903.53,190110750.45,152.57,direct,
SOL,2024-05-10,155.68,144.6,152.57,1716642.31,256304682.24,146.03,direct,
SOL,2024-05-11,147.61,143.11,146.03,857719.99,124606367.13,145.37,direct,
SOL,2024-05-12,147.64,142.61,145.37,626949.61,90898975.25,143.39,direct,
SOL,2024-05-13,150.7,137.88,143.39,1601373.72,232652330.71,147.47,direct,
SOL,2024-05-14,150.35,141.79,147.47,1115060.66,162208938.64,141.97,direct,
SOL,2024-05-15,158.82,141.25,141.97,1980437.1,299427734.34,158.57,direct,
SOL,2024-05-16,164.72,156.7,158.57,1750109.58,281065543.63,159.34,direct,
SOL,2024-05-17,172.05,159.34,159.34,1555327.37,259532219.44,169.5,direct,
SOL,2024-05-18,175.96,168.73,169.5,920162.26,159001780.0,172.47,direct,
SOL,2024-05-19,175.37,166.2,172.47,762244.06,130138876.56,169.94,direct,
SOL,2024-05-20,188.29,167.76,169.94,1832806.48,331071378.03,186.75,direct,
SOL,2024-05-21,188.83,174.32,186.75,1848219.23,332730791.56,178.15,direct,
SOL,2024-05-22,183.39,175.03,178.15,1696007.5,304221794.85,176.86,direct,
SOL,2024-05-23,180.9,165.8,176.86,2332480.33,406474519.47,176.09,direct,
SOL,2024-05-24,176.09,162.5,176.09,1620585.84,272007690.18,167.7,direct,
SOL,2024-05-25,170.46,165.96,167.7,676355.6,113562913.83,168.33,direct,
SOL,2024-05-26,168.36,160.63,168.33,1519908.61,249394024.36,163.26,direct,
SOL,2024-05-27,172.09,163.23,163.26,872094.57,146450327.09,170.01,direct,
SOL,2024-05-28,173.07,164.8,170.01,1005203.81,169446311.48,168.53,direct,
SOL,2024-05-29,173.75,167.07,168.53,1256094.22,212829822.96,168.11,direct,
SOL,2024-05-30,172.51,163.52,168.11,1255495.65,211144284.39,166.86,direct,
SOL,2024-05-31,170.84,163.8,166.86,1055671.13,175711518.79,165.52,direct,
SOL,2024-06-01,167.79,165.5,165.52,366238.04,61117692.49,165.99,direct,
SOL,2024-06-02,166.95,161.31,165.99,702823.99,115408279.8,163.04,direct,
SOL,2024-06-03,167.14,161.54,163.04,1037787.02,171307507.3,164.89,direct,
SOL,2024-06-04,171.87,164.37,164.89,927988.54,155617907.71,171.81,direct,
SOL,2024-06-05,175.57,171.12,171.81,1051601.86,182343729.01,173.57,direct,
SOL,2024-06-06,174.51,167.64,173.57,865751.05,148733043.79,170.07,direct,
SOL,2024-06-07,172.64,153.73,170.07,1532446.36,252069522.56,162.48,direct,
SOL,2024-06-08,163.73,157.36,162.48,602441.74,96680171.05,157.79,direct,
SOL,2024-06-09,162.97,156.55,157.79,417124.57,66832383.3,162.1,direct,
SOL,2024-06-10,163.19,157.46,162.1,576995.75,92352553.79,158.98,direct,
SOL,2024-06-11,159.63,145.04,158.98,1809030.57,272469500.4,149.36,direct,
SOL,2024-06-12,161.8,145.51,149.36,1434670.41,222556630.23,155.17,direct,
SOL,2024-06-13,155.17,146.0,155.17,1056130.41,158045757.4,147.24,direct,
SOL,2024-06-14,148.9,139.62,147.24,1454718.75,209841119.36,143.01,direct,
SOL,2024-06-15,145.63,142.88,143.01,394805.22,57014807.71,145.45,direct,
SOL,2024-06-16,151.21,143.01,145.45,507453.59,74700321.41,151.2,direct,
SOL,2024-06-17,151.65,139.84,151.2,1026864.9,148707329.69,143.23,direct,
SOL,2024-06-18,143.71,128.22,143.23,2499013.66,338174521.16,137.37,direct,
SOL,2024-06-19,141.86,134.48,137.37,1076874.68,148593887.27,135.62,direct,
SOL,2024-06-20,141.26,131.84,135.62,1439640.8,194530766.65,133.48,direct,
SOL,2024-06-21,135.3,128.65,133.48,1529054.56,201668544.58,134.55,direct,
SOL,2024-06-22,136.64,132.95,134.55,412998.18,55544922.57,133.66,direct,
SOL,2024-06-23,135.04,128.1,133.66,649901.97,85441259.53,128.59,direct,
SOL,2024-06-24,132.54,122.23,128.59,2787124.17,354741829.17,132.26,direct,
SOL,2024-06-25,139.87,131.16,132.26,1867930.93,254921986.27,136.54,direct,
SOL,2024-06-26,140.35,134.73,136.54,931544.42,127825135.72,136.71,direct,
SOL,2024-06-27,151.07,135.11,136.71,1566974.43,228909193.82,149.49,direct,
SOL,2024-06-28,150.54,138.75,149.49,1588510.88,227603507.39,139.73,direct,
SOL,2024-06-29,142.94,139.49,139.73,975415.72,137868176.74,139.97,direct,
SOL,2024-06-30,147.38,136.94,139.97,1012727.42,143572052.93,146.4,direct,
SOL,2024-07-01,149.06,145.69,146.4,1250396.3,184275184.33,146.52,direct,
SOL,2024-07-02,154.78,146.01,146.52,1090729.48,164025879.58,153.79,direct,
SOL,2024-07-03,154.22,139.02,153.79,1978500.21,284424436.33,140.69,direct,
SOL,2024-07-04,142.6,127.19,140.69,1911620.7,256639983.21,127.81,direct,
SOL,2024-07-05,136.35,121.19,127.81,2600896.01,334802804.27,134.33,direct,
SOL,2024-07-06,144.2,132.4,134.33,1011886.77,141137094.54,143.07,direct,
SOL,2024-07-07,143.34,131.2,143.07,1100386.76,151710675.69,131.59,direct,
SOL,2024-07-08,141.86,127.87,131.59,1764410.06,241027397.66,139.78,direct,
SOL,2024-07-09,144.22,136.47,139.78,1109717.02,156707010.52,141.42,direct,
SOL,2024-07-10,146.26,138.61,141.42,935921.33,133285498.95,142.01,direct,
SOL,2024-07-11,145.93,135.7,142.01,1274719.19,178725686.61,135.71,direct,
SOL,2024-07-12,140.64,133.99,135.71,1116717.5,153532246.92,139.55,direct,
SOL,2024-07-13,143.58,138.04,139.55,589537.44,82878892.68,141.95,direct,
SOL,2024-07-14,148.58,141.94,141.95,965298.37,140282144.09,147.72,direct,
SOL,2024-07-15,160.06,147.11,147.72,1515441.83,233055742.7,159.54,direct,
SOL,2024-07-16,162.61,152.66,159.54,1575760.66,249736657.37,160.65,direct,
SOL,2024-07-17,163.8,154.61,160.65,1276102.91,203878632.85,155.5,direct,
SOL,2024-07-18,161.61,155.2,155.5,849519.0,134334567.49,159.2,direct,
SOL,2024-07-19,172.37,156.21,159.2,1943663.78,321647568.82,169.2,direct,
SOL,2024-07-20,175.03,167.34,169.2,895305.94,153433228.71,173.68,direct,
SOL,2024-07-21,185.03,170.56,173.68,1323988.99,234893032.08,184.5,direct,
SOL,2024-07-22,184.92,176.81,184.5,1057469.43,190806050.56,178.98,direct,
SOL,2024-07-23,180.59,170.49,178.98,1242711.45,217693326.61,172.93,direct,
SOL,2024-07-24,182.49,171.0,172.93,1427355.02,254105859.36,178.03,direct,
SOL,2024-07-25,179.58,165.37,178.03,1895710.28,322786259.75,171.83,direct,
SOL,2024-07-26,183.62,171.75,171.83,1380729.85,247678633.97,183.08,direct,
SOL,2024-07-27,188.28,178.16,183.08,1472782.14,270685515.6,183.77,direct,
SOL,2024-07-28,186.62,181.19,183.77,693004.06,127699840.48,184.91,direct,
SOL,2024-07-29,193.87,181.63,184.91,1910355.43,359846632.27,182.52,direct,
SOL,2024-07-30,184.63,175.39,182.52,1443675.5,260642360.68,179.1,direct,
SOL,2024-07-31,184.39,171.58,179.1,1765368.42,315934112.41,171.64,direct,
SOL,2024-08-01,172.88,157.79,171.64,2701209.73,447547944.15,167.26,direct,
SOL,2024-08-02,169.28,149.82,167.26,2582825.41,408628011.97,152.58,direct,
SOL,2024-08-03,153.8,139.84,152.58,1926909.86,282575527.87,142.46,direct,
SOL,2024-08-04,145.96,131.31,142.46,2633519.29,365528696.83,138.24,direct,
SOL,2024-08-05,139.24,110.02,138.24,9973609.16,1239955820.57,129.81,direct,
SOL,2024-08-06,149.54,129.44,129.81,3358246.0,476934576.62,144.51,direct,
SOL,2024-08-07,155.05,142.36,144.51,3163232.4,471242466.32,144.71,direct,
SOL,2024-08-08,163.66,141.45,144.71,3478204.64,542679699.28,163.18,direct,
SOL,2024-08-09,163.56,150.84,163.18,2235297.07,348744317.8,156.32,direct,
SOL,2024-08-10,158.77,152.67,156.32,779645.13,120843995.54,154.05,direct,
SOL,2024-08-11,157.99,141.26,154.05,1397735.1,207002998.48,141.57,direct,
SOL,2024-08-12,150.97,141.27,141.57,1799398.16,262670328.29,146.37,direct,
SOL,2024-08-13,149.88,143.01,146.37,1077534.94,157819507.56,146.71,direct,
SOL,2024-08-14,152.17,142.48,146.71,1552824.8,228499811.67,143.79,direct,
SOL,2024-08-15,147.58,137.86,143.79,1965963.0,279981697.76,142.57,direct,
SOL,2024-08-16,144.85,136.12,142.57,1431065.91,201124549.62,139.1,direct,
SOL,2024-08-17,142.0,137.69,139.1,478414.97,67033030.03,141.94,direct,
SOL,2024-08-18,147.07,140.65,141.94,1366331.33,197619205.05,142.45,direct,
SOL,2024-08-19,146.2,140.46,142.45,885423.23,126729286.97,144.34,direct,
SOL,2024-08-20,148.86,141.03,144.34,1218594.1,176772864.48,142.3,direct,
SOL,2024-08-21,144.41,138.87,142.3,1231560.73,174844256.62,142.8,direct,
SOL,2024-08-22,144.86,140.72,142.8,716055.37,102424812.96,143.25,direct,
SOL,2024-08-23,154.1,142.81,143.25,1535431.53,226345684.97,153.36,direct,
SOL,2024-08-24,162.32,152.08,153.36,1454794.5,230004907.28,160.72,direct,
SOL,2024-08-25,161.98,155.33,160.72,797224.43,126594539.7,158.99,direct,
SOL,2024-08-26,161.97,155.64,158.99,1062067.2,168319244.94,157.15,direct,
SOL,2024-08-27,159.69,145.08,157.15,1465382.08,223366788.75,146.85,direct,
SOL,2024-08-28,148.78,140.59,146.85,1537817.61,222519532.94,143.93,direct,
SOL,2024-08-29,147.33,138.15,143.93,1125510.87,160585627.26,140.05,direct,
SOL,2024-08-30,141.1,132.14,140.05,1376556.59,188099590.41,138.0,direct,
SOL,2024-08-31,139.16,134.55,138.0,354474.97,48458249.41,135.34,direct,
SOL,2024-09-01,136.08,127.83,135.34,1216975.6,160725077.12,128.53,direct,
SOL,2024-09-02,135.37,127.02,128.53,1183346.55,154760699.0,134.96,direct,
SOL,2024-09-03,137.39,127.09,134.96,1165428.32,154010530.11,127.52,direct,
SOL,2024-09-04,134.95,122.73,127.52,1836824.01,238592444.94,133.61,direct,
SOL,2024-09-05,135.41,127.93,133.61,1035997.45,136227952.03,129.39,direct,
SOL,2024-09-06,134.34,120.62,129.39,2510204.74,320272802.89,125.02,direct,
SOL,2024-09-07,129.46,124.15,125.02,582582.28,73950235.3,127.7,direct,
SOL,2024-09-08,131.64,126.64,127.7,643881.63,83131839.12,130.1,direct,
SOL,2024-09-09,137.05,127.0,130.1,1365701.25,179705795.66,135.08,direct,
SOL,2024-09-10,137.95,132.57,135.08,930112.07,125564893.65,135.63,direct,
SOL,2024-09-11,135.9,128.22,135.63,1119510.64,147740432.08,132.43,direct,
SOL,2024-09-12,136.72,132.4,132.43,1052971.05,142195347.09,136.07,direct,
SOL,2024-09-13,139.89,131.76,136.07,1167109.23,158958923.58,139.14,direct,
SOL,2024-09-14,139.87,135.7,139.14,488283.32,67255306.1,137.17,direct,
SOL,2024-09-15,137.96,130.53,137.17,783125.79,105214476.35,131.42,direct,
SOL,2024-09-16,132.33,128.91,131.42,872017.88,113992082.4,131.45,direct,
SOL,2024-09-17,135.52,130.34,131.45,1013680.8,134587677.43,131.56,direct,
SOL,2024-09-18,134.41,127.15,131.56,1292119.8,168296742.94,134.34,direct,
SOL,2024-09-19,144.0,134.32,134.34,2203938.95,308673849.88,142.9,direct,
SOL,2024-09-20,152.36,141.23,142.9,1733614.19,256217991.5,146.66,direct,
SOL,2024-09-21,149.85,144.65,146.66,607193.7,89576614.93,149.46,direct,
SOL,2024-09-22,149.9,141.18,149.46,851223.36,123385243.44,144.68,direct,
SOL,2024-09-23,149.05,142.19,144.68,1228294.31,177696149.25,144.77,direct,
SOL,2024-09-24,153.93,143.13,144.77,1714717.03,253238283.83,152.72,direct,
SOL,2024-09-25,153.88,147.3,152.72,1140072.57,171904662.05,147.97,direct,
SOL,2024-09-26,158.03,146.59,147.97,1590861.37,244885789.53,155.58,direct,
SOL,2024-09-27,161.24,154.01,155.58,1503547.66,237392311.45,157.64,direct,
SOL,2024-09-28,159.4,155.08,157.64,576303.31,90510933.89,156.78,direct,
SOL,2024-09-29,161.73,155.12,156.78,910358.69,143730715.58,158.52,direct,
SOL,2024-09-30,159.73,151.74,158.52,1073233.37,167046966.26,152.55,direct,
SOL,2024-10-01,157.3,142.28,152.55,2305708.36,345586930.84,145.15,direct,
SOL,2024-10-02,148.95,138.63,145.15,1833439.37,263566829.62,140.17,direct,
SOL,2024-10-03,142.93,133.12,140.17,1887413.44,259179899.93,136.79,direct,
SOL,2024-10-04,144.59,135.95,136.79,1530496.19,216047071.98,143.19,direct,
SOL,2024-10-05,144.89,141.07,143.19,543351.89,77744269.2,142.64,direct,
SOL,2024-10-06,146.71,142.05,142.64,605166.17,87638780.51,146.48,direct,
SOL,2024-10-07,152.25,143.5,146.48,1608059.6,238177228.37,143.95,direct,
SOL,2024-10-08,145.52,141.16,143.95,872446.23,125295962.54,143.42,direct,
SOL,2024-10-09,145.24,138.58,143.42,1011569.79,143442032.83,139.22,direct,
SOL,2024-10-10,140.72,135.39,139.22,996009.3,137551753.84,138.93,direct,
SOL,2024-10-11,146.49,138.6,138.93,1145207.1,163903894.3,145.47,direct,
SOL,2024-10-12,147.25,144.61,145.47,510042.34,74627224.89,146.36,direct,
SOL,2024-10-13,148.76,144.47,146.36,538044.44,78792548.63,147.68,direct,
SOL,2024-10-14,157.99,146.76,147.68,1406517.19,216200267.89,157.52,direct,
SOL,2024-10-15,159.45,150.37,157.52,1589092.22,245832309.69,154.74,direct,
SOL,2024-10-16,158.28,152.96,154.74,1152010.55,178597818.31,154.22,direct,
SOL,2024-10-17,155.65,147.67,154.22,1024941.83,155179260.15,150.43,direct,
SOL,2024-10-18,156.64,149.59,150.43,894597.91,137792754.77,154.92,direct,
SOL,2024-10-19,159.74,153.67,154.92,538553.18,84208679.13,159.68,direct,
SOL,2024-10-20,167.88,157.62,159.68,1032109.96,166995301.74,167.36,direct,
SOL,2024-10-21,171.55,161.4,167.36,1742473.16,290496778.58,166.14,direct,
SOL,2024-10-22,170.89,162.96,166.14,1390790.2,232581445.42,167.44,direct,
SOL,2024-10-23,174.0,164.07,167.44,1506370.18,253471064.11,170.67,direct,
SOL,2024-10-24,174.72,170.34,170.67,294747.61,51028603.71,174.5,direct,
STETH,2023-10-25,1803.76,1769.79,1783.24,3.765,6696.92,1778.73,multiply,ETH
STETH,2023-10-26,1812.74,1792.54,1778.73,5.3,9522.43,1796.69,multiply,ETH
STETH,2023-10-27,1779.98,1768.94,1796.69,1.501,2662.93,1774.11,multiply,ETH
STETH,2023-10-28,1772.33,1770.73,1774.11,0.3516,623.15,1772.33,multiply,ETH
STETH,2023-10-29,1804.67,1777.91,1772.33,9.541,16963.06,1777.91,multiply,ETH
STETH,2023-10-30,1809.31,1791.93,1777.91,4.392,7893.22,1797.18,multiply,ETH
STETH,2023-10-31,1814.54,1802.74,1797.18,0.4354,787.36,1808.37,multiply,ETH
STETH,2023-11-01,1845.78,1831.0,1808.37,3.693,6816.47,1845.78,multiply,ETH
STETH,2023-11-02,1800.62,1785.13,1845.78,2.841,5115.56,1800.62,multiply,ETH
STETH,2023-11-03,1835.54,1820.87,1800.62,2.034,3733.5,1835.54,multiply,ETH
STETH,2023-11-04,1859.09,1848.13,1835.54,1.094,2023.28,1849.43,multiply,ETH
STETH,2023-11-05,1892.9,1881.35,1849.43,10.29,19364.96,1881.92,multiply,ETH
STETH,2023-11-06,1901.08,1890.24,1881.92,9.301,17598.81,1892.14,multiply,ETH
STETH,2023-11-07,1883.67,1876.12,1892.14,6.346,11953.76,1883.67,multiply,ETH
STETH,2023-11-08,1886.59,1877.9,1883.67,7.324,13767.61,1879.79,multiply,ETH
STETH,2023-11-09,2117.1,2106.28,1879.79,6.126,12931.67,2110.95,multiply,ETH
STETH,2023-11-10,2074.36,2063.97,2110.95,5.529,11455.36,2071.87,multiply,ETH
STETH,2023-11-11,2050.45,2037.31,2071.87,11.23,23021.94,2050.04,multiply,ETH
STETH,2023-11-12,2042.33,2034.15,2050.04,4.503,9196.62,2042.33,multiply,ETH
STETH,2023-11-13,2051.24,2044.25,2042.33,0.5234,1070.18,2044.66,multiply,ETH
STETH,2023-11-14,1976.29,1970.36,2044.66,1.104,2175.49,1970.55,multiply,ETH
STETH,2023-11-15,2056.33,2050.16,1970.55,1.997,4094.98,2050.57,multiply,ETH
STETH,2023-11-16,1958.79,1949.77,2050.57,10.46,20408.96,1951.14,multiply,ETH
STETH,2023-11-17,1958.67,1950.62,1951.14,0.7124,1390.18,1951.41,multiply,ETH
STETH,2023-11-18,1960.72,1953.46,1951.41,6.473,12691.77,1960.72,multiply,ETH
STETH,2023-11-19,2009.44,2003.61,1960.72,8.607,17253.69,2004.61,multiply,ETH
STETH,2023-11-20,2019.99,2012.91,2004.61,2.16,4363.18,2019.99,multiply,ETH
STETH,2023-11-21,1933.37,1926.61,2019.99,5.353,10348.31,1933.18,multiply,ETH
STETH,2023-11-22,2066.14,2057.47,1933.18,2.809,5803.8,2066.14,multiply,ETH
STETH,2023-11-23,2064.69,2056.85,2066.14,5.177,10678.24,2062.63,multiply,ETH
STETH,2023-11-24,2082.24,2067.66,2062.63,1.505,3133.77,2082.24,multiply,ETH
STETH,2023-11-25,2084.06,2077.18,2082.24,1.128,2346.35,2080.1,multiply,ETH
STETH,2023-11-26,2062.8,2058.27,2080.1,5.095,10506.83,2062.18,multiply,ETH
STETH,2023-11-27,2027.06,2023.01,2062.18,2.155,4359.58,2023.01,multiply,ETH
STETH,2023-11-28,2048.28,2044.39,2023.01,2.783,5699.79,2048.08,multiply,ETH
STETH,2023-11-29,2031.2,2024.71,2048.08,2.982,6057.04,2031.2,multiply,ETH
STETH,2023-11-30,2054.98,2048.62,2031.2,1.273,2607.89,2048.62,multiply,ETH
STETH,2023-12-01,2087.79,2083.62,2048.62,2.732,5703.85,2087.79,multiply,ETH
STETH,2023-12-02,2165.17,2160.84,2087.79,2.497,5406.42,2165.17,multiply,ETH
STETH,2023-12-03,2193.34,2185.66,2165.17,2.094,4592.4,2193.12,multiply,ETH
STETH,2023-12-04,2242.8,2234.5,2193.12,1.848,4144.7,2242.8,multiply,ETH
STETH,2023-12-05,2293.42,2288.83,2242.8,2.007,4593.69,2288.83,multiply,ETH
STETH,2023-12-06,2232.51,2228.05,2288.83,2.909,6494.38,2232.51,multiply,ETH
STETH,2023-12-07,2356.53,2348.05,2232.51,13.08,30823.47,2356.53,multiply,ETH
STETH,2023-12-08,2358.7,2347.38,2356.53,4.107,9640.69,2347.38,multiply,ETH
STETH,2023-12-09,2340.66,2329.42,2347.38,4.222,9881.29,2340.43,multiply,ETH
STETH,2023-12-10,2351.6,2341.02,2340.43,4.696,11040.92,2351.13,multiply,ETH
STETH,2023-12-11,2223.43,2201.86,2351.13,14.95,33240.32,2223.43,multiply,ETH
STETH,2023-12-12,2201.89,2158.5,2223.43,10.07,22170.81,2201.67,multiply,ETH
STETH,2023-12-13,2260.04,2204.2,2201.67,10.17,22533.99,2215.73,multiply,ETH
STETH,2023-12-14,2315.34,2269.94,2215.73,14.71,33728.11,2292.87,multiply,ETH
STETH,2023-12-15,2219.65,2198.12,2292.87,0.201,446.11,2219.43,multiply,ETH
STETH,2023-12-16,2226.25,2198.19,2219.43,15.11,33621.8,2225.14,multiply,ETH
STETH,2023-12-17,2192.86,2174.87,2225.14,1.322,2896.65,2191.11,multiply,ETH
STETH,2023-12-18,2215.87,2197.23,2191.11,4.118,9113.97,2213.2,multiply,ETH
STETH,2023-12-19,2176.73,2157.35,2213.2,13.41,28930.04,2157.35,multiply,ETH
STETH,2023-12-20,2204.23,2181.77,2157.35,747.46,1644612.6,2200.27,multiply,ETH
STETH,2023-12-21,2239.88,2236.52,2200.27,489.96,1096902.88,2238.76,multiply,ETH
STETH,2023-12-22,2326.3,2150.18,2238.76,267.47,621841.39,2324.9,multiply,ETH
STETH,2023-12-23,2309.54,2236.1,2324.9,155.34,358441.06,2307.46,multiply,ETH
STETH,2023-12-24,2267.69,2163.93,2307.46,494.31,1118923.9,2263.61,multiply,ETH
STETH,2023-12-25,2271.3,2263.8,2263.61,424.94,964199.02,2269.02,multiply,ETH
STETH,2023-12-26,2230.94,2209.08,2269.02,431.76,962749.04,2229.82,multiply,ETH
STETH,2023-12-27,2380.34,2366.77,2229.82,157.46,374770.86,2380.1,multiply,ETH
STETH,2023-12-28,2347.79,2332.31,2380.1,376.08,881984.87,2345.21,multiply,ETH
STETH,2023-12-29,2343.33,2286.76,2345.21,618.18,1419885.55,2296.88,multiply,ETH
STETH,2023-12-30,2303.11,2282.48,2296.88,292.49,669882.54,2290.28,multiply,ETH
STETH,2023-12-31,2283.64,2271.32,2290.28,55.3,126045.66,2279.31,multiply,ETH
STETH,2024-01-01,2355.0,2342.53,2279.31,89.6,210692.04,2351.47,multiply,ETH
STETH,2024-01-02,2358.64,2346.62,2351.47,336.13,792016.4,2356.28,multiply,ETH
STETH,2024-01-03,2210.57,2198.85,2356.28,1621.47,3584372.94,2210.57,multiply,ETH
STETH,2024-01-04,2269.47,2261.3,2210.57,103.41,234498.14,2267.65,multiply,ETH
STETH,2024-01-05,2270.21,2262.26,2267.65,145.49,330160.74,2269.3,multiply,ETH
STETH,2024-01-06,2241.73,2234.78,2269.3,8.815,19748.99,2240.38,multiply,ETH
STETH,2024-01-07,2222.73,2216.28,2240.38,139.66,310240.22,2221.4,multiply,ETH
STETH,2024-01-08,2332.66,2326.13,2221.4,499.36,1164720.61,2332.43,multiply,ETH
STETH,2024-01-09,2344.97,2338.64,2332.43,778.26,1822623.86,2341.92,multiply,ETH
STETH,2024-01-10,2584.69,2579.26,2341.92,947.98,2447784.19,2582.11,multiply,ETH
STETH,2024-01-11,2617.66,2613.21,2582.11,785.83,2055391.45,2615.57,multiply,ETH
STETH,2024-01-12,2521.35,2516.56,2615.57,452.39,1139608.17,2519.08,multiply,ETH
STETH,2024-01-13,2577.37,2571.96,2519.08,191.12,491602.43,2572.22,multiply,ETH
STETH,2024-01-14,2470.69,2465.5,2572.22,147.66,364713.06,2469.95,multiply,ETH
STETH,2024-01-15,2509.87,2507.11,2469.95,115.91,290686.16,2507.86,multiply,ETH
STETH,2024-01-16,2586.91,2572.42,2507.86,73.12,189098.11,2586.13,multiply,ETH
STETH,2024-01-17,2527.84,2514.44,2586.13,88.06,222512.29,2526.83,multiply,ETH
STETH,2024-01-18,2468.6,2456.26,2526.83,153.86,379590.9,2467.12,multiply,ETH
STETH,2024-01-19,2489.3,2478.84,2467.12,118.17,294072.66,2488.56,multiply,ETH
STETH,2024-01-20,2468.83,2456.23,2488.56,37.03,90954.17,2456.23,multiply,ETH
STETH,2024-01-21,2453.88,2385.86,2456.23,14.19,34817.03,2453.63,multiply,ETH
STETH,2024-01-22,2311.54,2273.4,2453.63,396.4,915194.9,2308.77,multiply,ETH
STETH,2024-01-23,2240.42,2236.84,2308.77,241.97,542061.03,2240.2,multiply,ETH
STETH,2024-01-24,2233.24,2229.44,2240.2,50.1,111862.76,2232.79,multiply,ETH
STETH,2024-01-25,2217.06,2212.18,2232.79,204.86,454186.19,2217.06,multiply,ETH
STETH,2024-01-26,2267.1,2258.49,2217.06,141.79,320230.93,2258.49,multiply,ETH
STETH,2024-01-27,2267.74,2255.04,2258.49,375.03,849195.9,2264.34,multiply,ETH
STETH,2024-01-28,2256.15,2251.41,2264.34,711.77,1605698.33,2255.92,multiply,ETH
STETH,2024-01-29,2317.05,2280.89,2255.92,124.25,287835.44,2316.58,multiply,ETH
STETH,2024-01-30,2342.16,2340.52,2316.58,204.86,479527.46,2340.76,multiply,ETH
STETH,2024-01-31,2280.86,2253.02,2340.76,489.05,1114560.54,2279.03,multiply,ETH
STETH,2024-02-01,2324.07,2300.12,2279.03,1541.06,3553134.73,2305.64,multiply,ETH
STETH,2024-02-02,2321.7,2306.23,2305.64,912.11,2105013.06,2307.85,multiply,ETH
STETH,2024-02-03,2300.46,2295.87,2307.85,324.7,745468.99,2295.87,multiply,ETH
STETH,2024-02-04,2290.97,2288.68,2295.87,345.63,791827.5,2290.97,multiply,ETH
STETH,2024-02-05,2301.46,2283.99,2290.97,687.45,1580083.37,2298.47,multiply,ETH
STETH,2024-02-06,2372.2,2370.54,2298.47,211.19,500884.72,2371.73,multiply,ETH
STETH,2024-02-07,2426.75,2423.6,2371.73,431.95,1047084.62,2424.09,multiply,ETH
STETH,2024-02-08,2429.47,2419.31,2424.09,815.62,1975602.75,2422.21,multiply,ETH
STETH,2024-02-09,2492.6,2486.62,2422.21,1059.11,2634136.29,2487.12,multiply,ETH
STETH,2024-02-10,2523.38,2479.36,2487.12,176.88,442353.89,2500.87,multiply,ETH
STETH,2024-02-11,2522.96,2495.37,2500.87,81.37,204068.64,2507.91,multiply,ETH
STETH,2024-02-12,2668.54,2643.53,2507.91,413.01,1097848.93,2658.17,multiply,ETH
STETH,2024-02-13,2644.24,2638.96,2658.17,618.77,1632908.29,2638.96,multiply,ETH
STETH,2024-02-14,2783.07,2767.51,2638.96,419.39,1164393.97,2776.4,multiply,ETH
STETH,2024-02-15,2828.18,2823.65,2776.4,173.14,488985.43,2824.22,multiply,ETH
STETH,2024-02-16,2804.05,2801.25,2824.22,207.48,581435.22,2802.37,multiply,ETH
STETH,2024-02-17,2798.15,2784.21,2802.37,107.75,300179.13,2785.89,multiply,ETH
STETH,2024-02-18,2892.93,2878.23,2785.89,189.85,546760.27,2879.96,multiply,ETH
STETH,2024-02-19,2947.95,2941.76,2879.96,370.17,1089823.6,2944.12,multiply,ETH
STETH,2024-02-20,3015.27,3004.11,2944.12,804.27,2420483.53,3009.54,multiply,ETH
STETH,2024-02-21,2986.48,2957.39,3009.54,703.91,2089258.56,2968.08,multiply,ETH
STETH,2024-02-22,2978.58,2961.06,2968.08,367.07,1091166.84,2972.64,multiply,ETH
STETH,2024-02-23,2942.55,2914.21,2972.64,253.66,743443.55,2930.87,multiply,ETH
STETH,2024-02-24,3007.31,2968.71,2930.87,254.79,761200.98,2987.56,multiply,ETH
STETH,2024-02-25,3122.15,3094.76,2987.56,651.82,2027774.42,3110.94,multiply,ETH
STETH,2024-02-26,3187.77,3158.85,3110.94,440.33,1398074.94,3175.06,multiply,ETH
STETH,2024-02-27,3250.18,3229.74,3175.06,820.91,2661179.89,3241.74,multiply,ETH
STETH,2024-02-28,3393.11,3358.57,3241.74,677.04,2290394.95,3382.95,multiply,ETH
STETH,2024-02-29,3340.57,3323.52,3382.95,826.71,2759194.94,3337.56,multiply,ETH
STETH,2024-03-01,3446.21,3416.32,3337.56,869.71,2976881.29,3422.84,multiply,ETH
STETH,2024-03-02,3427.07,3402.77,3422.84,442.97,1510659.6,3410.3,multiply,ETH
STETH,2024-03-03,3493.06,3462.0,3410.3,343.63,1197322.26,3484.34,multiply,ETH
STETH,2024-03-04,3629.31,3608.97,3484.34,819.55,2972910.89,3627.49,multiply,ETH
STETH,2024-03-05,3565.05,3530.89,3627.49,1733.79,6160067.27,3552.95,multiply,ETH
STETH,2024-03-06,3821.19,3800.94,3552.95,1201.58,4588251.45,3818.52,multiply,ETH
STETH,2024-03-07,3874.07,3841.91,3818.52,277.88,1075235.32,3869.42,multiply,ETH
STETH,2024-03-08,3890.8,3867.84,3869.42,368.5,1432756.75,3888.08,multiply,ETH
STETH,2024-03-09,3909.76,3881.97,3888.08,104.9,407219.05,3881.97,multiply,ETH
STETH,2024-03-10,3876.81,3850.81,3881.97,272.65,1056907.38,3876.43,multiply,ETH
STETH,2024-03-11,4073.88,4040.95,3876.43,937.88,3806703.19,4058.84,multiply,ETH
STETH,2024-03-12,3976.25,3946.0,4058.84,722.72,2872562.43,3974.65,multiply,ETH
STETH,2024-03-13,4003.05,3946.95,3974.65,320.05,1280278.92,4000.25,multiply,ETH
STETH,2024-03-14,3876.53,3786.88,4000.25,941.34,3648403.17,3875.75,multiply,ETH
STETH,2024-03-15,3741.32,3717.74,3875.75,2678.07,10013496.03,3739.07,multiply,ETH
STETH,2024-03-16,3518.32,3492.27,3739.07,2497.55,8772234.34,3512.34,multiply,ETH
STETH,2024-03-17,3641.25,3621.22,3512.34,1330.62,4840753.5,3637.97,multiply,ETH
STETH,2024-03-18,3523.83,3500.6,3637.97,1134.57,3989644.67,3516.44,multiply,ETH
STETH,2024-03-19,3158.44,3137.91,3516.44,3785.88,11953887.58,3157.49,multiply,ETH
STETH,2024-03-20,3537.76,3498.02,3157.49,2612.0,9171737.65,3511.39,multiply,ETH
STETH,2024-03-21,3489.29,3465.54,3511.39,738.24,2574641.75,3487.54,multiply,ETH
STETH,2024-03-22,3335.41,3314.72,3487.54,2428.69,8088523.36,3330.41,multiply,ETH
STETH,2024-03-23,3324.16,3296.52,3330.41,268.78,892841.66,3321.83,multiply,ETH
STETH,2024-03-24,3449.96,3409.54,3321.83,628.34,2167096.2,3448.92,multiply,ETH
STETH,2024-03-25,3589.16,3549.3,3448.92,3077.77,11023413.37,3581.62,multiply,ETH
STETH,2024-03-26,3585.09,3545.63,3581.62,1110.03,3979157.75,3584.73,multiply,ETH
STETH,2024-03-27,3499.77,3465.82,3584.73,2241.82,7827808.92,3491.72,multiply,ETH
STETH,2024-03-28,3555.4,3517.65,3491.72,718.63,2555018.71,3555.4,multiply,ETH
STETH,2024-03-29,3506.93,3495.69,3555.4,669.91,2345089.88,3500.6,multiply,ETH
STETH,2024-03-30,3499.49,3490.02,3500.6,384.9,1345739.65,3496.34,multiply,ETH
STETH,2024-03-31,3635.04,3592.38,3496.34,276.71,1004843.61,3631.4,multiply,ETH
STETH,2024-04-01,3495.35,3469.06,3631.4,337.96,1181171.36,3495.0,multiply,ETH
STETH,2024-04-02,3277.1,3245.95,3495.0,1246.07,4078189.23,3272.84,multiply,ETH
STETH,2024-04-03,3306.94,3270.84,3272.84,329.61,1089454.76,3305.28,multiply,ETH
STETH,2024-04-04,3324.51,3318.52,3305.28,319.86,1062419.12,3321.51,multiply,ETH
STETH,2024-04-05,3315.14,3307.83,3321.51,1305.39,4326680.21,3314.47,multiply,ETH
STETH,2024-04-06,3348.71,3338.99,3314.47,130.2,435784.11,3347.04,multiply,ETH
STETH,2024-04-07,3449.71,3433.82,3347.04,470.86,1623027.25,3446.94,multiply,ETH
STETH,2024-04-08,3689.16,3677.7,3446.94,454.2,1671755.84,3680.66,multiply,ETH
STETH,2024-04-09,3499.57,3489.06,3680.66,1397.25,4887329.47,3497.82,multiply,ETH
STETH,2024-04-10,3541.31,3522.16,3497.82,694.06,2457386.21,3540.6,multiply,ETH
STETH,2024-04-11,3499.01,3473.43,3540.6,711.22,2478846.1,3485.34,multiply,ETH
STETH,2024-04-12,3234.26,3209.97,3485.34,1724.72,5570373.98,3229.73,multiply,ETH
STETH,2024-04-13,3004.28,2982.3,3229.73,1883.0,5641185.83,2995.85,multiply,ETH
STETH,2024-04-14,3152.58,3136.15,2995.85,3358.79,10564439.58,3145.31,multiply,ETH
STETH,2024-04-15,3097.41,3080.04,3145.31,623.41,1930378.9,3096.48,multiply,ETH
STETH,2024-04-16,3079.56,3061.35,3096.48,820.49,2526493.14,3079.25,multiply,ETH
STETH,2024-04-17,2980.64,2972.28,3079.25,2051.97,6115576.08,2980.34,multiply,ETH
STETH,2024-04-18,3065.38,3048.52,2980.34,745.76,2282610.94,3060.78,multiply,ETH
STETH,2024-04-19,3057.03,3046.64,3060.78,1635.32,4997726.36,3056.12,multiply,ETH
STETH,2024-04-20,3155.78,3139.68,3056.12,315.42,995196.08,3155.15,multiply,ETH
STETH,2024-04-21,3148.11,3130.8,3155.15,567.11,1784253.47,3146.22,multiply,ETH
STETH,2024-04-22,3200.27,3185.54,3146.22,363.1,1161785.32,3199.63,multiply,ETH
STETH,2024-04-23,3218.17,3200.78,3199.63,130.55,419039.22,3209.8,multiply,ETH
STETH,2024-04-24,3138.16,3121.52,3209.8,402.06,1260970.65,3136.27,multiply,ETH
STETH,2024-04-25,3154.52,3130.86,3136.27,544.54,1710719.2,3141.59,multiply,ETH
STETH,2024-04-26,3128.5,3108.79,3141.59,311.19,973267.25,3127.57,multiply,ETH
STETH,2024-04-27,3251.28,3233.71,3127.57,328.1,1066317.38,3249.98,multiply,ETH
STETH,2024-04-28,3262.43,3238.29,3249.98,372.41,1214475.57,3261.13,multiply,ETH
STETH,2024-04-29,3215.09,3188.72,3261.13,489.04,1571677.03,3213.8,multiply,ETH
STETH,2024-04-30,3010.26,2991.28,3213.8,543.74,1636305.04,3009.35,multiply,ETH
STETH,2024-05-01,2968.23,2946.26,3009.35,349.15,1035734.25,2966.44,multiply,ETH
STETH,2024-05-02,2984.62,2967.6,2966.44,2127.9,6338894.88,2978.94,multiply,ETH
STETH,2024-05-03,3101.29,3089.49,2978.94,4588.9,14204434.35,3095.39,multiply,ETH
STETH,2024-05-04,3116.9,3096.01,3095.39,1092.78,3388707.66,3101.0,multiply,ETH
STETH,2024-05-05,3137.09,3115.13,3101.0,432.08,1351407.43,3127.68,multiply,ETH
STETH,2024-05-06,3062.27,3046.34,3127.68,709.07,2170930.13,3061.66,multiply,ETH
STETH,2024-05-07,3005.91,2991.48,3061.66,833.21,2504554.27,3005.91,multiply,ETH
STETH,2024-05-08,2976.28,2959.34,3005.91,612.74,1813303.2,2959.34,multiply,ETH
STETH,2024-05-09,3035.32,3020.75,2959.34,109.4,331931.46,3034.11,multiply,ETH
STETH,2024-05-10,2909.29,2898.81,3034.11,230.19,669354.37,2907.83,multiply,ETH
STETH,2024-05-11,2910.36,2897.55,2907.83,100.07,291123.58,2909.2,multiply,ETH
STETH,2024-05-12,2926.51,2913.04,2909.2,88.7,259529.14,2925.92,multiply,ETH
STETH,2024-05-13,2950.16,2935.41,2925.92,142.98,420084.44,2938.06,multiply,ETH
STETH,2024-05-14,2879.49,2865.37,2938.06,218.69,629463.19,2878.34,multiply,ETH
STETH,2024-05-15,3031.64,3018.29,2878.34,279.07,845785.79,3030.73,multiply,ETH
STETH,2024-05-16,2943.4,2928.97,3030.73,543.22,1598115.38,2941.93,multiply,ETH
STETH,2024-05-17,3092.2,3078.28,2941.93,488.0,1507334.32,3088.8,multiply,ETH
STETH,2024-05-18,3120.6,3106.23,3088.8,321.41,1002790.05,3119.97,multiply,ETH
STETH,2024-05-19,3068.22,3053.48,3119.97,243.52,747099.0,3067.92,multiply,ETH
STETH,2024-05-20,3660.85,3656.82,3067.92,1596.22,5842349.35,3660.12,multiply,ETH
STETH,2024-05-21,3787.84,3770.41,3660.12,852.8,3229950.42,3787.47,multiply,ETH
STETH,2024-05-22,3736.33,3733.71,3787.47,377.46,1409892.03,3735.21,multiply,ETH
STETH,2024-05-23,3800.52,3775.18,3735.21,1860.16,7032289.34,3780.48,multiply,ETH
STETH,2024-05-24,3726.39,3724.9,3780.48,177.02,659580.39,3726.02,multiply,ETH
STETH,2024-05-25,3748.48,3746.98,3726.02,69.48,260418.35,3748.11,multiply,ETH
STETH,2024-05-26,3823.58,3800.25,3748.11,98.52,376547.91,3822.05,multiply,ETH
STETH,2024-05-27,3890.48,3866.36,3822.05,144.58,562373.33,3889.7,multiply,ETH
STETH,2024-05-28,3839.62,3813.51,3889.7,89.08,341725.63,3836.17,multiply,ETH
STETH,2024-05-29,3762.22,3735.88,3836.17,283.77,1067178.13,3760.72,multiply,ETH
STETH,2024-05-30,3745.85,3722.24,3760.72,144.38,540771.13,3745.47,multiply,ETH
STETH,2024-05-31,3757.52,3733.84,3745.47,231.28,868865.92,3756.77,multiply,ETH
STETH,2024-06-01,3811.28,3791.84,3756.77,119.57,455578.56,3810.14,multiply,ETH
STETH,2024-06-02,3777.17,3767.34,3810.14,71.93,271664.69,3776.79,multiply,ETH
STETH,2024-06-03,3764.44,3754.64,3776.79,93.94,352711.3,3754.64,multiply,ETH
STETH,2024-06-04,3808.82,3798.92,3754.64,98.56,374533.91,3800.06,multiply,ETH
STETH,2024-06-05,3865.3,3841.33,3800.06,108.24,417961.57,3861.43,multiply,ETH
STETH,2024-06-06,3810.14,3784.98,3861.43,79.43,302458.06,3807.86,multiply,ETH
STETH,2024-06-07,3676.79,3672.75,3807.86,364.06,1338036.74,3675.32,multiply,ETH
STETH,2024-06-08,3679.74,3664.28,3675.32,226.23,832300.07,3679.0,multiply,ETH
STETH,2024-06-09,3704.15,3688.21,3679.0,112.7,417373.83,3703.41,multiply,ETH
STETH,2024-06-10,3664.16,3648.39,3703.41,91.08,333430.91,3660.86,multiply,ETH
STETH,2024-06-11,3497.32,3481.23,3660.86,381.55,1334135.57,3496.62,multiply,ETH
STETH,2024-06-12,3569.93,3542.52,3496.62,240.4,855387.01,3558.18,multiply,ETH
STETH,2024-06-13,3467.1,3433.46,3558.18,242.55,840439.57,3465.02,multiply,ETH
STETH,2024-06-14,3479.74,3449.81,3465.02,190.7,663254.62,3478.0,multiply,ETH
STETH,2024-06-15,3565.9,3548.42,3478.0,43.35,154427.01,3562.33,multiply,ETH
STETH,2024-06-16,3621.65,3617.3,3562.33,69.8,252790.86,3621.65,multiply,ETH
STETH,2024-06-17,3510.08,3507.97,3621.65,129.91,455812.1,3508.68,multiply,ETH
STETH,2024-06-18,3481.23,3458.94,3508.68,256.22,891602.66,3479.83,multiply,ETH
STETH,2024-06-19,3558.61,3542.6,3479.83,112.99,401846.53,3556.48,multiply,ETH
STETH,2024-06-20,3510.24,3495.49,3556.48,226.93,796339.25,3509.18,multiply,ETH
STETH,2024-06-21,3516.22,3503.91,3509.18,77.42,272144.43,3515.17,multiply,ETH
STETH,2024-06-22,3494.25,3469.09,3515.17,25.11,87731.84,3493.9,multiply,ETH
STETH,2024-06-23,3418.28,3402.55,3493.9,68.58,234261.4,3415.89,multiply,ETH
STETH,2024-06-24,3349.87,3342.83,3415.89,211.02,706606.73,3348.53,multiply,ETH
STETH,2024-06-25,3393.57,3389.84,3348.53,290.92,987158.83,3393.23,multiply,ETH
STETH,2024-06-26,3369.46,3348.57,3393.23,293.67,988717.71,3366.76,multiply,ETH
STETH,2024-06-27,3445.8,3422.71,3366.76,109.73,378032.01,3445.11,multiply,ETH
STETH,2024-06-28,3373.8,3364.35,3445.11,72.38,243975.87,3370.76,multiply,ETH
STETH,2024-06-29,3372.51,3363.74,3370.76,18.88,63532.83,3365.09,multiply,ETH
STETH,2024-06-30,3431.1,3422.86,3365.09,47.43,162476.73,3425.61,multiply,ETH
STETH,2024-07-01,3438.83,3429.2,3425.61,66.14,227330.49,3437.11,multiply,ETH
STETH,2024-07-02,3415.04,3404.79,3437.11,21.57,73493.0,3407.19,multiply,ETH
STETH,2024-07-03,3292.16,3277.35,3407.19,224.62,739041.29,3290.18,multiply,ETH
STETH,2024-07-04,3058.81,3044.74,3290.18,227.19,694444.59,3056.67,multiply,ETH
STETH,2024-07-05,2981.47,2968.35,3056.67,1044.68,3112816.64,2979.68,multiply,ETH
STETH,2024-07-06,3065.09,3054.66,2979.68,162.01,496276.39,3063.25,multiply,ETH
STETH,2024-07-07,2928.56,2918.3,3063.25,150.71,441275.21,2927.98,multiply,ETH
STETH,2024-07-08,3021.51,2997.66,2927.98,1053.95,3179428.73,3016.68,multiply,ETH
STETH,2024-07-09,3069.51,3056.93,3016.68,500.84,1535181.49,3065.21,multiply,ETH
STETH,2024-07-10,3100.44,3086.8,3065.21,143.71,444004.76,3089.59,multiply,ETH
STETH,2024-07-11,3099.49,3072.52,3089.59,99.22,307346.88,3097.63,multiply,ETH
STETH,2024-07-12,3134.62,3121.14,3097.63,113.0,353964.11,3132.43,multiply,ETH
STETH,2024-07-13,3183.02,3162.37,3132.43,237.65,754633.65,3175.4,multiply,ETH
STETH,2024-07-14,3249.37,3239.3,3175.4,96.05,311727.47,3245.47,multiply,ETH
STETH,2024-07-15,3485.5,3454.48,3245.47,179.61,625780.24,3484.11,multiply,ETH
STETH,2024-07-16,3446.19,3418.28,3484.11,151.07,520615.92,3446.19,multiply,ETH
STETH,2024-07-17,3387.66,3373.43,3446.19,89.25,301078.79,3373.43,multiply,ETH
STETH,2024-07-18,3425.94,3407.44,3373.43,78.61,268370.55,3413.95,multiply,ETH
STETH,2024-07-19,3506.0,3492.68,3413.95,157.4,550299.24,3496.18,multiply,ETH
STETH,2024-07-20,3518.85,3505.48,3496.18,171.4,600959.62,3506.18,multiply,ETH
STETH,2024-07-21,3535.4,3519.13,3506.18,142.42,502252.38,3526.56,multiply,ETH
STETH,2024-07-22,3441.05,3427.63,3526.56,3410.23,11733598.46,3440.71,multiply,ETH
STETH,2024-07-23,3483.07,3466.0,3440.71,200.73,698876.98,3481.68,multiply,ETH
STETH,2024-07-24,3334.82,3323.81,3481.68,183.43,610726.56,3329.48,multiply,ETH
STETH,2024-07-25,3173.85,3166.54,3329.48,817.19,2591818.57,3171.62,multiply,ETH
STETH,2024-07-26,3274.24,3271.94,3171.62,97.78,320122.68,3273.91,multiply,ETH
STETH,2024-07-27,3249.36,3245.14,3273.91,127.19,413203.44,3248.71,multiply,ETH
STETH,2024-07-28,3269.82,3259.03,3248.71,101.07,330381.85,3268.84,multiply,ETH
STETH,2024-07-29,3317.94,3302.68,3268.84,151.19,501539.02,3317.28,multiply,ETH
STETH,2024-07-30,3277.75,3268.57,3317.28,80.4,263505.09,3277.43,multiply,ETH
STETH,2024-07-31,3231.84,3216.0,3277.43,301.7,974851.12,3231.19,multiply,ETH
STETH,2024-08-01,3200.67,3184.67,3231.19,315.83,1009654.56,3196.83,multiply,ETH
STETH,2024-08-02,2984.82,2976.46,3196.83,322.62,961422.81,2980.05,multiply,ETH
STETH,2024-08-03,2901.22,2893.38,2980.05,174.41,505849.82,2900.35,multiply,ETH
STETH,2024-08-04,2687.0,2680.55,2900.35,596.55,1601489.48,2684.59,multiply,ETH
STETH,2024-08-05,2442.17,2309.05,2684.59,5613.28,13572740.45,2417.97,multiply,ETH
STETH,2024-08-06,2460.91,2459.44,2417.97,530.81,1306146.29,2460.67,multiply,ETH
STETH,2024-08-07,2342.09,2339.28,2460.67,711.31,1664787.94,2340.45,multiply,ETH
STETH,2024-08-08,2729.24,2677.45,2340.45,932.24,2500777.2,2682.55,multiply,ETH
STETH,2024-08-09,2600.21,2593.19,2682.55,294.1,764568.82,2599.69,multiply,ETH
STETH,2024-08-10,2615.86,2602.81,2599.69,86.49,225410.4,2606.2,multiply,ETH
STETH,2024-08-11,2554.65,2547.49,2606.2,150.88,385445.25,2554.65,multiply,ETH
STETH,2024-08-12,2723.07,2714.9,2554.65,303.49,824606.38,2717.08,multiply,ETH
STETH,2024-08-13,2709.01,2688.46,2717.08,118.58,320592.89,2703.6,multiply,ETH
STETH,2024-08-14,2661.98,2655.06,2703.6,32.61,86807.17,2661.98,multiply,ETH
STETH,2024-08-15,2572.96,2567.56,2661.98,182.35,468710.62,2570.39,multiply,ETH
STETH,2024-08-16,2596.29,2593.44,2570.39,90.29,234161.75,2593.44,multiply,ETH
STETH,2024-08-17,2614.66,2612.04,2593.44,54.34,142052.12,2614.14,multiply,ETH
STETH,2024-08-18,2612.06,2574.44,2614.14,21.26,55426.81,2607.09,multiply,ETH
STETH,2024-08-19,2637.21,2630.35,2607.09,36.69,96739.74,2636.68,multiply,ETH
STETH,2024-08-20,2572.99,2542.11,2636.68,103.88,267175.56,2571.96,multiply,ETH
STETH,2024-08-21,2630.86,2616.92,2571.96,56.32,148140.6,2630.34,multiply,ETH
STETH,2024-08-22,2623.05,2604.16,2630.34,132.93,348646.53,2622.78,multiply,ETH
STETH,2024-08-23,2764.81,2757.9,2622.78,255.24,705690.1,2764.81,multiply,ETH
STETH,2024-08-24,2769.86,2764.04,2764.81,201.54,557344.4,2765.43,multiply,ETH
STETH,2024-08-25,2747.25,2742.57,2765.43,22.67,62267.59,2746.7,multiply,ETH
STETH,2024-08-26,2680.35,2648.71,2746.7,11.54,30925.0,2679.81,multiply,ETH
STETH,2024-08-27,2458.04,2427.56,2679.81,130.16,319907.03,2457.8,multiply,ETH
STETH,2024-08-28,2528.48,2527.21,2457.8,86.05,217510.18,2527.72,multiply,ETH
STETH,2024-08-29,2527.21,2493.08,2527.72,42.29,106865.09,2526.96,multiply,ETH
STETH,2024-08-30,2525.26,2524.25,2526.96,84.31,212819.67,2524.25,multiply,ETH
STETH,2024-08-31,2512.26,2479.34,2524.25,31.31,78650.87,2512.0,multiply,ETH
STETH,2024-09-01,2425.33,2390.4,2512.0,98.18,238047.66,2424.6,multiply,ETH
STETH,2024-09-02,2537.46,2509.79,2424.6,36.06,91454.99,2536.19,multiply,ETH
STETH,2024-09-03,2423.67,2422.46,2536.19,69.78,169106.96,2423.43,multiply,ETH
STETH,2024-09-04,2450.36,2436.64,2423.43,1173.83,2875730.82,2449.87,multiply,ETH
STETH,2024-09-05,2367.89,2345.4,2449.87,133.75,316610.28,2367.18,multiply,ETH
STETH,2024-09-06,2231.19,2199.38,2367.18,1829.33,4066125.67,2222.74,multiply,ETH
STETH,2024-09-07,2273.45,2271.63,2222.74,80.26,182430.6,2273.0,multiply,ETH
STETH,2024-09-08,2297.39,2265.69,2273.0,206.27,473456.14,2295.32,multiply,ETH
STETH,2024-09-09,2359.06,2339.7,2295.32,84.5,199300.35,2358.58,multiply,ETH
STETH,2024-09-10,2387.87,2361.12,2358.58,57.7,137780.36,2387.87,multiply,ETH
STETH,2024-09-11,2340.26,2324.58,2387.87,79.25,184222.88,2324.58,multiply,ETH
STETH,2024-09-12,2361.2,2333.09,2324.58,155.41,366844.19,2360.49,multiply,ETH
STETH,2024-09-13,2440.79,2414.43,2360.49,237.39,579419.55,2440.79,multiply,ETH
STETH,2024-09-14,2418.52,2416.83,2440.79,92.12,222727.22,2417.79,multiply,ETH
STETH,2024-09-15,2316.46,2308.58,2417.79,169.95,393643.01,2316.23,multiply,ETH
STETH,2024-09-16,2295.53,2294.61,2316.23,463.37,1063360.63,2294.84,multiply,ETH
STETH,2024-09-17,2341.74,2337.76,2294.84,391.5,916058.24,2339.87,multiply,ETH
STETH,2024-09-18,2373.58,2360.05,2339.87,176.64,419228.1,2373.35,multiply,ETH
STETH,2024-09-19,2465.34,2463.86,2373.35,234.29,577488.22,2464.84,multiply,ETH
STETH,2024-09-20,2561.37,2559.83,2464.84,36.76,94099.37,2559.83,multiply,ETH
STETH,2024-09-21,2612.49,2610.4,2559.83,23.88,62379.93,2612.22,multiply,ETH
STETH,2024-09-22,2580.91,2580.4,2612.22,14.0,36125.56,2580.4,multiply,ETH
STETH,2024-09-23,2646.91,2645.05,2580.4,221.29,585733.67,2646.91,multiply,ETH
STETH,2024-09-24,2658.72,2640.94,2646.91,346.82,920255.66,2653.41,multiply,ETH
STETH,2024-09-25,2579.69,2572.98,2653.41,52.23,134737.21,2579.69,multiply,ETH
STETH,2024-09-26,2632.81,2600.16,2579.69,129.13,339940.76,2632.55,multiply,ETH
STETH,2024-09-27,2695.48,2693.05,2632.55,78.2,210765.46,2695.21,multiply,ETH
STETH,2024-09-28,2676.03,2674.96,2695.21,87.37,233734.6,2675.23,multiply,ETH
STETH,2024-09-29,2657.55,2655.16,2675.23,69.7,185175.54,2656.75,multiply,ETH
STETH,2024-09-30,2600.59,2597.99,2656.75,83.46,217023.47,2600.33,multiply,ETH
STETH,2024-10-01,2446.81,2439.22,2600.33,129.85,317717.73,2446.81,multiply,ETH
STETH,2024-10-02,2366.0,2357.73,2446.81,37.41,88370.72,2362.22,multiply,ETH
STETH,2024-10-03,2349.34,2338.06,2362.22,31.72,74513.61,2349.11,multiply,ETH
STETH,2024-10-04,2414.19,2403.56,2349.11,64.68,156134.0,2413.95,multiply,ETH
STETH,2024-10-05,2414.31,2392.33,2413.95,68.03,164228.88,2414.07,multiply,ETH
STETH,2024-10-06,2439.47,2427.76,2414.07,6.383,15564.92,2438.5,multiply,ETH
STETH,2024-10-07,2421.66,2400.34,2438.5,35.3,85475.89,2421.41,multiply,ETH
STETH,2024-10-08,2439.18,2414.79,2421.41,347.26,846945.64,2438.94,multiply,ETH
STETH,2024-10-09,2367.97,2358.73,2438.94,62.0,146784.54,2367.49,multiply,ETH
STETH,2024-10-10,2384.16,2365.56,2367.49,76.25,180374.2,2365.56,multiply,ETH
STETH,2024-10-11,2438.54,2412.69,2365.56,22.54,54953.75,2438.05,multiply,ETH
STETH,2024-10-12,2475.19,2464.79,2438.05,42.68,105609.29,2474.44,multiply,ETH
STETH,2024-10-13,2467.63,2445.41,2474.44,10.61,26150.09,2464.66,multiply,ETH
STETH,2024-10-14,2628.49,2623.76,2464.66,80.04,210321.55,2627.71,multiply,ETH
STETH,2024-10-15,2606.14,2581.11,2627.71,109.39,284999.88,2605.36,multiply,ETH
STETH,2024-10-16,2610.17,2582.49,2605.36,9.843,25676.45,2608.6,multiply,ETH
STETH,2024-10-17,2604.32,2578.01,2608.6,76.3,198629.99,2603.28,multiply,ETH
STETH,2024-10-18,2641.16,2613.42,2603.28,3.908,10294.82,2634.29,multiply,ETH
STETH,2024-10-19,2647.59,2619.52,2634.29,55.87,147876.49,2646.8,multiply,ETH
STETH,2024-10-20,2745.58,2729.92,2646.8,22.22,61000.6,2745.3,multiply,ETH
STETH,2024-10-21,2665.1,2660.04,2745.3,6.641,17693.62,2664.3,multiply,ETH
STETH,2024-10-22,2620.79,2594.83,2664.3,153.11,401188.23,2620.26,multiply,ETH
STETH,2024-10-23,2522.33,2511.23,2620.26,258.57,651872.77,2521.07,multiply,ETH
STETH,2024-10-24,2557.27,2492.28,2521.07,0.7427,1882.02,2533.89,multiply,ETH
TON,2023-10-25,2.306,2.109,2.13,102945.77,219086.07,2.128,multiply,BTC
TON,2023-10-26,2.294,2.092,2.128,100006.32,212948.57,2.129,multiply,BTC
TON,2023-10-27,2.122,2.061,2.129,99755.67,205756.58,2.063,multiply,BTC
TON,2023-10-28,2.087,2.031,2.063,96550.26,198076.64,2.052,multiply,BTC
TON,2023-10-29,2.092,2.054,2.052,95213.63,197721.8,2.077,multiply,BTC
TON,2023-10-30,2.138,2.058,2.077,98175.99,208576.85,2.125,multiply,BTC
TON,2023-10-31,2.322,2.127,2.125,103864.83,234989.67,2.262,multiply,BTC
TON,2023-11-01,2.323,2.192,2.262,96875.46,214955.35,2.219,multiply,BTC
TON,2023-11-02,2.404,2.126,2.219,97948.88,220683.01,2.253,multiply,BTC
TON,2023-11-03,2.269,2.199,2.253,101102.84,227933.55,2.254,multiply,BTC
TON,2023-11-04,2.292,2.246,2.254,95831.1,216769.97,2.262,multiply,BTC
TON,2023-11-05,2.32,2.239,2.262,99851.29,226228.29,2.266,multiply,BTC
TON,2023-11-06,2.449,2.262,2.266,101200.11,246695.12,2.438,multiply,BTC
TON,2023-11-07,2.579,2.359,2.438,101157.41,258956.61,2.56,multiply,BTC
TON,2023-11-08,2.743,2.575,2.56,110383.93,299173.01,2.71,multiply,BTC
TON,2023-11-09,2.795,2.411,2.71,103020.07,255084.01,2.476,multiply,BTC
TON,2023-11-10,2.752,2.437,2.476,100316.33,248598.74,2.478,multiply,BTC
TON,2023-11-11,2.489,2.395,2.478,102585.67,248733.74,2.425,multiply,BTC
TON,2023-11-12,2.75,2.315,2.413,29586.79,74687.03,2.598,direct,
TON,2023-11-13,2.598,2.363,2.598,47115.93,116031.06,2.367,direct,
TON,2023-11-14,2.323,2.251,2.357,98341.72,224349.05,2.281,multiply,BTC
TON,2023-11-15,2.434,2.359,2.281,97876.93,232045.9,2.371,multiply,BTC
TON,2023-11-16,2.377,2.242,2.371,97703.93,223687.56,2.289,multiply,BTC
TON,2023-11-17,2.349,2.263,2.289,97715.02,227871.21,2.332,multiply,BTC
TON,2023-11-18,2.378,2.264,2.332,98107.61,231582.78,2.36,multiply,BTC
TON,2023-11-19,2.447,2.386,2.36,96392.14,231266.82,2.399,multiply,BTC
TON,2023-11-20,2.421,2.326,2.399,108647.22,254320.56,2.341,multiply,BTC
TON,2023-11-21,2.311,2.228,2.341,97286.65,223828.96,2.301,multiply,BTC
TON,2023-11-22,2.469,2.391,2.301,98223.09,235185.4,2.394,multiply,BTC
TON,2023-11-23,2.448,2.366,2.394,82438.91,198884.77,2.413,multiply,BTC
TON,2023-11-24,2.565,2.386,2.413,98639.3,238305.24,2.416,multiply,BTC
TON,2023-11-25,2.455,2.343,2.416,97879.96,231660.16,2.367,multiply,BTC
TON,2023-11-26,2.38,2.338,2.367,97562.78,231636.29,2.374,multiply,BTC
TON,2023-11-27,2.477,2.31,2.374,96567.57,236344.66,2.447,multiply,BTC
TON,2023-11-28,2.52,2.429,2.447,97072.57,237599.83,2.448,multiply,BTC
TON,2023-11-29,2.474,2.415,2.448,96684.93,235784.09,2.439,multiply,BTC
TON,2023-11-30,2.444,2.406,2.439,98358.2,237764.64,2.417,multiply,BTC
TON,2023-12-01,2.482,1.943,2.417,99943.5,243593.88,2.437,multiply,BTC
TON,2023-12-02,2.56,2.414,2.437,94768.71,236322.22,2.494,multiply,BTC
TON,2023-12-03,2.542,2.422,2.494,99592.53,241735.2,2.427,multiply,BTC
TON,2023-12-04,2.605,2.272,2.427,97210.49,233655.86,2.404,multiply,BTC
TON,2023-12-05,2.615,2.252,2.404,105125.22,251488.16,2.392,multiply,BTC
TON,2023-12-06,2.619,2.252,2.392,95608.39,220961.44,2.311,multiply,BTC
TON,2023-12-07,2.415,2.169,2.311,105072.89,239138.16,2.276,multiply,BTC
TON,2023-12-08,2.533,2.277,2.276,96449.51,224550.84,2.328,multiply,BTC
TON,2023-12-09,2.442,2.284,2.328,96171.86,223407.52,2.323,multiply,BTC
TON,2023-12-10,2.441,2.273,2.323,98706.15,229049.65,2.321,multiply,BTC
TON,2023-12-11,2.752,2.058,2.321,101721.53,217780.84,2.141,multiply,BTC
TON,2023-12-12,2.237,2.137,2.141,95526.58,205893.09,2.155,multiply,BTC
TON,2023-12-13,2.352,2.187,2.155,96125.7,214251.3,2.229,multiply,BTC
TON,2023-12-14,2.296,2.152,2.229,97819.93,216650.11,2.215,multiply,BTC
TON,2023-12-15,2.201,2.121,2.215,96624.77,208696.63,2.16,multiply,BTC
TON,2023-12-16,2.329,2.098,2.158,19215.71,42407.41,2.185,direct,
TON,2023-12-17,2.188,2.085,2.181,98494.0,213000.63,2.163,multiply,BTC
TON,2023-12-18,2.259,2.105,2.163,98878.58,210691.22,2.131,multiply,BTC
TON,2023-12-19,2.157,2.084,2.131,99245.85,212683.03,2.143,multiply,BTC
TON,2023-12-20,2.27,2.159,2.143,94551.7,209962.92,2.221,multiply,BTC
TON,2023-12-21,2.368,2.12,2.233,67716.46,150953.31,2.245,direct,
TON,2023-12-22,2.382,2.212,2.245,29135.51,66366.15,2.257,direct,
TON,2023-12-23,2.23,2.188,2.237,94488.63,209587.6,2.218,multiply,BTC
TON,2023-12-24,2.209,2.151,2.218,96726.61,211361.6,2.185,multiply,BTC
TON,2023-12-25,2.237,2.028,2.185,98962.56,212644.6,2.149,multiply,BTC
TON,2023-12-26,2.21,2.085,2.149,99555.51,217482.98,2.185,multiply,BTC
TON,2023-12-27,2.249,2.131,2.185,97938.71,212568.54,2.17,multiply,BTC
TON,2023-12-28,2.231,2.109,2.17,101349.08,223630.09,2.207,multiply,BTC
TON,2023-12-29,2.312,2.147,2.207,97957.96,223423.43,2.281,multiply,BTC
TON,2023-12-30,2.47,2.242,2.281,101244.42,240917.66,2.38,multiply,BTC
TON,2023-12-31,2.387,2.273,2.38,97507.46,226662.15,2.325,multiply,BTC
TON,2024-01-01,2.473,2.33,2.325,98071.44,230726.67,2.353,multiply,BTC
TON,2024-01-02,2.394,2.283,2.353,98430.89,225307.35,2.289,multiply,BTC
TON,2024-01-03,2.255,1.949,2.289,101012.18,222975.67,2.207,multiply,BTC
TON,2024-01-04,2.306,2.061,2.207,98794.37,214596.56,2.172,multiply,BTC
TON,2024-01-05,2.222,2.064,2.172,98978.01,210241.27,2.124,multiply,BTC
TON,2024-01-06,2.21,2.048,2.124,99847.04,215564.49,2.159,multiply,BTC
TON,2024-01-07,2.387,2.117,2.159,101538.55,224831.06,2.214,multiply,BTC
TON,2024-01-08,2.473,2.233,2.214,98985.0,225718.9,2.28,multiply,BTC
TON,2024-01-09,2.267,2.148,2.28,100394.09,220642.21,2.198,multiply,BTC
TON,2024-01-10,2.294,2.173,2.198,98665.17,224144.86,2.272,multiply,BTC
TON,2024-01-11,2.277,2.111,2.272,97944.68,217649.73,2.222,multiply,BTC
TON,2024-01-12,2.156,2.013,2.222,101337.05,217261.99,2.144,multiply,BTC
TON,2024-01-13,2.154,2.086,2.144,99081.29,209172.03,2.111,multiply,BTC
TON,2024-01-14,2.476,2.031,2.111,101799.63,232101.02,2.28,multiply,BTC
TON,2024-01-15,2.491,2.257,2.28,103514.53,251768.01,2.432,multiply,BTC
TON,2024-01-16,2.475,2.339,2.432,97130.45,235900.71,2.429,multiply,BTC
TON,2024-01-17,2.435,2.249,2.429,99510.41,228173.57,2.293,multiply,BTC
TON,2024-01-18,2.244,2.16,2.293,97822.54,217770.37,2.226,multiply,BTC
TON,2024-01-19,2.289,2.191,2.226,96208.55,212771.1,2.212,multiply,BTC
TON,2024-01-20,2.273,2.12,2.197,14880.62,32384.62,2.257,direct,
TON,2024-01-21,2.286,2.199,2.266,100703.12,224047.88,2.225,multiply,BTC
TON,2024-01-22,2.154,2.09,2.225,97559.35,207948.67,2.132,multiply,BTC
TON,2024-01-23,2.193,2.123,2.132,98044.42,210339.84,2.145,multiply,BTC
TON,2024-01-24,2.176,2.119,2.145,101257.9,216509.07,2.138,multiply,BTC
TON,2024-01-25,2.131,2.037,2.138,101252.54,208519.09,2.059,multiply,BTC
TON,2024-01-26,2.191,2.048,2.059,98144.31,204299.93,2.082,multiply,BTC
TON,2024-01-27,2.12,2.065,2.082,98333.85,205743.92,2.092,multiply,BTC
TON,2024-01-28,2.159,2.051,2.092,98931.44,210851.25,2.131,multiply,BTC
TON,2024-01-29,2.208,2.107,2.131,94501.56,200514.52,2.122,multiply,BTC
TON,2024-01-30,2.128,2.007,2.122,100968.8,208646.77,2.066,multiply,BTC
TON,2024-01-31,2.114,1.989,2.066,96119.53,199119.42,2.072,multiply,BTC
TON,2024-02-01,2.136,2.018,2.072,96074.05,199379.28,2.075,multiply,BTC
TON,2024-02-02,2.115,2.04,2.075,98157.8,203199.52,2.07,multiply,BTC
TON,2024-02-03,2.081,2.006,2.07,97767.25,199771.46,2.043,multiply,BTC
TON,2024-02-04,2.123,2.002,2.043,90551.0,188575.6,2.083,multiply,BTC
TON,2024-02-05,2.089,2.015,2.083,95707.68,195305.49,2.041,multiply,BTC
TON,2024-02-06,2.105,2.021,2.041,100250.6,205284.01,2.048,multiply,BTC
TON,2024-02-07,2.127,2.04,2.048,98969.61,202472.36,2.046,multiply,BTC
TON,2024-02-08,2.151,2.066,2.046,96828.33,201572.07,2.082,multiply,BTC
TON,2024-02-09,2.167,2.044,2.082,102085.62,214068.3,2.097,multiply,BTC
TON,2024-02-10,2.161,2.028,2.097,98012.56,203942.51,2.081,multiply,BTC
TON,2024-02-11,2.148,2.044,2.081,94864.3,199085.71,2.099,multiply,BTC
TON,2024-02-12,2.37,2.138,2.099,101774.34,224613.92,2.207,multiply,BTC
TON,2024-02-13,2.307,2.163,2.207,96062.02,210733.89,2.194,multiply,BTC
TON,2024-02-14,2.307,2.168,2.194,100725.65,223659.96,2.22,multiply,BTC
TON,2024-02-15,2.255,2.17,2.22,97885.15,216460.67,2.211,multiply,BTC
TON,2024-02-16,2.263,2.139,2.211,95126.36,204736.37,2.152,multiply,BTC
TON,2024-02-17,2.272,2.086,2.152,96727.22,214754.5,2.22,multiply,BTC
TON,2024-02-18,2.321,2.208,2.22,98534.69,223945.05,2.273,multiply,BTC
TON,2024-02-19,2.285,2.18,2.273,93943.34,209903.21,2.234,multiply,BTC
TON,2024-02-20,2.318,2.206,2.234,97587.6,217908.9,2.233,multiply,BTC
TON,2024-02-21,2.218,2.094,2.233,98198.3,210147.25,2.14,multiply,BTC
TON,2024-02-22,2.168,2.068,2.14,97103.74,203496.31,2.096,multiply,BTC
TON,2024-02-23,2.184,2.045,2.096,95164.09,198762.19,2.089,multiply,BTC
TON,2024-02-24,2.183,2.079,2.089,95892.58,202078.13,2.107,multiply,BTC
TON,2024-02-25,2.188,2.086,2.107,96639.47,204956.16,2.121,multiply,BTC
TON,2024-02-26,2.305,2.109,2.121,100452.14,219279.38,2.183,multiply,BTC
TON,2024-02-27,2.326,2.128,2.183,95050.09,207439.03,2.182,multiply,BTC
TON,2024-02-28,3.048,2.255,2.182,119493.03,303322.7,2.538,multiply,BTC
TON,2024-02-29,2.713,2.434,2.538,104600.41,260839.92,2.494,multiply,BTC
TON,2024-03-01,2.907,2.486,2.494,97343.47,264847.62,2.721,multiply,BTC
TON,2024-03-02,2.826,2.668,2.721,97198.86,262488.55,2.701,multiply,BTC
TON,2024-03-03,2.799,2.561,2.701,101128.91,271095.59,2.681,multiply,BTC
TON,2024-03-04,2.911,2.716,2.681,101315.38,281242.94,2.776,multiply,BTC
TON,2024-03-05,2.673,2.508,2.776,97102.64,253335.94,2.609,multiply,BTC
TON,2024-03-06,2.77,2.618,2.609,99843.09,264575.41,2.65,multiply,BTC
TON,2024-03-07,2.809,2.654,2.65,97011.4,265944.82,2.741,multiply,BTC
TON,2024-03-08,2.866,2.733,2.741,94243.52,267973.92,2.843,multiply,BTC
TON,2024-03-09,2.975,2.775,2.843,99790.5,288033.43,2.886,multiply,BTC
TON,2024-03-10,2.93,2.772,2.886,101086.34,285931.23,2.829,multiply,BTC
TON,2024-03-11,3.301,2.869,2.829,100951.7,329265.75,3.262,multiply,BTC
TON,2024-03-12,4.103,3.207,3.262,105615.06,426508.02,4.038,multiply,BTC
TON,2024-03-13,4.742,3.44,4.038,110190.78,477454.23,4.333,multiply,BTC
TON,2024-03-14,4.266,3.87,4.333,101730.03,413030.67,4.06,multiply,BTC
TON,2024-03-15,4.164,3.719,4.06,97675.86,381497.81,3.906,multiply,BTC
TON,2024-03-16,3.691,3.418,3.906,96697.54,335278.71,3.467,multiply,BTC
TON,2024-03-17,4.051,3.557,3.467,97984.64,377402.84,3.852,multiply,BTC
TON,2024-03-18,4.052,3.722,3.852,100101.98,382585.93,3.822,multiply,BTC
TON,2024-03-19,3.868,3.446,3.822,102485.98,383636.49,3.743,multiply,BTC
TON,2024-03-20,4.647,3.943,3.743,103148.16,438509.63,4.251,multiply,BTC
TON,2024-03-21,4.27,3.974,4.251,101009.01,415844.38,4.117,multiply,BTC
TON,2024-03-22,4.572,3.957,4.117,102792.13,460241.48,4.477,multiply,BTC
TON,2024-03-23,5.113,4.447,4.477,99445.94,471326.75,4.74,multiply,BTC
TON,2024-03-24,5.346,4.934,4.74,98099.65,486637.72,4.961,multiply,BTC
TON,2024-03-25,6.073,5.132,4.961,111693.07,598913.23,5.362,multiply,BTC
TON,2024-03-26,5.41,4.472,5.362,109810.74,554905.94,5.053,multiply,BTC
TON,2024-03-27,5.408,4.715,5.053,86365.62,429907.02,4.978,multiply,BTC
TON,2024-03-28,5.108,4.782,4.978,99129.62,484126.51,4.884,multiply,BTC
TON,2024-03-29,5.199,4.781,4.884,98019.66,491421.06,5.013,multiply,BTC
TON,2024-03-30,5.413,4.955,5.013,98093.14,516706.47,5.268,multiply,BTC
TON,2024-03-31,5.542,5.184,5.268,99432.87,545286.16,5.484,multiply,BTC
TON,2024-04-01,5.556,5.082,5.484,100186.65,539332.0,5.383,multiply,BTC
TON,2024-04-02,5.21,4.856,5.383,96489.18,470667.66,4.878,multiply,BTC
TON,2024-04-03,5.4,4.819,4.878,99432.61,503176.21,5.06,multiply,BTC
TON,2024-04-04,5.441,5.03,5.06,100946.58,524742.0,5.198,multiply,BTC
TON,2024-04-05,5.789,5.005,5.198,98751.27,533491.57,5.402,multiply,BTC
TON,2024-04-06,5.832,5.383,5.402,96703.53,543799.27,5.623,multiply,BTC
TON,2024-04-07,5.66,5.105,5.623,97654.64,525589.78,5.382,multiply,BTC
TON,2024-04-08,6.503,5.442,5.382,100727.92,645388.59,6.407,multiply,BTC
TON,2024-04-09,7.563,6.145,6.407,104779.15,704196.36,6.721,multiply,BTC
TON,2024-04-10,7.741,6.471,6.721,105849.29,723824.46,6.838,multiply,BTC
TON,2024-04-11,7.724,6.576,6.838,104862.67,768828.69,7.332,multiply,BTC
TON,2024-04-12,7.206,5.979,7.332,101496.41,678292.64,6.683,multiply,BTC
TON,2024-04-13,6.812,5.632,6.683,100387.39,600661.55,5.983,multiply,BTC
TON,2024-04-14,7.017,5.919,5.983,102666.33,707600.89,6.892,multiply,BTC
TON,2024-04-15,6.979,6.434,6.892,107087.99,716813.48,6.694,multiply,BTC
TON,2024-04-16,6.893,6.139,6.694,94226.82,599655.79,6.364,multiply,BTC
TON,2024-04-17,6.453,5.956,6.364,100789.14,620761.91,6.159,multiply,BTC
TON,2024-04-18,6.643,6.097,6.159,99181.57,639362.76,6.446,multiply,BTC
TON,2024-04-19,7.317,6.009,6.446,115321.93,707299.83,6.133,multiply,BTC
TON,2024-04-20,6.496,6.127,6.133,101410.13,629170.25,6.204,multiply,BTC
TON,2024-04-21,6.346,5.953,6.204,100879.32,619230.05,6.138,multiply,BTC
TON,2024-04-22,6.427,5.865,6.138,102535.51,611391.53,5.963,multiply,BTC
TON,2024-04-23,6.08,5.508,5.963,101591.49,579854.79,5.708,multiply,BTC
TON,2024-04-24,5.844,5.41,5.708,103343.83,574537.37,5.559,multiply,BTC
TON,2024-04-25,5.692,5.242,5.559,109577.4,598884.27,5.465,multiply,BTC
TON,2024-04-26,5.406,5.222,5.465,99445.57,527781.5,5.307,multiply,BTC
TON,2024-04-27,5.466,5.184,5.323,48418.11,255726.99,5.466,direct,
TON,2024-04-28,5.605,5.338,5.396,95646.6,521000.4,5.447,multiply,BTC
TON,2024-04-29,5.589,5.188,5.447,97681.52,521514.92,5.339,multiply,BTC
TON,2024-04-30,5.308,4.925,5.339,100379.78,520632.76,5.187,multiply,BTC
TON,2024-05-01,5.432,4.628,5.049,91369.94,449620.16,4.931,direct,
TON,2024-05-02,5.245,4.788,4.85,99816.33,515385.41,5.163,multiply,BTC
TON,2024-05-03,5.919,5.362,5.163,103292.43,589904.82,5.711,multiply,BTC
TON,2024-05-04,6.0,5.623,5.711,102694.26,593720.81,5.781,multiply,BTC
TON,2024-05-05,6.018,5.605,5.781,97809.71,577493.71,5.904,multiply,BTC
TON,2024-05-06,6.0,5.738,5.904,103447.52,598897.78,5.789,multiply,BTC
TON,2024-05-07,5.906,5.653,5.789,99612.82,566622.93,5.688,multiply,BTC
TON,2024-05-08,5.81,5.517,5.688,97655.78,560234.68,5.737,multiply,BTC
TON,2024-05-09,6.617,5.88,5.737,99849.34,646196.84,6.472,multiply,BTC
TON,2024-05-10,6.888,6.14,6.472,102281.07,688926.71,6.736,multiply,BTC
TON,2024-05-11,6.97,6.079,6.736,101564.84,698674.97,6.879,multiply,BTC
TON,2024-05-12,7.185,6.84,6.879,101208.23,703502.23,6.951,multiply,BTC
TON,2024-05-13,7.5,6.8,6.987,66330.84,479036.16,7.082,direct,
TON,2024-05-14,7.127,6.204,7.092,99587.65,683435.74,6.863,multiply,BTC
TON,2024-05-15,7.598,6.903,6.863,95226.51,666786.82,7.002,multiply,BTC
TON,2024-05-16,7.38,6.225,7.002,102551.02,693909.42,6.766,multiply,BTC
TON,2024-05-17,7.081,6.49,6.766,102875.96,688555.57,6.693,multiply,BTC
TON,2024-05-18,6.74,6.321,6.693,95911.99,615597.01,6.418,multiply,BTC
TON,2024-05-19,6.487,6.248,6.418,92412.88,578170.6,6.256,multiply,BTC
TON,2024-05-20,6.959,6.571,6.256,88730.69,584431.92,6.587,multiply,BTC
TON,2024-05-21,6.67,6.273,6.587,108569.96,703570.55,6.48,multiply,BTC
TON,2024-05-22,6.713,6.167,6.48,95981.69,628097.21,6.544,multiply,BTC
TON,2024-05-23,6.602,6.095,6.544,101424.41,622019.43,6.133,multiply,BTC
TON,2024-05-24,6.464,6.171,6.133,100002.28,632372.76,6.324,multiply,BTC
TON,2024-05-25,6.551,6.332,6.324,98018.94,626595.73,6.393,multiply,BTC
TON,2024-05-26,6.416,6.224,6.393,98304.16,619810.87,6.305,multiply,BTC
TON,2024-05-27,6.556,6.327,6.305,97460.8,626951.0,6.433,multiply,BTC
TON,2024-05-28,6.639,6.256,6.433,97786.46,632101.21,6.464,multiply,BTC
TON,2024-05-29,6.567,6.223,6.464,99006.26,643361.1,6.498,multiply,BTC
TON,2024-05-30,6.641,6.398,6.498,96041.32,619778.39,6.453,multiply,BTC
TON,2024-05-31,6.503,6.225,6.453,96020.89,615896.03,6.414,multiply,BTC
TON,2024-06-01,6.454,6.251,6.414,98699.18,625628.61,6.339,multiply,BTC
TON,2024-06-02,6.97,6.239,6.339,99893.89,670510.94,6.712,multiply,BTC
TON,2024-06-03,7.479,6.464,6.712,100136.36,679082.39,6.782,multiply,BTC
TON,2024-06-04,7.379,6.694,6.782,98222.93,723437.85,7.365,multiply,BTC
TON,2024-06-05,7.987,7.133,7.365,100771.87,723832.82,7.183,multiply,BTC
TON,2024-06-06,7.665,7.077,7.183,97196.55,727780.03,7.488,multiply,BTC
TON,2024-06-07,7.592,6.758,7.488,100809.58,713595.24,7.079,multiply,BTC
TON,2024-06-08,7.589,6.799,7.079,98765.06,696797.81,7.055,multiply,BTC
TON,2024-06-09,7.514,6.642,7.055,100887.87,720141.71,7.138,multiply,BTC
TON,2024-06-10,7.423,6.611,7.138,97873.24,703402.83,7.187,multiply,BTC
TON,2024-06-11,7.143,6.719,7.187,95430.39,664274.43,6.961,multiply,BTC
TON,2024-06-12,7.48,6.934,6.961,96437.76,714760.44,7.412,multiply,BTC
TON,2024-06-13,7.735,6.968,7.412,97831.7,746978.94,7.635,multiply,BTC
TON,2024-06-14,8.251,6.271,7.635,109204.96,877958.37,8.04,multiply,BTC
TON,2024-06-15,8.34,7.36,8.04,96307.83,749003.83,7.777,multiply,BTC
TON,2024-06-16,8.342,7.609,7.777,97124.15,771407.16,7.942,multiply,BTC
TON,2024-06-17,8.317,7.659,7.942,79858.58,618514.41,7.745,multiply,BTC
TON,2024-06-18,7.669,6.744,7.745,101939.23,727316.34,7.135,multiply,BTC
TON,2024-06-19,7.359,6.768,7.135,99517.46,694852.12,6.982,multiply,BTC
TON,2024-06-20,7.373,6.796,6.982,97012.24,698305.34,7.198,multiply,BTC
TON,2024-06-21,7.489,6.931,7.198,100879.74,713458.16,7.072,multiply,BTC
TON,2024-06-22,7.582,7.023,7.072,99777.03,734024.25,7.357,multiply,BTC
TON,2024-06-23,7.683,7.095,7.357,102914.31,778317.06,7.563,multiply,BTC
TON,2024-06-24,7.588,6.895,7.563,102229.83,763408.48,7.468,multiply,BTC
TON,2024-06-25,7.922,7.391,7.468,103084.55,772076.79,7.49,multiply,BTC
TON,2024-06-26,7.773,7.287,7.49,97797.01,748314.68,7.652,multiply,BTC
TON,2024-06-27,7.876,7.568,7.652,99823.98,777633.26,7.79,multiply,BTC
TON,2024-06-28,7.685,7.233,7.79,100270.37,750648.62,7.486,multiply,BTC
TON,2024-06-29,7.765,7.4,7.486,96185.5,731690.02,7.607,multiply,BTC
TON,2024-06-30,7.999,7.535,7.607,96082.8,734207.95,7.641,multiply,BTC
TON,2024-07-01,7.887,7.503,7.641,104323.95,807680.66,7.742,multiply,BTC
TON,2024-07-02,8.06,7.495,7.742,97825.7,780543.45,7.979,multiply,BTC
TON,2024-07-03,8.007,7.724,7.979,103080.3,811713.81,7.875,multiply,BTC
TON,2024-07-04,7.489,6.97,7.875,99431.52,710094.87,7.142,multiply,BTC
TON,2024-07-05,7.347,6.735,7.142,107958.84,782167.64,7.245,multiply,BTC
TON,2024-07-06,8.033,7.416,7.245,57871.53,444005.95,7.672,multiply,BTC
TON,2024-07-07,7.536,7.0,7.672,99776.25,705688.64,7.073,multiply,BTC
TON,2024-07-08,7.508,7.049,7.073,99108.92,713796.27,7.202,multiply,BTC
TON,2024-07-09,7.546,7.012,7.202,100538.48,738834.72,7.349,multiply,BTC
TON,2024-07-10,7.458,6.996,7.349,99469.92,724063.52,7.279,multiply,BTC
TON,2024-07-11,7.495,6.962,7.279,98637.62,724063.26,7.341,multiply,BTC
TON,2024-07-12,7.587,7.222,7.341,105784.75,779888.7,7.372,multiply,BTC
TON,2024-07-13,7.676,7.25,7.372,109901.91,807191.22,7.345,multiply,BTC
TON,2024-07-14,7.753,7.26,7.296,213521.38,1583143.4,7.5,direct,
TON,2024-07-15,7.63,7.36,7.5,129153.66,979557.74,7.624,direct,
TON,2024-07-16,7.63,7.253,7.624,95521.33,710425.71,7.279,direct,
TON,2024-07-17,7.547,7.091,7.279,113973.63,829673.57,7.094,direct,
TON,2024-07-18,7.297,7.02,7.094,102946.95,738670.65,7.254,direct,
TON,2024-07-19,7.321,7.19,7.254,394865.84,2870202.62,7.303,direct,
TON,2024-07-20,7.455,7.24,7.345,98751.66,722947.15,7.321,multiply,BTC
TON,2024-07-21,7.31,6.997,7.262,86319.69,616086.24,7.178,direct,
TON,2024-07-22,7.257,6.838,7.159,101092.46,705599.54,6.98,multiply,BTC
TON,2024-07-23,7.57,6.706,6.98,99583.78,682919.9,6.858,multiply,BTC
TON,2024-07-24,7.198,6.708,6.858,100849.78,690298.39,6.845,multiply,BTC
TON,2024-07-25,6.908,6.579,6.845,99014.66,659274.54,6.658,multiply,BTC
TON,2024-07-26,6.956,6.661,6.658,98683.92,662402.52,6.712,multiply,BTC
TON,2024-07-27,6.778,6.532,6.712,98310.03,655219.79,6.665,multiply,BTC
TON,2024-07-28,6.654,6.507,6.634,40206.34,264086.91,6.621,direct,
TON,2024-07-29,6.81,6.614,6.621,49553.92,333137.11,6.624,direct,
TON,2024-07-30,6.747,6.589,6.624,56491.91,378104.19,6.733,direct,
TON,2024-07-31,6.885,6.707,6.733,101407.81,686277.27,6.749,direct,
TON,2024-08-01,6.882,6.622,6.749,73992.67,499219.54,6.736,direct,
TON,2024-08-02,6.74,6.17,6.736,75195.99,490262.57,6.179,direct,
TON,2024-08-03,6.147,5.9,6.198,99475.3,597331.43,6.005,multiply,BTC
TON,2024-08-04,6.187,5.761,5.969,71468.44,428848.97,6.01,direct,
TON,2024-08-05,6.039,4.841,6.01,175507.55,928398.58,5.28,direct,
TON,2024-08-06,5.802,5.438,5.291,99439.05,571367.95,5.746,multiply,BTC
TON,2024-08-07,5.678,5.37,5.746,102251.7,556728.12,5.445,multiply,BTC
TON,2024-08-08,6.444,5.39,5.439,193996.44,1193423.59,6.224,direct,
TON,2024-08-09,6.8,6.088,6.224,95913.85,621684.59,6.616,direct,
TON,2024-08-10,6.984,6.643,6.671,103234.65,689515.98,6.679,multiply,BTC
TON,2024-08-11,6.466,6.049,6.679,101681.81,631759.76,6.213,multiply,BTC
TON,2024-08-12,6.627,6.062,6.206,86055.75,550085.91,6.271,direct,
TON,2024-08-13,6.625,6.328,6.304,99066.32,645471.16,6.516,multiply,BTC
TON,2024-08-14,7.258,6.387,6.457,103419.12,721291.55,6.891,direct,
TON,2024-08-15,6.914,6.435,6.891,70293.63,466599.63,6.591,direct,
TON,2024-08-16,6.876,6.398,6.591,48176.99,316134.59,6.546,direct,
TON,2024-08-17,6.585,6.398,6.546,34504.25,223614.75,6.441,direct,
TON,2024-08-18,6.972,6.306,6.473,114306.04,785562.8,6.872,multiply,BTC
TON,2024-08-19,7.07,6.726,6.886,56322.59,385334.45,6.833,direct,
TON,2024-08-20,6.931,6.597,6.833,58957.74,397124.94,6.671,direct,
TON,2024-08-21,6.809,6.478,6.671,76861.53,510532.73,6.497,direct,
TON,2024-08-22,6.606,6.433,6.497,60220.41,393033.15,6.503,direct,
TON,2024-08-23,7.056,6.697,6.552,102485.28,696870.76,6.8,multiply,BTC
TON,2024-08-24,6.876,5.448,6.707,190512.13,1145700.12,5.926,direct,
TON,2024-08-25,5.987,5.257,5.926,388378.45,2221087.88,5.768,direct,
TON,2024-08-26,5.824,5.046,5.768,185811.37,1014151.74,5.132,direct,
TON,2024-08-27,5.666,5.059,5.132,274595.28,1487720.13,5.446,direct,
TON,2024-08-28,5.986,5.124,5.446,294211.16,1609800.62,5.52,direct,
TON,2024-08-29,5.654,5.362,5.52,124771.48,689631.97,5.46,direct,
TON,2024-08-30,5.511,5.263,5.46,77753.05,421231.51,5.375,direct,
TON,2024-08-31,5.435,5.271,5.375,27975.52,150883.89,5.423,direct,
TON,2024-09-01,5.359,5.116,5.415,103330.71,536436.36,5.191,multiply,BTC
TON,2024-09-02,5.244,5.086,5.184,51341.79,266315.04,5.216,direct,
TON,2024-09-03,5.295,4.861,5.216,58994.42,295822.44,4.889,direct,
TON,2024-09-04,4.924,4.569,4.889,174285.88,819073.6,4.661,direct,
TON,2024-09-05,4.973,4.522,4.661,187048.44,886249.31,4.811,direct,
TON,2024-09-06,4.954,4.457,4.811,213025.91,1023447.44,4.772,direct,
TON,2024-09-07,4.87,4.607,4.772,218168.28,1026214.91,4.725,direct,
TON,2024-09-08,4.99,4.661,4.725,266024.61,1274497.96,4.947,direct,
TON,2024-09-09,5.534,4.875,4.947,97698.16,493248.48,5.221,direct,
TON,2024-09-10,5.588,5.186,5.234,94835.68,523860.35,5.524,multiply,BTC
TON,2024-09-11,5.546,5.161,5.535,50630.8,268921.1,5.388,direct,
TON,2024-09-12,5.648,5.318,5.4,97501.29,545903.95,5.599,multiply,BTC
TON,2024-09-13,5.884,5.484,5.582,73975.81,419461.79,5.786,direct,
TON,2024-09-14,5.861,5.489,5.787,101246.35,574922.81,5.678,multiply,BTC
TON,2024-09-15,5.759,5.517,5.677,59080.07,332927.52,5.555,direct,
TON,2024-09-16,5.543,5.412,5.632,101113.22,552323.62,5.462,multiply,BTC
TON,2024-09-17,5.86,5.448,5.462,135151.56,750035.24,5.55,multiply,BTC
TON,2024-09-18,5.806,5.589,5.55,178224.72,1010383.41,5.669,multiply,BTC
TON,2024-09-19,5.877,5.671,5.669,165480.46,944293.37,5.706,multiply,BTC
TON,2024-09-20,5.782,5.57,5.706,230830.04,1288978.32,5.584,multiply,BTC
TON,2024-09-21,5.755,5.507,5.584,203943.76,1156178.14,5.669,multiply,BTC
TON,2024-09-22,5.807,5.481,5.669,147435.88,829318.84,5.625,multiply,BTC
TON,2024-09-23,5.71,5.552,5.625,148662.28,840898.96,5.656,multiply,BTC
TON,2024-09-24,5.761,5.505,5.656,152932.95,858062.25,5.611,multiply,BTC
TON,2024-09-25,5.821,5.566,5.616,92930.05,529869.38,5.734,direct,
TON,2024-09-26,5.939,5.627,5.734,161163.68,933289.32,5.794,direct,
TON,2024-09-27,6.104,5.799,5.795,226336.65,1360121.25,6.009,multiply,BTC
TON,2024-09-28,6.058,5.833,6.009,162537.77,957129.52,5.889,multiply,BTC
TON,2024-09-29,5.91,5.765,5.889,204605.19,1195590.57,5.843,multiply,BTC
TON,2024-09-30,5.858,5.624,5.843,206671.73,1186844.09,5.743,multiply,BTC
TON,2024-10-01,5.57,5.174,5.743,260511.66,1401690.34,5.381,multiply,BTC
TON,2024-10-02,5.415,5.222,5.381,159879.3,848926.47,5.31,multiply,BTC
TON,2024-10-03,5.336,5.17,5.31,223412.96,1191986.77,5.335,multiply,BTC
TON,2024-10-04,5.487,5.342,5.335,171643.68,929062.48,5.413,multiply,BTC
TON,2024-10-05,5.426,5.186,5.402,52623.26,280904.37,5.233,direct,
TON,2024-10-06,5.342,5.253,5.239,152105.53,808016.22,5.312,multiply,BTC
TON,2024-10-07,5.279,5.133,5.312,187144.94,972477.71,5.196,multiply,BTC
TON,2024-10-08,5.246,5.062,5.196,174234.24,906271.4,5.201,multiply,BTC
TON,2024-10-09,5.114,5.025,5.201,160252.03,811858.59,5.066,multiply,BTC
TON,2024-10-10,5.158,4.9,5.066,192276.08,987160.77,5.134,multiply,BTC
TON,2024-10-11,5.365,5.189,5.134,135701.05,708641.75,5.222,multiply,BTC
TON,2024-10-12,5.375,5.184,5.222,130581.24,683211.77,5.232,multiply,BTC
TON,2024-10-13,5.348,5.163,5.232,171207.61,889302.7,5.194,multiply,BTC
TON,2024-10-14,5.5,5.311,5.194,165703.5,880745.7,5.315,multiply,BTC
TON,2024-10-15,5.448,5.175,5.315,183671.86,962027.71,5.238,multiply,BTC
TON,2024-10-16,5.348,5.195,5.238,151103.31,790269.98,5.23,multiply,BTC
TON,2024-10-17,5.305,5.091,5.23,147884.94,767295.2,5.188,multiply,BTC
TON,2024-10-18,5.37,5.169,5.188,127506.67,673810.45,5.285,multiply,BTC
TON,2024-10-19,5.366,5.162,5.285,134498.61,710641.79,5.284,multiply,BTC
TON,2024-10-20,5.41,5.26,5.284,141652.95,752439.44,5.312,multiply,BTC
TON,2024-10-21,5.339,5.143,5.312,126903.78,655888.24,5.168,multiply,BTC
TON,2024-10-22,5.33,5.159,5.168,137151.94,715293.57,5.215,multiply,BTC
TON,2024-10-23,5.272,5.085,5.215,147514.57,756140.22,5.126,multiply,BTC
TON,2024-10-24,5.3,5.064,5.126,17703.63,91111.47,5.146,multiply,BTC
USDC,2023-10-25,1.018,0.9767,1.0,43002.87,43002.63,1.0,invert_divide,BTC
USDC,2023-10-26,1.02,0.988,1.0,36463.09,36462.89,1.0,invert_divide,BTC
USDC,2023-10-27,1.01,0.9853,1.0,30792.41,30795.95,1.0,invert_divide,BTC
USDC,2023-10-28,1.012,0.9938,1.0,10888.97,10889.53,1.0,invert_divide,BTC
USDC,2023-10-29,1.007,0.9831,1.0,13639.48,13641.36,1.0,invert_divide,BTC
USDC,2023-10-30,1.011,0.9884,1.0,23948.89,23952.06,1.0,invert_divide,BTC
USDC,2023-10-31,1.002,0.9828,1.0,21982.74,21985.27,1.0,invert_divide,BTC
USDC,2023-11-01,1.005,0.9622,1.0,34274.26,34277.36,1.0,invert_divide,BTC
USDC,2023-11-02,1.029,0.9822,1.0,31205.25,31208.01,1.0,invert_divide,BTC
USDC,2023-11-03,1.006,0.9824,1.0,27811.97,27813.51,1.0,invert_divide,BTC
USDC,2023-11-04,1.006,0.9864,1.0,10840.41,10841.55,1.0,invert_divide,BTC
USDC,2023-11-05,1.011,0.976,1.0,196043.45,196064.16,1.0,invert_divide,ETH
USDC,2023-11-06,1.007,0.984,1.0,216485.51,216509.42,1.0,invert_divide,ETH
USDC,2023-11-07,1.014,0.975,1.0,28810.78,28809.05,0.9999,invert_divide,BTC
USDC,2023-11-08,1.013,0.9857,0.9999,26404.64,26410.83,1.0,invert_divide,BTC
USDC,2023-11-09,1.035,0.9688,1.0,62530.57,62535.72,1.0,invert_divide,BTC
USDC,2023-11-10,1.027,0.9939,1.0,369744.07,369671.15,0.9998,invert_divide,ETH
USDC,2023-11-11,1.018,0.9898,0.9998,222199.13,222206.7,1.0,invert_divide,ETH
USDC,2023-11-12,1.01,0.9845,1.0,198302.57,198251.2,0.9997,invert_divide,ETH
USDC,2023-11-13,1.026,0.9967,0.9999,24368.53,24371.48,1.0,invert_divide,BTC
USDC,2023-11-14,1.034,0.9785,1.0,33896.65,33895.49,1.0,invert_divide,BTC
USDC,2023-11-15,1.003,0.9339,1.0,39005.98,39011.23,1.0,invert_divide,BTC
USDC,2023-11-16,1.049,0.9819,1.0,38917.77,38911.67,0.9998,invert_divide,BTC
USDC,2023-11-17,1.004,0.9796,0.9998,28253.69,28257.33,1.0,invert_divide,BTC
USDC,2023-11-18,1.007,0.9897,1.0,8649.03,8649.21,1.0,invert_divide,BTC
USDC,2023-11-19,1.004,0.9742,1.0,11668.93,11672.61,1.0,invert_divide,BTC
USDC,2023-11-20,1.008,0.9811,1.0,31117.45,31118.29,1.0,invert_divide,BTC
USDC,2023-11-21,1.053,0.9998,1.0,42793.3,42791.66,1.0,invert_divide,BTC
USDC,2023-11-22,1.012,0.9529,1.0,36262.61,36266.27,1.0,invert_divide,BTC
USDC,2023-11-23,1.009,0.9891,1.0,16793.76,16793.76,1.0,invert_divide,BTC
USDC,2023-11-24,1.018,0.9872,1.0,34951.5,34944.2,0.9998,invert_divide,BTC
USDC,2023-11-25,1.003,0.995,0.9998,8271.55,8271.0,0.9999,invert_divide,BTC
USDC,2023-11-26,1.01,0.992,0.9999,12751.26,12751.79,1.0,invert_divide,BTC
USDC,2023-11-27,1.009,0.9861,1.0,24674.21,24675.85,1.0,invert_divide,BTC
USDC,2023-11-28,1.015,0.9747,1.0,33506.06,33504.4,1.0,invert_divide,BTC
USDC,2023-11-29,1.016,0.9927,1.0,27433.75,27432.21,0.9999,invert_divide,BTC
USDC,2023-11-30,1.011,0.994,0.9999,16874.61,16872.66,0.9999,invert_divide,BTC
USDC,2023-12-01,1.007,0.9722,0.9999,32942.59,32941.0,1.0,invert_divide,BTC
USDC,2023-12-02,1.006,0.9795,1.0,17299.38,17299.45,1.0,invert_divide,BTC
USDC,2023-12-03,1.005,0.9826,1.0,16087.63,16086.24,0.9999,invert_divide,BTC
USDC,2023-12-04,1.01,0.9522,0.9999,48574.89,48572.07,0.9999,invert_divide,BTC
USDC,2023-12-05,1.012,0.9383,0.9999,52083.86,52083.91,1.0,invert_divide,BTC
USDC,2023-12-06,1.012,0.9914,1.0,39080.76,39086.87,1.0,invert_divide,BTC
USDC,2023-12-07,1.018,0.9902,1.0,30381.14,30382.65,1.0,invert_divide,BTC
USDC,2023-12-08,1.012,0.9752,1.0,29502.75,29501.57,1.0,invert_divide,BTC
USDC,2023-12-09,1.015,0.9971,1.0,15066.31,15065.81,1.0,invert_divide,BTC
USDC,2023-12-10,1.006,0.9953,1.0,11497.59,11497.88,1.0,invert_divide,BTC
USDC,2023-12-11,1.063,0.9746,1.0,58689.61,58698.81,1.0,invert_divide,BTC
USDC,2023-12-12,1.015,0.9801,1.0,31480.37,31480.76,1.0,invert_divide,BTC
USDC,2023-12-13,1.014,0.9463,1.0,36203.68,36208.91,1.0,invert_divide,BTC
USDC,2023-12-14,1.009,0.9628,1.0,34166.34,34164.27,0.9999,invert_divide,BTC
USDC,2023-12-15,1.027,0.9934,0.9999,25157.34,25157.32,1.0,invert_divide,BTC
USDC,2023-12-16,1.01,0.9857,1.0,13495.73,13495.86,1.0,invert_divide,BTC
USDC,2023-12-17,1.025,0.9973,1.0,18460.88,18464.7,1.0,invert_divide,BTC
USDC,2023-12-18,1.002,0.95,1.0,32860.71,32863.38,1.0,invert_divide,BTC
USDC,2023-12-19,1.028,0.989,1.0,30940.15,30945.96,1.0,invert_divide,BTC
USDC,2023-12-20,1.014,0.9662,1.0,41481.09,41480.47,1.0,invert_divide,BTC
USDC,2023-12-21,1.009,0.9872,1.0,29872.95,29877.76,1.0,invert_divide,BTC
USDC,2023-12-22,1.007,0.9591,1.0,393077.37,393090.89,1.0,invert_divide,ETH
USDC,2023-12-23,1.01,0.9819,1.0,192582.36,192605.71,1.0,invert_divide,ETH
USDC,2023-12-24,1.022,0.991,1.0,14281.15,14281.96,1.0,invert_divide,BTC
USDC,2023-12-25,1.005,0.9812,1.0,14747.02,14750.8,1.0,invert_divide,BTC
USDC,2023-12-26,1.026,0.979,1.0,30529.57,30536.89,1.0,invert_divide,BTC
USDC,2023-12-27,1.006,0.9297,1.0,392451.76,392497.93,1.0,invert_divide,ETH
USDC,2023-12-28,1.044,0.9967,1.0,463684.99,463742.33,1.0,invert_divide,ETH
USDC,2023-12-29,1.025,0.9817,1.0,34268.41,34273.96,1.0,invert_divide,BTC
USDC,2023-12-30,1.011,0.9853,1.0,21511.57,21510.22,0.9999,invert_divide,BTC
USDC,2023-12-31,1.014,0.9928,0.9999,21509.24,21512.65,1.0,invert_divide,BTC
USDC,2024-01-01,1.001,0.9547,1.0,19499.59,19503.99,1.0,invert_divide,BTC
USDC,2024-01-02,1.021,0.9825,1.0,57443.36,57448.04,1.0,invert_divide,BTC
USDC,2024-01-03,1.062,0.9383,1.0,82056.19,82046.18,0.9999,invert_divide,BTC
USDC,2024-01-04,1.014,0.9653,0.9999,49538.94,49540.72,1.0,invert_divide,BTC
USDC,2024-01-05,1.004,0.9621,1.0,54169.3,54167.08,1.0,invert_divide,BTC
USDC,2024-01-06,1.006,0.9876,1.0,16352.13,16351.74,1.0,invert_divide,BTC
USDC,2024-01-07,1.012,0.9929,1.0,20056.41,20055.05,0.9999,invert_divide,BTC
USDC,2024-01-08,1.007,0.9196,0.9999,66057.64,66055.64,1.0,invert_divide,BTC
USDC,2024-01-09,1.039,0.9733,1.0,66281.93,66283.97,1.0,invert_divide,BTC
USDC,2024-01-10,1.022,0.9498,1.0,80226.64,80224.54,1.0,invert_divide,BTC
USDC,2024-01-11,1.059,0.9836,1.0,77548.89,77569.86,1.0,invert_divide,BTC
USDC,2024-01-12,1.078,0.9739,1.0,608482.23,608566.68,1.0,invert_divide,ETH
USDC,2024-01-13,1.004,0.9687,1.0,309808.72,309807.52,1.0,invert_divide,ETH
USDC,2024-01-14,1.033,1.0,1.0,21730.6,21730.52,1.0,invert_divide,BTC
USDC,2024-01-15,1.02,0.9812,1.0,24561.1,24564.4,1.0,invert_divide,BTC
USDC,2024-01-16,1.01,0.975,1.0,36429.24,36433.21,1.0,invert_divide,BTC
USDC,2024-01-17,1.011,0.9869,1.0,32911.24,32915.28,1.0,invert_divide,BTC
USDC,2024-01-18,1.038,0.9835,1.0,45180.42,45178.38,1.0,invert_divide,BTC
USDC,2024-01-19,1.013,0.967,1.0,45191.13,45195.92,1.0,invert_divide,BTC
USDC,2024-01-20,1.004,0.9945,1.0,13096.14,13100.49,1.0,invert_divide,BTC
USDC,2024-01-21,1.007,0.9985,1.0,9176.94,9180.26,1.0,invert_divide,BTC
USDC,2024-01-22,1.054,0.9968,1.0,56109.4,56112.15,1.0,invert_divide,BTC
USDC,2024-01-23,1.007,0.9661,1.0,46007.49,46020.05,1.0,invert_divide,BTC
USDC,2024-01-24,1.011,0.9841,1.0,37009.85,37019.4,1.0,invert_divide,BTC
USDC,2024-01-25,1.009,0.9897,1.0,29183.88,29187.82,1.0,invert_divide,BTC
USDC,2024-01-26,1.01,0.9522,1.0,42739.48,42743.15,1.0,invert_divide,BTC
USDC,2024-01-27,1.002,0.9827,1.0,10632.46,10632.66,1.0,invert_divide,BTC
USDC,2024-01-28,1.019,0.9906,1.0,16615.66,16616.02,1.0,invert_divide,BTC
USDC,2024-01-29,1.0,0.9655,1.0,27783.74,27785.19,1.0,invert_divide,BTC
USDC,2024-01-30,1.021,0.9941,1.0,34500.06,34500.29,1.0,invert_divide,BTC
USDC,2024-01-31,1.028,0.9935,1.0,39491.24,39494.19,1.0,invert_divide,BTC
USDC,2024-02-01,1.005,0.9718,1.0,29018.49,29020.67,1.0,invert_divide,BTC
USDC,2024-02-02,1.006,0.9851,1.0,26779.09,26781.63,1.0,invert_divide,BTC
USDC,2024-02-03,1.008,0.997,1.0,7556.6,7555.93,0.9999,invert_divide,BTC
USDC,2024-02-04,1.009,0.9908,0.9999,142393.17,142388.81,1.0,invert_divide,ETH
USDC,2024-02-05,1.02,0.9831,1.0,24867.17,24873.65,1.0,invert_divide,BTC
USDC,2024-02-06,1.008,0.968,1.0,306229.12,306245.9,1.0,invert_divide,ETH
USDC,2024-02-07,1.001,0.9645,1.0,30331.77,30330.96,1.0,invert_divide,BTC
USDC,2024-02-08,1.007,0.9786,1.0,39654.68,39657.18,1.0,invert_divide,BTC
USDC,2024-02-09,1.022,0.9598,1.0,50590.41,50593.42,1.0,invert_divide,BTC
USDC,2024-02-10,1.008,0.9817,1.0,16452.46,16452.63,1.0,invert_divide,BTC
USDC,2024-02-11,1.006,0.985,1.0,19858.95,19856.96,0.9999,invert_divide,BTC
USDC,2024-02-12,1.008,0.9556,0.9999,47112.86,47117.92,1.0,invert_divide,BTC
USDC,2024-02-13,1.013,0.9721,1.0,42027.05,42036.19,1.0,invert_divide,BTC
USDC,2024-02-14,1.005,0.9505,1.0,43948.58,43952.59,1.0,invert_divide,BTC
USDC,2024-02-15,1.018,0.9889,1.0,42990.13,42990.87,1.0,invert_divide,BTC
USDC,2024-02-16,1.008,0.9893,1.0,32295.2,32296.2,1.0,invert_divide,BTC
USDC,2024-02-17,1.01,0.9804,1.0,17696.94,17699.11,1.0,invert_divide,BTC
USDC,2024-02-18,1.005,0.9605,1.0,216262.87,216319.18,1.0,invert_divide,ETH
USDC,2024-02-19,1.013,0.9704,1.0,326638.19,326672.58,1.0,invert_divide,ETH
USDC,2024-02-20,1.006,0.9533,1.0,436622.68,436593.72,0.9999,invert_divide,ETH
USDC,2024-02-21,1.016,0.9666,0.9999,416859.98,416906.32,1.0,invert_divide,ETH
USDC,2024-02-22,1.022,0.9788,1.0,398857.68,398880.51,1.0,invert_divide,ETH
USDC,2024-02-23,1.024,0.9946,1.0,269457.9,269468.97,1.0,invert_divide,ETH
USDC,2024-02-24,1.004,0.9713,1.0,145003.03,144996.73,1.0,invert_divide,ETH
USDC,2024-02-25,1.002,0.9585,1.0,265770.75,265754.53,0.9999,invert_divide,ETH
USDC,2024-02-26,1.008,0.934,1.0,47961.27,47958.84,0.9999,invert_divide,BTC
USDC,2024-02-27,1.01,0.9547,0.9999,62683.92,62690.72,1.0,invert_divide,BTC
USDC,2024-02-28,1.025,0.9077,1.0,102181.72,102201.75,1.0,invert_divide,BTC
USDC,2024-02-29,1.04,0.9867,1.0,84709.08,84703.89,0.9999,invert_divide,BTC
USDC,2024-03-01,1.013,0.9737,0.9999,52747.33,52742.99,0.9999,invert_divide,BTC
USDC,2024-03-02,1.007,0.9933,0.9999,20264.53,20262.69,0.9999,invert_divide,BTC
USDC,2024-03-03,1.001,0.9643,0.9999,174122.89,174094.45,0.9998,invert_divide,ETH
USDC,2024-03-04,1.003,0.9126,0.9999,79177.16,79181.12,1.0,invert_divide,BTC
USDC,2024-03-05,1.085,0.9288,1.0,126873.13,126854.88,0.9999,invert_divide,BTC
USDC,2024-03-06,1.023,0.9506,0.9999,68031.77,68029.2,1.0,invert_divide,BTC
USDC,2024-03-07,1.017,0.9802,1.0,41800.64,41793.85,0.9998,invert_divide,BTC
USDC,2024-03-08,1.027,0.9691,0.9998,59361.92,59351.7,0.9998,invert_divide,BTC
USDC,2024-03-09,1.009,0.9914,0.9999,138310.17,138291.09,0.9999,invert_divide,ETH
USDC,2024-03-10,1.014,0.9883,0.9996,27686.99,27686.46,1.0,invert_divide,BTC
USDC,2024-03-11,1.011,0.9316,1.0,62709.74,62704.06,0.9999,invert_divide,BTC
USDC,2024-03-12,1.021,0.9604,0.9999,58546.01,58533.01,0.9998,invert_divide,BTC
USDC,2024-03-13,1.007,0.9754,0.9998,41314.41,41307.37,0.9998,invert_divide,BTC
USDC,2024-03-14,1.034,0.9596,0.9998,60699.01,60692.67,0.9999,invert_divide,BTC
USDC,2024-03-15,1.041,0.9434,0.9999,73358.94,73343.77,0.9998,invert_divide,BTC
USDC,2024-03-16,1.073,0.9926,0.9998,33956.52,33954.49,0.9999,invert_divide,BTC
USDC,2024-03-17,1.008,0.9441,0.9999,29362.49,29367.51,1.0,invert_divide,BTC
USDC,2024-03-18,1.019,0.9848,1.0,38542.52,38539.77,0.9999,invert_divide,BTC
USDC,2024-03-19,1.1,0.994,0.9999,75848.91,75876.14,1.0,invert_divide,BTC
USDC,2024-03-20,1.004,0.8959,1.0,69671.19,69682.09,1.0,invert_divide,BTC
USDC,2024-03-21,1.042,0.9857,1.0,38234.75,38239.21,1.0,invert_divide,BTC
USDC,2024-03-22,1.044,0.9767,1.0,37343.35,37347.04,1.0,invert_divide,BTC
USDC,2024-03-23,1.031,0.9847,1.0,19360.47,19359.7,1.0,invert_divide,BTC
USDC,2024-03-24,1.006,0.9493,1.0,19120.87,19120.25,1.0,invert_divide,BTC
USDC,2024-03-25,1.019,0.95,1.0,46100.6,46097.78,0.9999,invert_divide,BTC
USDC,2024-03-26,1.022,0.9901,0.9999,32990.33,32991.03,1.0,invert_divide,BTC
USDC,2024-03-27,1.034,0.9849,1.0,40450.72,40452.63,1.0,invert_divide,BTC
USDC,2024-03-28,1.011,0.9727,1.0,31346.01,31341.32,0.9999,invert_divide,BTC
USDC,2024-03-29,1.015,0.988,0.9999,17382.89,17384.84,1.0,invert_divide,BTC
USDC,2024-03-30,1.011,0.9996,1.0,7371.14,7372.59,1.0,invert_divide,BTC
USDC,2024-03-31,1.001,0.9763,1.0,10567.65,10570.78,1.0,invert_divide,BTC
USDC,2024-04-01,1.024,0.9769,1.0,28892.19,28894.2,1.0,invert_divide,BTC
USDC,2024-04-02,1.064,0.9861,1.0,48905.67,48894.38,0.9998,invert_divide,BTC
USDC,2024-04-03,1.014,0.9777,0.9998,27792.87,27791.8,1.0,invert_divide,BTC
USDC,2024-04-04,1.012,0.9499,1.0,36673.5,36677.34,1.0,invert_divide,BTC
USDC,2024-04-05,1.014,0.9727,1.0,32904.8,32910.29,1.0,invert_divide,BTC
USDC,2024-04-06,1.011,0.9792,1.0,11314.76,11313.76,0.9999,invert_divide,BTC
USDC,2024-04-07,1.014,0.9931,0.9999,13691.75,13691.44,1.0,invert_divide,BTC
USDC,2024-04-08,1.016,0.9643,1.0,36459.33,36461.79,1.0,invert_divide,BTC
USDC,2024-04-09,1.038,0.9868,1.0,34538.71,34541.56,1.0,invert_divide,BTC
USDC,2024-04-10,1.007,0.9554,1.0,37142.44,37140.17,0.9999,invert_divide,BTC
USDC,2024-04-11,1.018,0.9934,0.9999,24988.45,24990.72,1.0,invert_divide,BTC
USDC,2024-04-12,1.061,0.9719,1.0,49331.17,49342.01,1.0,invert_divide,BTC
USDC,2024-04-13,1.069,0.9541,1.0,56915.71,56920.54,1.0,invert_divide,BTC
USDC,2024-04-14,1.002,0.9467,1.0,40968.04,40989.49,1.001,invert_divide,BTC
USDC,2024-04-15,1.055,0.9824,1.001,40978.19,40981.4,1.0,invert_divide,BTC
USDC,2024-04-16,1.009,0.9662,1.0,35542.55,35544.08,1.0,invert_divide,BTC
USDC,2024-04-17,1.053,0.974,1.0,41504.19,41509.85,1.0,invert_divide,BTC
USDC,2024-04-18,1.011,0.9578,1.0,31452.84,31455.07,1.0,invert_divide,BTC
USDC,2024-04-19,1.026,0.9336,1.0,46058.39,46061.24,1.0,invert_divide,BTC
USDC,2024-04-20,1.007,0.9719,1.0,13464.03,13466.53,1.0,invert_divide,BTC
USDC,2024-04-21,1.012,0.9896,1.0,13150.64,13152.04,1.0,invert_divide,BTC
USDC,2024-04-22,1.006,0.9654,1.0,22839.75,22842.29,1.0,invert_divide,BTC
USDC,2024-04-23,1.012,0.9912,1.0,17575.6,17574.68,0.9999,invert_divide,BTC
USDC,2024-04-24,1.044,0.9892,0.9999,28785.93,28790.8,1.0,invert_divide,BTC
USDC,2024-04-25,1.012,0.9732,1.0,26730.52,26729.61,1.0,invert_divide,BTC
USDC,2024-04-26,1.016,0.9931,1.0,19914.4,19915.12,1.0,invert_divide,BTC
USDC,2024-04-27,1.008,0.9841,1.0,12684.85,12688.06,1.0,invert_divide,BTC
USDC,2024-04-28,1.029,0.9954,1.0,205463.5,205456.57,1.0,invert_divide,ETH
USDC,2024-04-29,1.005,0.9675,1.0,21849.86,21850.55,1.0,invert_divide,BTC
USDC,2024-04-30,1.068,0.9749,1.0,41212.82,41221.36,1.0,invert_divide,BTC
USDC,2024-05-01,1.043,0.9699,1.0,52053.76,52062.31,1.0,invert_divide,BTC
USDC,2024-05-02,1.009,0.9639,1.0,29471.89,29479.88,1.0,invert_divide,BTC
USDC,2024-05-03,1.007,0.9353,1.0,35180.41,35187.04,1.0,invert_divide,BTC
USDC,2024-05-04,1.01,0.9794,1.0,16206.9,16207.39,1.0,invert_divide,BTC
USDC,2024-05-05,1.009,0.9827,1.0,12595.62,12597.34,1.0,invert_divide,BTC
USDC,2024-05-06,1.037,0.9928,1.0,24082.55,24081.61,1.0,invert_divide,BTC
USDC,2024-05-07,1.033,0.9992,1.0,20907.17,20907.27,1.0,invert_divide,BTC
USDC,2024-05-08,1.03,0.995,1.0,18593.4,18595.89,1.0,invert_divide,BTC
USDC,2024-05-09,1.006,0.9613,1.0,18440.55,18443.48,1.0,invert_divide,BTC
USDC,2024-05-10,1.044,0.99,1.0,25390.35,25391.44,1.0,invert_divide,BTC
USDC,2024-05-11,1.011,0.9943,1.0,8298.11,8298.4,1.0,invert_divide,BTC
USDC,2024-05-12,1.006,0.9862,1.0,8214.5,8215.6,1.0,invert_divide,BTC
USDC,2024-05-13,1.008,0.9656,1.0,21250.01,21252.39,1.0,invert_divide,BTC
USDC,2024-05-14,1.025,0.9926,1.0,26392.04,26392.02,1.0,invert_divide,BTC
USDC,2024-05-15,1.003,0.9258,1.0,40708.36,40710.89,1.0,invert_divide,BTC
USDC,2024-05-16,1.023,0.9901,1.0,24275.96,24277.25,1.0,invert_divide,BTC
USDC,2024-05-17,1.007,0.9713,1.0,23340.48,23342.0,1.0,invert_divide,BTC
USDC,2024-05-18,1.007,0.9956,1.0,8752.24,8752.29,1.0,invert_divide,BTC
USDC,2024-05-19,1.022,0.9942,1.0,9725.64,9726.38,1.0,invert_divide,BTC
USDC,2024-05-20,1.001,0.9248,1.0,38260.49,38253.66,0.9998,invert_divide,BTC
USDC,2024-05-21,1.013,0.957,0.9997,610857.21,610879.78,1.0,invert_divide,ETH
USDC,2024-05-22,1.022,0.9974,1.0,22981.44,22979.07,0.9999,invert_divide,BTC
USDC,2024-05-23,1.044,0.9376,1.0,669270.47,669323.57,1.0,invert_divide,ETH
USDC,2024-05-24,1.027,0.9735,1.0,288764.04,288759.39,1.0,invert_divide,ETH
USDC,2024-05-25,1.005,0.9887,1.0,5972.0,5972.34,1.0,invert_divide,BTC
USDC,2024-05-26,1.015,0.9757,1.0,161510.02,161503.26,1.0,invert_divide,ETH
USDC,2024-05-27,1.018,0.9834,1.0,13110.64,13112.59,1.0,invert_divide,BTC
USDC,2024-05-28,1.018,0.9836,1.0,22223.83,22225.39,1.0,invert_divide,BTC
USDC,2024-05-29,1.019,0.9931,1.0,16353.37,16356.6,1.0,invert_divide,BTC
USDC,2024-05-30,1.017,0.982,1.0,20828.64,20831.16,1.0,invert_divide,BTC
USDC,2024-05-31,1.023,0.9871,1.0,19922.04,19924.72,1.0,invert_divide,BTC
USDC,2024-06-01,1.004,0.9832,1.0,97005.74,97001.67,1.0,invert_divide,ETH
USDC,2024-06-02,1.01,0.9933,1.0,6731.43,6731.94,1.0,invert_divide,BTC
USDC,2024-06-03,1.022,0.9824,1.0,22783.46,22784.31,1.0,invert_divide,BTC
USDC,2024-06-04,1.008,0.9718,1.0,29746.55,29749.32,1.0,invert_divide,BTC
USDC,2024-06-05,1.009,0.9895,1.0,21737.62,21738.23,1.0,invert_divide,BTC
USDC,2024-06-06,1.012,0.9907,1.0,16078.4,16078.62,1.0,invert_divide,BTC
USDC,2024-06-07,1.038,0.9873,1.0,28318.21,28321.42,1.0,invert_divide,BTC
USDC,2024-06-08,1.004,0.9979,1.0,5753.02,5753.58,1.0,invert_divide,BTC
USDC,2024-06-09,1.003,0.9927,1.0,5137.66,5137.41,1.0,invert_divide,BTC
USDC,2024-06-10,1.01,0.9952,1.0,12116.49,12117.28,1.0,invert_divide,BTC
USDC,2024-06-11,1.033,0.9813,1.0,31800.9,31804.5,1.0,invert_divide,BTC
USDC,2024-06-12,1.026,0.9802,1.0,31159.85,31159.75,1.0,invert_divide,BTC
USDC,2024-06-13,1.025,0.9922,1.0,23051.5,23050.63,1.0,invert_divide,BTC
USDC,2024-06-14,1.02,0.9852,1.0,24684.72,24685.21,1.0,invert_divide,BTC
USDC,2024-06-15,1.007,0.9732,1.0,160975.62,160963.43,0.9999,invert_divide,ETH
USDC,2024-06-16,1.008,0.9772,0.9999,123587.85,123596.72,1.0,invert_divide,ETH
USDC,2024-06-17,1.012,0.9787,1.0,28974.78,28977.33,1.0,invert_divide,BTC
USDC,2024-06-18,1.022,0.9829,1.0,35263.17,35269.78,1.0,invert_divide,BTC
USDC,2024-06-19,1.007,0.9736,1.0,277087.04,277088.6,1.0,invert_divide,ETH
USDC,2024-06-20,1.025,0.9952,1.0,22559.77,22563.63,1.0,invert_divide,BTC
USDC,2024-06-21,1.014,0.9881,1.0,22310.94,22313.22,1.0,invert_divide,BTC
USDC,2024-06-22,1.007,0.9941,1.0,92237.39,92225.78,0.9999,invert_divide,ETH
USDC,2024-06-23,1.03,0.9962,0.9999,128959.72,128954.06,1.0,invert_divide,ETH
USDC,2024-06-24,1.051,0.9698,1.0,48177.24,48183.11,1.0,invert_divide,BTC
USDC,2024-06-25,1.01,0.9747,1.0,31697.13,31698.72,1.0,invert_divide,BTC
USDC,2024-06-26,1.027,0.9976,1.0,23423.63,23422.14,0.9999,invert_divide,BTC
USDC,2024-06-27,1.012,0.9828,0.9999,22562.67,22564.98,1.0,invert_divide,BTC
USDC,2024-06-28,1.031,0.9931,1.0,24288.31,24288.98,1.0,invert_divide,BTC
USDC,2024-06-29,1.004,0.9902,1.0,9214.26,9215.98,1.0,invert_divide,BTC
USDC,2024-06-30,1.004,0.9674,1.0,12626.61,12627.59,1.0,invert_divide,BTC
USDC,2024-07-01,1.015,0.9939,1.0,25708.72,25708.16,1.0,invert_divide,BTC
USDC,2024-07-02,1.019,0.9905,1.0,20510.77,20510.41,1.0,invert_divide,BTC
USDC,2024-07-03,1.034,0.9871,1.0,27365.92,27369.5,1.0,invert_divide,BTC
USDC,2024-07-04,1.059,0.9945,1.0,40351.82,40352.94,1.0,invert_divide,BTC
USDC,2024-07-05,1.015,0.9451,1.0,57490.15,57499.61,1.0,invert_divide,BTC
USDC,2024-07-06,1.004,0.9617,1.0,18766.95,18762.69,0.9998,invert_divide,BTC
USDC,2024-07-07,1.046,0.9978,0.9998,18402.28,18405.2,1.0,invert_divide,BTC
USDC,2024-07-08,1.026,0.9577,1.0,43439.51,43442.01,1.0,invert_divide,BTC
USDC,2024-07-09,1.004,0.9698,1.0,29452.6,29452.82,1.0,invert_divide,BTC
USDC,2024-07-10,1.03,0.9902,1.0,28064.27,28061.09,0.9999,invert_divide,BTC
USDC,2024-07-11,1.037,0.9952,0.9999,29764.17,29765.25,1.0,invert_divide,BTC
USDC,2024-07-12,1.011,0.9768,1.0,27242.71,27249.87,1.0,invert_divide,BTC
USDC,2024-07-13,1.011,0.9758,1.0,13963.3,13965.89,1.0,invert_divide,BTC
USDC,2024-07-14,1.01,0.974,1.0,20080.87,20085.12,1.0,invert_divide,BTC
USDC,2024-07-15,1.003,0.9371,1.0,43679.34,43680.52,1.0,invert_divide,BTC
USDC,2024-07-16,1.005,0.9594,1.0,38850.8,38856.07,1.0,invert_divide,BTC
USDC,2024-07-17,1.032,0.9965,1.0,28170.64,28171.86,1.0,invert_divide,BTC
USDC,2024-07-18,1.018,0.9883,1.0,21904.27,21903.43,1.0,invert_divide,BTC
USDC,2024-07-19,1.011,0.949,1.0,33756.81,33758.59,1.0,invert_divide,BTC
USDC,2024-07-20,1.007,0.987,1.0,12566.25,12566.17,1.0,invert_divide,BTC
USDC,2024-07-21,1.003,0.9659,1.0,18123.31,18126.16,1.0,invert_divide,BTC
USDC,2024-07-22,1.014,0.9857,1.0,26712.99,26716.55,1.0,invert_divide,BTC
USDC,2024-07-23,1.028,0.9927,1.0,29465.67,29462.45,0.9999,invert_divide,BTC
USDC,2024-07-24,1.027,0.9961,0.9999,21576.01,21577.7,1.0,invert_divide,BTC
USDC,2024-07-25,1.006,0.9641,1.0,29473.48,29474.94,1.0,invert_divide,BTC
USDC,2024-07-26,1.004,0.9679,1.0,24567.97,24571.4,1.0,invert_divide,BTC
USDC,2024-07-27,1.022,0.9819,1.0,26420.73,26419.88,1.0,invert_divide,BTC
USDC,2024-07-28,1.001,0.9826,1.0,11980.7,11982.11,1.0,invert_divide,BTC
USDC,2024-07-29,1.048,0.9947,1.0,33524.03,33521.16,0.9999,invert_divide,BTC
USDC,2024-07-30,1.012,0.9866,0.9999,24376.6,24375.15,0.9999,invert_divide,BTC
USDC,2024-07-31,1.034,0.9984,0.9999,24304.84,24306.49,1.0,invert_divide,BTC
USDC,2024-08-01,1.004,0.953,1.0,37045.09,37039.16,0.9998,invert_divide,BTC
USDC,2024-08-02,1.067,0.9958,0.9998,40943.43,40943.06,1.0,invert_divide,BTC
USDC,2024-08-03,1.024,0.9861,1.0,26176.07,26176.11,1.0,invert_divide,BTC
USDC,2024-08-04,1.05,0.9834,1.0,28092.97,28090.6,0.9999,invert_divide,BTC
USDC,2024-08-05,1.079,0.9108,0.9999,117153.32,117171.38,1.0,invert_divide,BTC
USDC,2024-08-06,1.018,0.9632,1.0,44255.76,44259.46,1.0,invert_divide,BTC
USDC,2024-08-07,1.047,0.9896,1.0,39691.91,39676.56,0.9996,invert_divide,BTC
USDC,2024-08-08,1.016,0.8873,0.9996,48215.66,48217.77,1.0,invert_divide,BTC
USDC,2024-08-09,1.015,0.9788,1.0,32998.38,33000.72,1.0,invert_divide,BTC
USDC,2024-08-10,1.013,0.9874,1.0,216883.19,216879.04,1.0,invert_divide,ETH
USDC,2024-08-11,1.064,0.9945,1.0,341708.96,341723.67,1.0,invert_divide,ETH
USDC,2024-08-12,1.023,0.9716,1.0,33285.38,33285.36,1.0,invert_divide,BTC
USDC,2024-08-13,1.016,0.9642,1.0,28787.92,28788.5,1.0,invert_divide,BTC
USDC,2024-08-14,1.053,0.9959,1.0,30973.89,30972.91,1.0,invert_divide,BTC
USDC,2024-08-15,1.04,0.9753,1.0,34692.53,34690.91,1.0,invert_divide,BTC
USDC,2024-08-16,1.016,0.9696,1.0,29186.89,29186.26,1.0,invert_divide,BTC
USDC,2024-08-17,1.003,0.9884,1.0,9691.68,9690.83,0.9999,invert_divide,BTC
USDC,2024-08-18,1.032,0.9999,0.9999,13915.75,13916.3,1.0,invert_divide,BTC
USDC,2024-08-19,1.003,0.9725,1.0,24222.4,24223.69,1.0,invert_divide,BTC
USDC,2024-08-20,1.041,0.9927,1.0,31292.98,31296.51,1.0,invert_divide,BTC
USDC,2024-08-21,1.011,0.9613,1.0,38408.34,38406.31,0.9999,invert_divide,BTC
USDC,2024-08-22,1.017,0.9894,0.9999,28924.51,28920.81,0.9999,invert_divide,BTC
USDC,2024-08-23,1.014,0.9416,0.9999,42020.68,42014.18,0.9998,invert_divide,BTC
USDC,2024-08-24,1.005,0.9907,0.9998,15286.56,15285.01,0.9999,invert_divide,BTC
USDC,2024-08-25,1.012,0.9933,0.9999,12753.39,12754.86,1.0,invert_divide,BTC
USDC,2024-08-26,1.026,0.9995,1.0,27037.83,27037.98,1.0,invert_divide,BTC
USDC,2024-08-27,1.064,0.9766,1.0,39241.27,39246.14,1.0,invert_divide,BTC
USDC,2024-08-28,1.02,0.9799,1.0,38043.04,38036.06,0.9998,invert_divide,BTC
USDC,2024-08-29,1.031,0.9894,0.9998,34345.83,34348.35,1.0,invert_divide,BTC
USDC,2024-08-30,1.014,0.9764,1.0,35023.22,35027.24,1.0,invert_divide,BTC
USDC,2024-08-31,1.008,0.9964,1.0,8035.77,8038.6,1.0,invert_divide,BTC
USDC,2024-09-01,1.031,0.9986,1.0,22352.53,22359.41,1.0,invert_divide,BTC
USDC,2024-09-02,1.005,0.9661,1.0,23766.29,23769.61,1.0,invert_divide,BTC
USDC,2024-09-03,1.041,0.9989,1.0,26568.4,26572.27,1.0,invert_divide,BTC
USDC,2024-09-04,1.01,0.9595,1.0,43027.18,43027.83,1.0,invert_divide,BTC
USDC,2024-09-05,1.039,0.9909,1.0,38784.5,38788.35,1.0,invert_divide,BTC
USDC,2024-09-06,1.057,0.9741,1.0,69521.39,69528.23,1.0,invert_divide,BTC
USDC,2024-09-07,1.013,0.9924,1.0,17050.67,17054.55,1.0,invert_divide,BTC
USDC,2024-09-08,1.008,0.9773,1.0,19159.79,19160.89,1.0,invert_divide,BTC
USDC,2024-09-09,1.017,0.9568,1.0,42637.41,42637.81,1.0,invert_divide,BTC
USDC,2024-09-10,1.007,0.9784,1.0,33391.45,33390.38,1.0,invert_divide,BTC
USDC,2024-09-11,1.011,0.9688,1.0,55576.26,55584.49,1.0,invert_divide,BTC
USDC,2024-09-12,1.008,0.9862,1.0,40914.83,40918.45,1.0,invert_divide,BTC
USDC,2024-09-13,1.002,0.9521,1.0,40546.37,40554.57,1.0,invert_divide,BTC
USDC,2024-09-14,1.011,0.9903,1.0,15042.25,15042.39,1.0,invert_divide,BTC
USDC,2024-09-15,1.022,0.9926,1.0,19176.34,19178.41,1.0,invert_divide,BTC
USDC,2024-09-16,1.017,0.9875,1.0,33106.34,33104.43,0.9999,invert_divide,BTC
USDC,2024-09-17,1.017,0.9552,0.9999,40712.51,40709.2,0.9999,invert_divide,BTC
USDC,2024-09-18,1.0,0.9581,0.9999,48151.29,48154.49,1.0,invert_divide,BTC
USDC,2024-09-19,1.015,0.978,1.0,46829.96,46826.77,0.9999,invert_divide,BTC
USDC,2024-09-20,1.015,0.9863,0.9999,34617.55,34616.86,1.0,invert_divide,BTC
USDC,2024-09-21,1.004,0.9679,1.0,350291.99,350318.8,1.0,invert_divide,ETH
USDC,2024-09-22,1.007,0.9813,1.0,18884.06,18884.94,1.0,invert_divide,BTC
USDC,2024-09-23,1.022,0.9881,1.0,27280.27,27282.0,1.0,invert_divide,BTC
USDC,2024-09-24,1.007,0.9756,1.0,32160.64,32160.14,1.0,invert_divide,BTC
USDC,2024-09-25,1.027,0.9968,1.0,23967.21,23968.24,1.0,invert_divide,BTC
USDC,2024-09-26,1.01,0.9613,1.0,43302.56,43301.64,1.0,invert_divide,BTC
USDC,2024-09-27,1.011,0.9855,1.0,36162.6,36160.69,0.9999,invert_divide,BTC
USDC,2024-09-28,1.011,0.9904,1.0,253740.82,253730.39,1.0,invert_divide,ETH
USDC,2024-09-29,1.01,0.9912,1.0,336903.96,336896.36,1.0,invert_divide,ETH
USDC,2024-09-30,1.037,0.9927,0.9999,42396.01,42400.75,1.0,invert_divide,BTC
USDC,2024-10-01,1.054,0.9893,1.0,67326.52,67311.29,0.9998,invert_divide,BTC
USDC,2024-10-02,1.029,0.9891,0.9998,55652.18,55654.06,1.0,invert_divide,BTC
USDC,2024-10-03,1.012,0.9851,1.0,50457.09,50453.51,0.9999,invert_divide,BTC
USDC,2024-10-04,1.006,0.9737,0.9999,38904.7,38905.34,1.0,invert_divide,BTC
USDC,2024-10-05,1.005,0.994,1.0,10082.43,10082.07,1.0,invert_divide,BTC
USDC,2024-10-06,1.002,0.984,1.0,13418.93,13419.51,1.0,invert_divide,BTC
USDC,2024-10-07,1.036,0.9986,1.0,41062.64,41058.83,0.9999,invert_divide,BTC
USDC,2024-10-08,1.017,0.9953,0.9999,33506.88,33508.44,1.0,invert_divide,BTC
USDC,2024-10-09,1.032,0.9945,1.0,37528.72,37528.38,1.0,invert_divide,BTC
USDC,2024-10-10,1.016,0.9766,1.0,42405.42,42406.62,1.0,invert_divide,BTC
USDC,2024-10-11,1.014,0.9603,1.0,36112.65,36108.87,0.9999,invert_divide,BTC
USDC,2024-10-12,1.004,0.9885,0.9999,15673.6,15673.5,1.0,invert_divide,BTC
USDC,2024-10-13,1.007,0.987,1.0,16786.01,16786.97,1.0,invert_divide,BTC
USDC,2024-10-14,1.006,0.9449,1.0,50393.51,50386.18,0.9999,invert_divide,BTC
USDC,2024-10-15,1.013,0.966,0.9999,51909.81,51905.99,0.9999,invert_divide,BTC
USDC,2024-10-16,1.012,0.9872,0.9999,42024.2,42024.18,1.0,invert_divide,BTC
USDC,2024-10-17,1.008,0.9887,1.0,32062.99,32063.69,1.0,invert_divide,BTC
USDC,2024-10-18,1.009,0.9815,1.0,36869.58,36865.64,0.9999,invert_divide,BTC
USDC,2024-10-19,1.004,0.9946,0.9999,7712.36,7711.67,0.9999,invert_divide,BTC
USDC,2024-10-20,1.005,0.9865,0.9999,11999.25,11998.78,1.0,invert_divide,BTC
USDC,2024-10-21,1.032,0.9919,1.0,36536.85,36535.97,1.0,invert_divide,BTC
USDC,2024-10-22,1.006,0.9873,1.0,32484.74,32482.62,0.9999,invert_divide,BTC
USDC,2024-10-23,1.012,0.9784,0.9999,32488.79,32489.37,1.0,invert_divide,BTC
USDC,2024-10-24,0.9998,0.9997,0.9998,4329287.02,4328238.39,0.9997,direct,
USDT,2023-10-25,1.019,0.9769,1.0,43002.87,43013.35,1.0,invert_divide,BTC
USDT,2023-10-26,1.02,0.9881,1.0,36463.09,36468.92,1.0,invert_divide,BTC
USDT,2023-10-27,1.01,0.9856,1.0,30792.41,30806.06,1.0,invert_divide,BTC
USDT,2023-10-28,1.012,0.994,1.0,10888.97,10891.94,1.0,invert_divide,BTC
USDT,2023-10-29,1.007,0.9833,1.0,13639.48,13643.58,1.0,invert_divide,BTC
USDT,2023-10-30,1.011,0.9888,1.0,23948.89,23960.93,1.001,invert_divide,BTC
USDT,2023-10-31,1.002,0.9832,1.001,21982.74,21993.97,1.001,invert_divide,BTC
USDT,2023-11-01,1.006,0.9626,1.001,34274.26,34291.84,1.001,invert_divide,BTC
USDT,2023-11-02,1.03,0.9823,1.001,31205.25,31210.31,1.0,invert_divide,BTC
USDT,2023-11-03,1.007,0.9828,1.0,27811.97,27825.28,1.0,invert_divide,BTC
USDT,2023-11-04,1.006,0.987,1.0,10840.41,10847.62,1.001,invert_divide,BTC
USDT,2023-11-05,1.011,0.985,1.001,15210.52,15222.21,1.001,invert_divide,BTC
USDT,2023-11-06,1.001,1.0,1.001,310672378.97,310843607.66,1.0,direct,
USDT,2023-11-07,1.015,0.9756,1.0,28810.78,28828.46,1.001,invert_divide,BTC
USDT,2023-11-08,1.014,0.9859,1.001,26404.64,26414.99,1.0,invert_divide,BTC
USDT,2023-11-09,1.035,0.9688,1.0,62530.57,62534.91,1.0,invert_divide,BTC
USDT,2023-11-10,1.006,0.9743,1.0,32545.3,32562.64,1.001,invert_divide,BTC
USDT,2023-11-11,1.001,1.0,1.0,281098027.09,281199414.0,1.0,direct,
USDT,2023-11-12,1.001,1.0,1.0,374225101.34,374338698.4,1.0,direct,
USDT,2023-11-13,1.001,1.0,1.0,506770335.82,506980164.73,1.0,direct,
USDT,2023-11-14,1.034,0.9786,1.0,33896.65,33899.5,1.0,invert_divide,BTC
USDT,2023-11-15,1.001,1.0,1.0,745637586.76,745894624.85,1.001,direct,
USDT,2023-11-16,1.049,0.982,1.001,38917.77,38916.5,1.0,invert_divide,BTC
USDT,2023-11-17,1.005,0.9798,1.0,28253.69,28264.82,1.0,invert_divide,BTC
USDT,2023-11-18,1.001,1.0,1.0,201577942.72,201668710.98,1.001,direct,
USDT,2023-11-19,1.005,0.9746,1.001,11668.93,11677.7,1.001,invert_divide,BTC
USDT,2023-11-20,1.001,0.9968,1.001,589485313.07,589814468.65,1.001,direct,
USDT,2023-11-21,1.054,1.0,1.001,42793.3,42808.47,1.0,invert_divide,BTC
USDT,2023-11-22,1.012,0.9532,1.0,36262.61,36277.65,1.0,invert_divide,BTC
USDT,2023-11-23,1.009,0.9892,1.0,16793.76,16795.89,1.0,invert_divide,BTC
USDT,2023-11-24,1.019,0.988,1.0,34951.5,34972.24,1.001,invert_divide,BTC
USDT,2023-11-25,1.001,1.0,1.001,342280942.96,342459177.02,1.001,direct,
USDT,2023-11-26,1.001,1.0,1.001,432863389.53,433042298.05,1.0,direct,
USDT,2023-11-27,1.009,0.9861,1.0,24674.21,24676.26,1.0,invert_divide,BTC
USDT,2023-11-28,1.016,0.9752,1.0,33506.06,33522.76,1.0,invert_divide,BTC
USDT,2023-11-29,1.016,0.993,1.0,27433.75,27439.2,1.0,invert_divide,BTC
USDT,2023-11-30,1.011,0.9942,1.0,16874.61,16877.54,1.0,invert_divide,BTC
USDT,2023-12-01,1.008,0.9727,1.0,32942.59,32956.54,1.0,invert_divide,BTC
USDT,2023-12-02,1.007,0.9799,1.0,17299.38,17307.59,1.0,invert_divide,BTC
USDT,2023-12-03,1.006,0.9829,1.0,16087.63,16091.41,1.0,invert_divide,BTC
USDT,2023-12-04,1.01,0.9522,1.0,48574.89,48569.75,0.9999,invert_divide,BTC
USDT,2023-12-05,1.013,0.9387,0.9999,52083.86,52103.65,1.0,invert_divide,BTC
USDT,2023-12-06,1.012,0.9914,1.0,39080.76,39088.48,1.0,invert_divide,BTC
USDT,2023-12-07,1.018,0.9904,1.0,30381.14,30388.89,1.0,invert_divide,BTC
USDT,2023-12-08,1.013,0.9756,1.0,29502.75,29511.61,1.0,invert_divide,BTC
USDT,2023-12-09,1.015,0.9973,1.0,15066.31,15069.16,1.0,invert_divide,BTC
USDT,2023-12-10,1.006,0.9953,1.0,11497.59,11498.21,1.0,invert_divide,BTC
USDT,2023-12-11,1.062,0.974,1.0,58689.61,58665.24,0.9996,invert_divide,BTC
USDT,2023-12-12,1.014,0.9797,0.9996,31480.37,31467.08,0.9996,invert_divide,BTC
USDT,2023-12-13,1.014,0.9466,0.9996,36203.68,36218.8,1.0,invert_divide,BTC
USDT,2023-12-14,1.009,0.963,1.0,34166.34,34172.23,1.0,invert_divide,BTC
USDT,2023-12-15,1.027,0.9934,1.0,25157.34,25157.34,1.0,invert_divide,BTC
USDT,2023-12-16,1.01,0.985,1.0,13495.73,13485.13,0.9992,invert_divide,BTC
USDT,2023-12-17,1.024,0.9964,0.9992,18460.88,18449.23,0.9994,invert_divide,BTC
USDT,2023-12-18,1.002,0.9497,0.9994,32860.71,32855.81,0.9999,invert_divide,BTC
USDT,2023-12-19,1.028,0.9887,0.9999,30940.15,30934.43,0.9998,invert_divide,BTC
USDT,2023-12-20,1.015,0.9663,0.9998,41481.09,41482.97,1.0,invert_divide,BTC
USDT,2023-12-21,1.009,0.9873,1.0,29872.95,29882.19,1.0,invert_divide,BTC
USDT,2023-12-22,1.001,1.0,1.0,566052678.33,566251022.37,1.001,direct,
USDT,2023-12-23,1.001,1.0,1.001,282001535.41,282197010.37,1.001,direct,
USDT,2023-12-24,1.023,0.9917,1.001,14281.15,14291.22,1.001,invert_divide,BTC
USDT,2023-12-25,1.005,0.9814,1.001,14747.02,14753.62,1.0,invert_divide,BTC
USDT,2023-12-26,1.026,0.979,1.0,30529.57,30534.48,1.0,invert_divide,BTC
USDT,2023-12-27,1.001,0.9998,1.0,593259383.7,593445511.43,1.001,direct,
USDT,2023-12-28,1.001,1.0,1.001,639693826.16,640000531.89,1.001,direct,
USDT,2023-12-29,1.025,0.9817,1.001,34268.41,34274.38,1.0,invert_divide,BTC
USDT,2023-12-30,1.011,0.9854,1.0,21511.57,21512.92,1.0,invert_divide,BTC
USDT,2023-12-31,1.014,0.9926,1.0,21509.24,21507.11,0.9999,invert_divide,BTC
USDT,2024-01-01,1.001,0.9549,0.9999,19499.59,19507.29,1.0,invert_divide,BTC
USDT,2024-01-02,1.022,0.9829,1.0,57443.36,57469.37,1.0,invert_divide,BTC
USDT,2024-01-03,1.062,0.9386,1.0,82056.19,82076.82,1.0,invert_divide,BTC
USDT,2024-01-04,1.015,0.9661,1.0,49538.94,49586.28,1.001,invert_divide,BTC
USDT,2024-01-05,1.005,0.9629,1.001,54169.3,54209.93,1.001,invert_divide,BTC
USDT,2024-01-06,1.006,0.9881,1.001,16352.13,16359.68,1.0,invert_divide,BTC
USDT,2024-01-07,1.013,0.9934,1.0,20056.41,20066.7,1.001,invert_divide,BTC
USDT,2024-01-08,1.007,0.9203,1.001,66057.64,66109.47,1.001,invert_divide,BTC
USDT,2024-01-09,1.039,0.9735,1.001,66281.93,66300.85,1.0,invert_divide,BTC
USDT,2024-01-10,1.023,0.9502,1.0,80226.64,80255.63,1.0,invert_divide,BTC
USDT,2024-01-11,1.059,0.9836,1.0,77548.89,77570.09,1.0,invert_divide,BTC
USDT,2024-01-12,1.087,0.9689,1.0,87031.78,87015.34,0.9998,invert_divide,BTC
USDT,2024-01-13,1.009,0.9905,0.9998,23024.72,23020.24,0.9998,invert_divide,BTC
USDT,2024-01-14,1.032,0.9993,0.9998,21730.6,21715.71,0.9993,invert_divide,BTC
USDT,2024-01-15,1.019,0.9805,0.9993,24561.1,24546.66,0.9994,invert_divide,BTC
USDT,2024-01-16,1.01,0.9747,0.9994,36429.24,36421.74,0.9998,invert_divide,BTC
USDT,2024-01-17,0.9999,0.9987,0.9998,703506885.49,703082335.53,0.9991,direct,
USDT,2024-01-18,1.038,0.9826,0.9991,45180.42,45138.51,0.9991,invert_divide,BTC
USDT,2024-01-19,1.012,0.9661,0.9991,45191.13,45154.31,0.9992,invert_divide,BTC
USDT,2024-01-20,1.004,0.9937,0.9992,13096.14,13090.49,0.9996,invert_divide,BTC
USDT,2024-01-21,1.007,0.9979,0.9996,9176.94,9174.54,0.9997,invert_divide,BTC
USDT,2024-01-22,1.053,0.9957,0.9997,56109.4,56046.96,0.9989,invert_divide,BTC
USDT,2024-01-23,1.006,0.9652,0.9989,46007.49,45981.64,0.9994,invert_divide,BTC
USDT,2024-01-24,1.011,0.9836,0.9994,37009.85,37004.01,0.9998,invert_divide,BTC
USDT,2024-01-25,1.008,0.9891,0.9998,29183.88,29169.68,0.9995,invert_divide,BTC
USDT,2024-01-26,1.01,0.952,0.9995,42739.48,42733.8,0.9999,invert_divide,BTC
USDT,2024-01-27,1.002,0.9827,0.9999,10632.46,10633.29,1.0,invert_divide,BTC
USDT,2024-01-28,1.019,0.9905,1.0,16615.66,16614.55,0.9999,invert_divide,BTC
USDT,2024-01-29,1.0,0.9654,0.9999,27783.74,27784.54,1.0,invert_divide,BTC
USDT,2024-01-30,1.021,0.9941,1.0,34500.06,34500.9,1.0,invert_divide,BTC
USDT,2024-01-31,1.027,0.9929,1.0,39491.24,39466.97,0.9994,invert_divide,BTC
USDT,2024-02-01,1.004,0.9715,0.9994,29018.49,29011.35,0.9998,invert_divide,BTC
USDT,2024-02-02,1.006,0.9846,0.9998,26779.09,26768.16,0.9996,invert_divide,BTC
USDT,2024-02-03,1.008,0.9968,0.9996,7556.6,7554.48,0.9997,invert_divide,BTC
USDT,2024-02-04,1.012,0.9917,0.9997,9589.32,9585.96,0.9996,invert_divide,BTC
USDT,2024-02-05,0.9998,0.9986,0.9996,543630665.48,543116173.03,0.9988,direct,
USDT,2024-02-06,1.006,0.9867,0.999,22482.95,22479.56,0.9998,invert_divide,BTC
USDT,2024-02-07,1.001,0.9643,0.9998,30331.77,30324.72,0.9998,invert_divide,BTC
USDT,2024-02-08,1.007,0.9789,0.9998,39654.68,39668.1,1.0,invert_divide,BTC
USDT,2024-02-09,1.023,0.9602,1.0,50590.41,50614.31,1.0,invert_divide,BTC
USDT,2024-02-10,1.009,0.9821,1.0,16452.46,16458.59,1.0,invert_divide,BTC
USDT,2024-02-11,1.006,0.9854,1.0,19858.95,19863.83,1.0,invert_divide,BTC
USDT,2024-02-12,1.008,0.9559,1.0,47112.86,47134.12,1.0,invert_divide,BTC
USDT,2024-02-13,1.014,0.9726,1.0,42027.05,42055.57,1.001,invert_divide,BTC
USDT,2024-02-14,1.006,0.9513,1.001,43948.58,43991.64,1.001,invert_divide,BTC
USDT,2024-02-15,1.019,0.9899,1.001,42990.13,43034.84,1.001,invert_divide,BTC
USDT,2024-02-16,1.009,0.99,1.001,32295.2,32319.21,1.001,invert_divide,BTC
USDT,2024-02-17,1.011,0.9807,1.001,17696.94,17705.16,1.0,invert_divide,BTC
USDT,2024-02-18,1.005,0.9819,1.0,14716.3,14717.35,1.0,invert_divide,BTC
USDT,2024-02-19,1.014,0.9984,1.0,18980.36,18982.44,1.0,invert_divide,BTC
USDT,2024-02-20,1.014,0.9714,1.0,39504.32,39510.44,1.0,invert_divide,BTC
USDT,2024-02-21,1.01,0.9766,1.0,32665.42,32669.49,1.0,invert_divide,BTC
USDT,2024-02-22,1.015,0.9926,1.0,30501.44,30484.5,0.9994,invert_divide,BTC
USDT,2024-02-23,1.015,0.9956,0.9994,26365.93,26365.09,1.0,invert_divide,BTC
USDT,2024-02-24,1.002,0.9809,1.0,10707.22,10708.79,1.0,invert_divide,BTC
USDT,2024-02-25,1.002,0.9586,0.9999,265770.75,265780.14,1.0,invert_divide,ETH
USDT,2024-02-26,1.008,0.9347,1.0,47961.27,47997.96,1.001,invert_divide,BTC
USDT,2024-02-27,1.01,0.9552,1.001,62683.92,62720.19,1.001,invert_divide,BTC
USDT,2024-02-28,1.027,0.9086,1.001,102181.72,102305.41,1.001,invert_divide,BTC
USDT,2024-02-29,1.041,0.9875,1.001,84709.08,84770.07,1.001,invert_divide,BTC
USDT,2024-03-01,1.014,0.9745,1.001,52747.33,52787.75,1.001,invert_divide,BTC
USDT,2024-03-02,1.008,0.9942,1.001,20264.53,20279.15,1.001,invert_divide,BTC
USDT,2024-03-03,1.002,0.9727,1.001,20301.48,20312.66,1.001,invert_divide,BTC
USDT,2024-03-04,1.005,0.9138,1.001,79177.16,79286.03,1.001,invert_divide,BTC
USDT,2024-03-05,1.087,0.9301,1.001,126873.13,127030.85,1.001,invert_divide,BTC
USDT,2024-03-06,1.024,0.9512,1.001,68031.77,68075.54,1.001,invert_divide,BTC
USDT,2024-03-07,1.019,0.9819,1.001,41800.64,41865.99,1.002,invert_divide,BTC
USDT,2024-03-08,1.03,0.9714,1.002,59361.92,59489.59,1.002,invert_divide,BTC
USDT,2024-03-09,1.005,0.9958,1.002,16947.1,16979.81,1.002,invert_divide,BTC
USDT,2024-03-10,1.015,0.9893,1.002,27686.99,27714.89,1.001,invert_divide,BTC
USDT,2024-03-11,1.011,0.9319,1.001,62709.74,62723.77,1.0,invert_divide,BTC
USDT,2024-03-12,1.022,0.9606,1.0,58546.01,58545.31,1.0,invert_divide,BTC
USDT,2024-03-13,1.008,0.9761,1.0,41314.41,41339.18,1.001,invert_divide,BTC
USDT,2024-03-14,1.034,0.9594,1.001,60699.01,60676.96,0.9996,invert_divide,BTC
USDT,2024-03-15,1.042,0.9436,0.9996,73358.94,73357.63,1.0,invert_divide,BTC
USDT,2024-03-16,1.073,0.992,1.0,33956.52,33934.18,0.9993,invert_divide,BTC
USDT,2024-03-17,1.007,0.9435,0.9993,29362.49,29349.04,0.9995,invert_divide,BTC
USDT,2024-03-18,1.019,0.9848,0.9995,38542.52,38541.0,1.0,invert_divide,BTC
USDT,2024-03-19,1.1,0.9934,1.0,75848.91,75832.12,0.9998,invert_divide,BTC
USDT,2024-03-20,1.004,0.896,0.9998,69671.19,69693.16,1.0,invert_divide,BTC
USDT,2024-03-21,1.042,0.9854,1.0,38234.75,38229.08,0.9999,invert_divide,BTC
USDT,2024-03-22,1.045,0.9768,0.9999,37343.35,37354.22,1.0,invert_divide,BTC
USDT,2024-03-23,1.031,0.9849,1.0,19360.47,19364.38,1.0,invert_divide,BTC
USDT,2024-03-24,1.006,0.9493,1.0,19120.87,19120.46,1.0,invert_divide,BTC
USDT,2024-03-25,1.019,0.9503,1.0,46100.6,46111.93,1.0,invert_divide,BTC
USDT,2024-03-26,1.022,0.99,1.0,32990.33,32989.45,1.0,invert_divide,BTC
USDT,2024-03-27,1.033,0.9844,1.0,40450.72,40431.18,0.9995,invert_divide,BTC
USDT,2024-03-28,1.011,0.9729,0.9995,31346.01,31348.36,1.0,invert_divide,BTC
USDT,2024-03-29,1.015,0.9886,1.0,17382.89,17395.42,1.001,invert_divide,BTC
USDT,2024-03-30,1.018,0.9951,1.0,153144.16,153224.1,1.001,invert_divide,ETH
USDT,2024-03-31,1.001,0.9764,1.001,10567.65,10571.56,1.0,invert_divide,BTC
USDT,2024-04-01,1.024,0.9773,1.0,28892.19,28905.97,1.0,invert_divide,BTC
USDT,2024-04-02,1.065,0.9863,1.0,48905.67,48906.59,1.0,invert_divide,BTC
USDT,2024-04-03,1.015,0.978,1.0,27792.87,27802.16,1.0,invert_divide,BTC
USDT,2024-04-04,1.012,0.9502,1.0,36673.5,36690.63,1.0,invert_divide,BTC
USDT,2024-04-05,1.014,0.973,1.0,32904.8,32922.22,1.001,invert_divide,BTC
USDT,2024-04-06,1.011,0.9795,1.001,11314.76,11317.68,1.0,invert_divide,BTC
USDT,2024-04-07,1.014,0.9931,1.0,13691.75,13691.45,1.0,invert_divide,BTC
USDT,2024-04-08,1.016,0.9642,1.0,36459.33,36460.48,1.0,invert_divide,BTC
USDT,2024-04-09,1.038,0.9865,1.0,34538.71,34530.39,0.9998,invert_divide,BTC
USDT,2024-04-10,1.007,0.9554,0.9998,37142.44,37140.99,1.0,invert_divide,BTC
USDT,2024-04-11,1.018,0.9936,1.0,24988.45,24995.03,1.0,invert_divide,BTC
USDT,2024-04-12,1.062,0.9723,1.0,49331.17,49360.5,1.001,invert_divide,BTC
USDT,2024-04-13,1.071,0.9557,1.001,56915.71,57014.79,1.002,invert_divide,BTC
USDT,2024-04-14,1.003,0.9477,1.002,40968.04,41031.0,1.002,invert_divide,BTC
USDT,2024-04-15,1.055,0.9827,1.002,40978.19,40992.18,1.0,invert_divide,BTC
USDT,2024-04-16,1.009,0.9667,1.0,35542.55,35559.22,1.0,invert_divide,BTC
USDT,2024-04-17,1.053,0.974,1.0,41504.19,41508.48,1.0,invert_divide,BTC
USDT,2024-04-18,1.011,0.9584,1.0,31452.84,31472.09,1.001,invert_divide,BTC
USDT,2024-04-19,1.026,0.934,1.001,46058.39,46081.55,1.001,invert_divide,BTC
USDT,2024-04-20,1.008,0.9723,1.001,13464.03,13471.76,1.001,invert_divide,BTC
USDT,2024-04-21,1.012,0.9897,1.001,13150.64,13154.04,1.0,invert_divide,BTC
USDT,2024-04-22,1.007,0.9659,1.0,22839.75,22852.25,1.001,invert_divide,BTC
USDT,2024-04-23,1.012,0.9913,1.001,17575.6,17575.57,1.0,invert_divide,BTC
USDT,2024-04-24,1.043,0.9886,1.0,28785.93,28774.23,0.9996,invert_divide,BTC
USDT,2024-04-25,1.012,0.973,0.9996,26730.52,26725.84,0.9998,invert_divide,BTC
USDT,2024-04-26,1.016,0.9927,0.9998,19914.4,19907.36,0.9996,invert_divide,BTC
USDT,2024-04-27,1.007,0.9834,0.9996,12684.85,12679.7,0.9996,invert_divide,BTC
USDT,2024-04-28,1.028,0.9951,0.9993,205463.5,205401.8,0.9997,invert_divide,ETH
USDT,2024-04-29,1.005,0.9672,0.9999,21849.86,21843.82,0.9997,invert_divide,BTC
USDT,2024-04-30,1.067,0.974,0.9997,41212.82,41184.77,0.9993,invert_divide,BTC
USDT,2024-05-01,1.042,0.9685,0.9993,52053.76,51985.28,0.9987,invert_divide,BTC
USDT,2024-05-02,1.009,0.9639,0.9987,29471.89,29480.12,1.0,invert_divide,BTC
USDT,2024-05-03,1.008,0.9357,1.0,35180.41,35202.1,1.001,invert_divide,BTC
USDT,2024-05-04,1.01,0.9796,1.001,16206.9,16209.81,1.0,invert_divide,BTC
USDT,2024-05-05,1.01,0.9829,1.0,12595.62,12600.03,1.0,invert_divide,BTC
USDT,2024-05-06,1.037,0.9928,1.0,24082.55,24082.74,1.0,invert_divide,BTC
USDT,2024-05-07,1.033,0.9993,1.0,20907.17,20908.95,1.0,invert_divide,BTC
USDT,2024-05-08,1.03,0.9946,1.0,18593.4,18588.14,0.9997,invert_divide,BTC
USDT,2024-05-09,1.006,0.9612,0.9997,18440.55,18441.78,1.0,invert_divide,BTC
USDT,2024-05-10,1.044,0.9898,1.0,25390.35,25386.62,0.9999,invert_divide,BTC
USDT,2024-05-11,1.011,0.9942,0.9999,8298.11,8297.42,0.9999,invert_divide,BTC
USDT,2024-05-12,1.006,0.9857,0.9999,8214.5,8211.85,0.9997,invert_divide,BTC
USDT,2024-05-13,1.008,0.9654,0.9997,21250.01,21248.3,0.9999,invert_divide,BTC
USDT,2024-05-14,1.025,0.9922,0.9999,26392.04,26380.24,0.9996,invert_divide,BTC
USDT,2024-05-15,1.004,0.9262,0.9996,40708.36,40730.77,1.001,invert_divide,BTC
USDT,2024-05-16,1.023,0.9902,1.001,24275.96,24280.95,1.0,invert_divide,BTC
USDT,2024-05-17,1.007,0.9717,1.0,23340.48,23351.73,1.0,invert_divide,BTC
USDT,2024-05-18,1.007,0.9958,1.0,8752.24,8754.06,1.0,invert_divide,BTC
USDT,2024-05-19,1.021,0.9941,1.0,9725.64,9725.11,0.9999,invert_divide,BTC
USDT,2024-05-20,1.002,0.9249,0.9999,38260.49,38256.08,0.9999,invert_divide,BTC
USDT,2024-05-21,1.013,0.9568,1.0,610857.21,610755.67,0.9998,invert_divide,ETH
USDT,2024-05-22,1.021,0.9969,0.9999,22981.44,22967.37,0.9994,invert_divide,BTC
USDT,2024-05-23,1.043,0.937,0.9996,669270.47,668937.91,0.9995,invert_divide,ETH
USDT,2024-05-24,1.01,0.9717,0.9996,18239.62,18237.85,0.9999,invert_divide,BTC
USDT,2024-05-25,1.004,0.9886,0.9999,5972.0,5971.93,1.0,invert_divide,BTC
USDT,2024-05-26,1.015,0.9752,1.0,161510.02,161423.49,0.9995,invert_divide,ETH
USDT,2024-05-27,1.017,0.9826,0.9997,13110.64,13102.03,0.9993,invert_divide,BTC
USDT,2024-05-28,1.017,0.9825,0.9993,22223.83,22201.3,0.999,invert_divide,BTC
USDT,2024-05-29,1.018,0.9918,0.999,16353.37,16335.4,0.9989,invert_divide,BTC
USDT,2024-05-30,1.017,0.9817,0.9989,20828.64,20825.97,0.9999,invert_divide,BTC
USDT,2024-05-31,1.022,0.9861,0.9999,19922.04,19904.73,0.9991,invert_divide,BTC
USDT,2024-06-01,1.004,0.9825,0.999,97005.74,96929.73,0.9992,invert_divide,ETH
USDT,2024-06-02,1.014,0.9919,0.9992,123116.68,123049.6,0.9995,invert_divide,ETH
USDT,2024-06-03,1.021,0.9822,0.9996,22783.46,22780.56,0.9999,invert_divide,BTC
USDT,2024-06-04,1.008,0.9719,0.9999,29746.55,29751.15,1.0,invert_divide,BTC
USDT,2024-06-05,1.009,0.9896,1.0,21737.62,21740.45,1.0,invert_divide,BTC
USDT,2024-06-06,1.012,0.9903,1.0,16078.4,16072.43,0.9996,invert_divide,BTC
USDT,2024-06-07,1.037,0.9868,0.9996,28318.21,28308.77,0.9997,invert_divide,BTC
USDT,2024-06-08,1.003,0.9978,0.9997,5753.02,5752.63,0.9999,invert_divide,BTC
USDT,2024-06-09,1.003,0.9926,0.9999,5137.66,5137.2,0.9999,invert_divide,BTC
USDT,2024-06-10,1.009,0.9947,0.9999,12116.49,12111.21,0.9996,invert_divide,BTC
USDT,2024-06-11,1.033,0.9813,0.9996,31800.9,31803.2,1.0,invert_divide,BTC
USDT,2024-06-12,1.026,0.98,1.0,31159.85,31151.88,0.9997,invert_divide,BTC
USDT,2024-06-13,1.025,0.9918,0.9997,23051.5,23040.33,0.9995,invert_divide,BTC
USDT,2024-06-14,1.019,0.9846,0.9995,24684.72,24670.48,0.9994,invert_divide,BTC
USDT,2024-06-15,1.006,0.9727,0.9994,160975.62,160869.62,0.9993,invert_divide,ETH
USDT,2024-06-16,1.007,0.9766,0.9993,123587.85,123519.65,0.9994,invert_divide,ETH
USDT,2024-06-17,1.012,0.9784,0.9993,28974.78,28968.09,0.9998,invert_divide,BTC
USDT,2024-06-18,1.021,0.9825,0.9998,35263.17,35253.75,0.9997,invert_divide,BTC
USDT,2024-06-19,1.007,0.9732,0.9996,277087.04,276962.53,0.9996,invert_divide,ETH
USDT,2024-06-20,1.024,0.9947,0.9997,22559.77,22550.77,0.9996,invert_divide,BTC
USDT,2024-06-21,1.014,0.9876,0.9996,22310.94,22302.57,0.9996,invert_divide,BTC
USDT,2024-06-22,1.004,0.9948,0.9996,5570.5,5569.51,0.9998,invert_divide,BTC
USDT,2024-06-23,1.029,0.9955,0.9996,128959.72,128874.9,0.9993,invert_divide,ETH
USDT,2024-06-24,1.05,0.9693,0.9995,48177.24,48157.28,0.9996,invert_divide,BTC
USDT,2024-06-25,1.009,0.9746,0.9996,31697.13,31692.85,0.9999,invert_divide,BTC
USDT,2024-06-26,1.0,0.9991,0.9998,726909733.74,726643748.53,0.9994,direct,
USDT,2024-06-27,0.9995,0.9984,0.9994,865589178.2,864740408.8,0.9987,direct,
USDT,2024-06-28,1.029,0.9914,0.9989,24288.31,24245.66,0.9982,invert_divide,BTC
USDT,2024-06-29,0.9989,0.9981,0.9983,688807054.18,687790682.61,0.9985,direct,
USDT,2024-06-30,1.003,0.966,0.9987,12626.61,12609.08,0.9986,invert_divide,BTC
USDT,2024-07-01,1.014,0.9931,0.9986,25708.72,25685.02,0.9991,invert_divide,BTC
USDT,2024-07-02,1.017,0.989,0.9991,20510.77,20480.91,0.9985,invert_divide,BTC
USDT,2024-07-03,1.033,0.9861,0.9985,27365.92,27341.8,0.9991,invert_divide,BTC
USDT,2024-07-04,1.059,0.9943,0.9991,40351.82,40344.44,0.9998,invert_divide,BTC
USDT,2024-07-05,1.015,0.9452,0.9998,57490.15,57505.65,1.0,invert_divide,BTC
USDT,2024-07-06,1.004,0.9622,1.0,18766.95,18774.0,1.0,invert_divide,BTC
USDT,2024-07-07,1.046,0.9977,1.0,18402.28,18403.87,1.0,invert_divide,BTC
USDT,2024-07-08,1.026,0.9575,1.0,43439.51,43435.91,0.9999,invert_divide,BTC
USDT,2024-07-09,1.004,0.9699,0.9999,29452.6,29453.14,1.0,invert_divide,BTC
USDT,2024-07-10,1.03,0.9902,1.0,28064.27,28061.85,0.9999,invert_divide,BTC
USDT,2024-07-11,1.038,0.9953,0.9999,29764.17,29768.67,1.0,invert_divide,BTC
USDT,2024-07-12,1.011,0.9769,1.0,27242.71,27252.69,1.0,invert_divide,BTC
USDT,2024-07-13,1.011,0.9761,1.0,13963.3,13970.45,1.001,invert_divide,BTC
USDT,2024-07-14,1.01,0.974,1.001,20080.87,20085.58,1.0,invert_divide,BTC
USDT,2024-07-15,1.003,0.9375,1.0,43679.34,43702.63,1.001,invert_divide,BTC
USDT,2024-07-16,1.005,0.9598,1.001,38850.8,38873.44,1.001,invert_divide,BTC
USDT,2024-07-17,1.032,0.9966,1.001,28170.64,28173.44,1.0,invert_divide,BTC
USDT,2024-07-18,1.018,0.9882,1.0,21904.27,21902.01,0.9999,invert_divide,BTC
USDT,2024-07-19,1.012,0.9497,0.9999,33756.81,33781.36,1.001,invert_divide,BTC
USDT,2024-07-20,1.007,0.9874,1.001,12566.25,12570.74,1.0,invert_divide,BTC
USDT,2024-07-21,1.003,0.966,1.0,18123.31,18128.05,1.0,invert_divide,BTC
USDT,2024-07-22,1.014,0.9861,1.0,26712.99,26727.69,1.001,invert_divide,BTC
USDT,2024-07-23,1.028,0.9929,1.001,29465.67,29467.75,1.0,invert_divide,BTC
USDT,2024-07-24,1.027,0.996,1.0,21576.01,21575.76,1.0,invert_divide,BTC
USDT,2024-07-25,1.053,0.9722,0.9998,629226.14,629085.44,0.9998,invert_divide,ETH
USDT,2024-07-26,1.005,0.968,0.9999,24567.97,24574.12,1.0,invert_divide,BTC
USDT,2024-07-27,1.022,0.9819,1.0,26420.73,26419.76,1.0,invert_divide,BTC
USDT,2024-07-28,1.001,0.9826,1.0,11980.7,11982.04,1.0,invert_divide,BTC
USDT,2024-07-29,1.049,0.9948,1.0,33524.03,33523.2,1.0,invert_divide,BTC
USDT,2024-07-30,1.012,0.9865,1.0,24376.6,24372.99,0.9999,invert_divide,BTC
USDT,2024-07-31,1.034,0.9981,0.9999,24304.84,24300.2,0.9998,invert_divide,BTC
USDT,2024-08-01,1.004,0.9523,0.9998,37045.09,37013.29,0.9991,invert_divide,BTC
USDT,2024-08-02,1.066,0.9946,0.9991,40943.43,40895.05,0.9988,invert_divide,BTC
USDT,2024-08-03,1.024,0.9857,0.9988,26176.07,26165.33,0.9996,invert_divide,BTC
USDT,2024-08-04,1.05,0.9831,0.9996,28092.97,28081.21,0.9996,invert_divide,BTC
USDT,2024-08-05,1.079,0.9111,0.9996,117153.32,117214.41,1.001,invert_divide,BTC
USDT,2024-08-06,1.019,0.9637,1.001,44255.76,44282.63,1.001,invert_divide,BTC
USDT,2024-08-07,1.047,0.9899,1.001,39691.91,39688.11,0.9999,invert_divide,BTC
USDT,2024-08-08,1.017,0.8876,0.9999,48215.66,48233.26,1.0,invert_divide,BTC
USDT,2024-08-09,1.015,0.9792,1.0,32998.38,33014.6,1.0,invert_divide,BTC
USDT,2024-08-10,1.009,0.9893,1.0,11935.68,11939.31,1.0,invert_divide,BTC
USDT,2024-08-11,1.053,0.9934,1.0,18214.18,18215.82,1.0,invert_divide,BTC
USDT,2024-08-12,1.023,0.9719,1.0,33285.38,33292.75,1.0,invert_divide,BTC
USDT,2024-08-13,1.017,0.9646,1.0,28787.92,28799.54,1.0,invert_divide,BTC
USDT,2024-08-14,1.053,0.9962,1.0,30973.89,30980.72,1.0,invert_divide,BTC
USDT,2024-08-15,1.04,0.9756,1.0,34692.53,34700.51,1.0,invert_divide,BTC
USDT,2024-08-16,1.017,0.9699,1.0,29186.89,29195.27,1.0,invert_divide,BTC
USDT,2024-08-17,1.004,0.9886,1.0,9691.68,9692.46,1.0,invert_divide,BTC
USDT,2024-08-18,1.032,1.0,1.0,13915.75,13917.94,1.0,invert_divide,BTC
USDT,2024-08-19,1.003,0.9729,1.0,24222.4,24232.91,1.0,invert_divide,BTC
USDT,2024-08-20,1.041,0.9928,1.0,31292.98,31300.64,1.0,invert_divide,BTC
USDT,2024-08-21,1.011,0.9616,1.0,38408.34,38419.08,1.0,invert_divide,BTC
USDT,2024-08-22,1.017,0.9897,1.0,28924.51,28927.51,1.0,invert_divide,BTC
USDT,2024-08-23,1.015,0.9424,1.0,42020.68,42052.99,1.001,invert_divide,BTC
USDT,2024-08-24,1.006,0.9912,1.001,15286.56,15292.6,1.0,invert_divide,BTC
USDT,2024-08-25,1.013,0.9938,1.0,12753.39,12761.46,1.001,invert_divide,BTC
USDT,2024-08-26,1.027,0.9997,1.001,27037.83,27044.42,1.0,invert_divide,BTC
USDT,2024-08-27,1.064,0.977,1.0,39241.27,39261.15,1.001,invert_divide,BTC
USDT,2024-08-28,1.02,0.9802,1.001,38043.04,38048.29,1.0,invert_divide,BTC
USDT,2024-08-29,1.031,0.9896,1.0,34345.83,34354.06,1.0,invert_divide,BTC
USDT,2024-08-30,1.013,0.9763,1.0,35023.22,35022.96,1.0,invert_divide,BTC
USDT,2024-08-31,1.008,0.9964,1.0,8035.77,8038.1,1.0,invert_divide,BTC
USDT,2024-09-01,1.031,0.9986,1.0,22352.53,22358.35,1.0,invert_divide,BTC
USDT,2024-09-02,1.005,0.9661,1.0,23766.29,23769.73,1.0,invert_divide,BTC
USDT,2024-09-03,1.041,0.9987,1.0,26568.4,26566.7,0.9999,invert_divide,BTC
USDT,2024-09-04,1.01,0.9595,0.9999,43027.18,43030.33,1.0,invert_divide,BTC
USDT,2024-09-05,1.038,0.9906,1.0,38784.5,38775.97,0.9998,invert_divide,BTC
USDT,2024-09-06,1.056,0.9739,0.9998,69521.39,69511.3,0.9999,invert_divide,BTC
USDT,2024-09-07,1.013,0.9922,0.9999,17050.67,17052.36,1.0,invert_divide,BTC
USDT,2024-09-08,1.008,0.9774,1.0,19159.79,19161.56,1.0,invert_divide,BTC
USDT,2024-09-09,1.017,0.9571,1.0,42637.41,42650.3,1.0,invert_divide,BTC
USDT,2024-09-10,1.007,0.9784,1.0,33391.45,33393.05,1.0,invert_divide,BTC
USDT,2024-09-11,1.012,0.9689,1.0,55576.26,55592.6,1.0,invert_divide,BTC
USDT,2024-09-12,1.008,0.9862,1.0,40914.83,40920.45,1.0,invert_divide,BTC
USDT,2024-09-13,1.003,0.9528,1.0,40546.37,40582.3,1.001,invert_divide,BTC
USDT,2024-09-14,1.011,0.9907,1.001,15042.25,15048.02,1.0,invert_divide,BTC
USDT,2024-09-15,1.022,0.9927,1.0,19176.34,19179.13,1.0,invert_divide,BTC
USDT,2024-09-16,1.017,0.9875,1.0,33106.34,33104.32,0.9999,invert_divide,BTC
USDT,2024-09-17,1.017,0.9554,0.9999,40712.51,40718.68,1.0,invert_divide,BTC
USDT,2024-09-18,1.001,0.9583,1.0,48151.29,48164.26,1.0,invert_divide,BTC
USDT,2024-09-19,1.015,0.9783,1.0,46829.96,46840.03,1.0,invert_divide,BTC
USDT,2024-09-20,1.015,0.9865,1.0,34617.55,34623.15,1.0,invert_divide,BTC
USDT,2024-09-21,1.004,0.9681,1.0,350291.99,350401.94,1.0,invert_divide,ETH
USDT,2024-09-22,1.007,0.9813,1.0,18884.06,18886.16,1.0,invert_divide,BTC
USDT,2024-09-23,1.021,0.9595,1.0,797788.43,797761.31,1.0,invert_divide,ETH
USDT,2024-09-24,1.007,0.9757,1.0,32160.64,32163.78,1.0,invert_divide,BTC
USDT,2024-09-25,1.026,0.9966,1.0,23967.21,23964.14,0.9999,invert_divide,BTC
USDT,2024-09-26,1.011,0.9615,0.9999,43302.56,43312.55,1.0,invert_divide,BTC
USDT,2024-09-27,1.012,0.9858,1.0,36162.6,36170.31,1.0,invert_divide,BTC
USDT,2024-09-28,1.006,0.9937,1.0,10383.49,10385.8,1.0,invert_divide,BTC
USDT,2024-09-29,1.01,0.9914,1.0,336903.96,336976.22,1.0,invert_divide,ETH
USDT,2024-09-30,1.036,0.9925,1.0,42396.01,42390.64,0.9999,invert_divide,BTC
USDT,2024-10-01,1.054,0.9892,0.9999,67326.52,67303.34,0.9997,invert_divide,BTC
USDT,2024-10-02,1.029,0.9889,0.9997,55652.18,55646.71,0.9999,invert_divide,BTC
USDT,2024-10-03,1.012,0.9851,0.9999,50457.09,50452.49,0.9999,invert_divide,BTC
USDT,2024-10-04,1.006,0.9738,0.9999,38904.7,38910.01,1.0,invert_divide,BTC
USDT,2024-10-05,1.005,0.9941,1.0,10082.43,10082.87,1.0,invert_divide,BTC
USDT,2024-10-06,1.002,0.984,1.0,13418.93,13418.75,1.0,invert_divide,BTC
USDT,2024-10-07,1.036,0.9984,1.0,41062.64,41052.07,0.9997,invert_divide,BTC
USDT,2024-10-08,1.017,0.9948,0.9997,33506.88,33491.59,0.9995,invert_divide,BTC
USDT,2024-10-09,1.031,0.9937,0.9995,37528.72,37496.95,0.9992,invert_divide,BTC
USDT,2024-10-10,1.015,0.9759,0.9992,42405.42,42373.55,0.9992,invert_divide,BTC
USDT,2024-10-11,1.014,0.9601,0.9992,36112.65,36102.87,0.9997,invert_divide,BTC
USDT,2024-10-12,1.004,0.9885,0.9997,15673.6,15672.23,0.9999,invert_divide,BTC
USDT,2024-10-13,1.006,0.9868,0.9999,16786.01,16782.18,0.9998,invert_divide,BTC
USDT,2024-10-14,1.006,0.9448,0.9998,50393.51,50380.28,0.9997,invert_divide,BTC
USDT,2024-10-15,1.013,0.966,0.9997,51909.81,51904.55,0.9999,invert_divide,BTC
USDT,2024-10-16,1.012,0.9872,0.9999,42024.2,42022.1,1.0,invert_divide,BTC
USDT,2024-10-17,1.008,0.9885,1.0,32062.99,32057.08,0.9998,invert_divide,BTC
USDT,2024-10-18,1.009,0.9816,0.9998,36869.58,36868.09,1.0,invert_divide,BTC
USDT,2024-10-19,1.005,0.9947,1.0,7712.36,7712.09,1.0,invert_divide,BTC
USDT,2024-10-20,1.004,0.9594,1.0,336813.48,336747.27,0.9998,invert_divide,ETH
USDT,2024-10-21,1.031,0.9916,0.9999,36536.85,36525.38,0.9997,invert_divide,BTC
USDT,2024-10-22,1.006,0.9869,0.9997,32484.74,32467.94,0.9995,invert_divide,BTC
USDT,2024-10-23,1.011,0.9775,0.9995,32488.79,32460.08,0.9991,invert_divide,BTC
USDT,2024-10-24,0.999,0.9988,0.999,84354456.35,84260306.53,0.9989,direct,
XRP,2023-10-25,0.5638,0.5406,0.559,121581127.54,67354560.53,0.5555,direct,
XRP,2023-10-26,0.5692,0.5432,0.5555,111362571.96,61694202.67,0.5535,direct,
XRP,2023-10-27,0.5584,0.535,0.5535,74961958.51,41111203.78,0.5432,direct,
XRP,2023-10-28,0.5504,0.5407,0.5432,27676055.2,15100767.91,0.5449,direct,
XRP,2023-10-29,0.5614,0.5408,0.5449,36130359.9,19995434.89,0.5561,direct,
XRP,2023-10-30,0.5837,0.5498,0.5561,116841629.43,66491192.88,0.5786,direct,
XRP,2023-10-31,0.6185,0.5634,0.5786,147703390.45,87582488.85,0.5999,direct,
XRP,2023-11-01,0.6166,0.5805,0.5999,137909684.63,82920623.74,0.6091,direct,
XRP,2023-11-02,0.6258,0.5878,0.6091,134018155.47,81640880.44,0.6054,direct,
XRP,2023-11-03,0.6153,0.5917,0.6054,90073704.77,54449876.07,0.6125,direct,
XRP,2023-11-04,0.6181,0.6092,0.6125,43834050.72,26879593.57,0.6155,direct,
XRP,2023-11-05,0.6632,0.6146,0.6155,127802848.89,82032495.29,0.6613,direct,
XRP,2023-11-06,0.7325,0.6592,0.6613,251924654.61,176521872.99,0.715,direct,
XRP,2023-11-07,0.7154,0.6514,0.715,236702966.79,161773200.7,0.6855,direct,
XRP,2023-11-08,0.6978,0.6729,0.6855,144277009.7,99089177.83,0.6874,direct,
XRP,2023-11-09,0.7061,0.6306,0.6874,272791059.78,185163182.01,0.6668,direct,
XRP,2023-11-10,0.6709,0.6371,0.6668,155656691.08,102336102.98,0.6597,direct,
XRP,2023-11-11,0.6871,0.6408,0.6597,129969464.56,86441233.34,0.6627,direct,
XRP,2023-11-12,0.6709,0.6464,0.6627,68811915.51,45594220.22,0.6616,direct,
XRP,2023-11-13,0.7473,0.6403,0.6616,279864865.39,190508981.63,0.6704,direct,
XRP,2023-11-14,0.6721,0.5976,0.6704,204181196.78,131158266.97,0.6294,direct,
XRP,2023-11-15,0.6506,0.6171,0.6294,151384692.16,96328822.7,0.6485,direct,
XRP,2023-11-16,0.6525,0.6037,0.6485,168980814.52,106496890.24,0.612,direct,
XRP,2023-11-17,0.6243,0.5862,0.612,122328518.61,74352120.43,0.6135,direct,
XRP,2023-11-18,0.6147,0.5902,0.6135,61887826.86,37478703.04,0.611,direct,
XRP,2023-11-19,0.6288,0.6018,0.611,69309295.23,42766151.03,0.6261,direct,
XRP,2023-11-20,0.6284,0.6074,0.6261,100220736.62,62147973.4,0.6125,direct,
XRP,2023-11-21,0.6179,0.5746,0.6125,153843347.26,92709349.53,0.579,direct,
XRP,2023-11-22,0.6164,0.5781,0.579,105151819.64,62830635.97,0.6112,direct,
XRP,2023-11-23,0.624,0.6062,0.6112,83732754.65,51504952.85,0.6206,direct,
XRP,2023-11-24,0.6255,0.6158,0.6206,77384493.35,48059346.81,0.6217,direct,
XRP,2023-11-25,0.6237,0.6163,0.6217,34630498.6,21488366.85,0.6231,direct,
XRP,2023-11-26,0.6376,0.6077,0.6231,66884512.43,41636926.5,0.6159,direct,
XRP,2023-11-27,0.6169,0.5945,0.6159,92244327.81,55784209.73,0.6039,direct,
XRP,2023-11-28,0.6139,0.5959,0.6039,76068375.77,46093208.73,0.6109,direct,
XRP,2023-11-29,0.617,0.6042,0.6109,86871903.11,53048318.28,0.6092,direct,
XRP,2023-11-30,0.6098,0.5988,0.6092,84964805.72,51328256.52,0.6063,direct,
XRP,2023-12-01,0.6143,0.6033,0.6063,62181290.95,37920515.39,0.6129,direct,
XRP,2023-12-02,0.6229,0.6113,0.6129,43955019.28,27082942.58,0.621,direct,
XRP,2023-12-03,0.634,0.6173,0.621,58171162.9,36257750.24,0.6233,direct,
XRP,2023-12-04,0.6432,0.5892,0.6233,129692985.34,80977494.17,0.6244,direct,
XRP,2023-12-05,0.6303,0.6081,0.6244,94421488.71,58338907.74,0.6211,direct,
XRP,2023-12-06,0.6435,0.6109,0.6211,136257768.98,85452976.06,0.6403,direct,
XRP,2023-12-07,0.6543,0.6223,0.6403,137701662.53,88040104.38,0.6434,direct,
XRP,2023-12-08,0.6755,0.6378,0.6434,129447891.18,85038382.84,0.6725,direct,
XRP,2023-12-09,0.7003,0.6533,0.6725,161102605.16,109454903.97,0.6586,direct,
XRP,2023-12-10,0.6714,0.6476,0.6586,71622830.8,47367128.8,0.6616,direct,
XRP,2023-12-11,0.6628,0.6017,0.6616,142223249.73,88641210.79,0.6187,direct,
XRP,2023-12-12,0.6259,0.6064,0.6187,85780371.44,53098704.09,0.6189,direct,
XRP,2023-12-13,0.6349,0.594,0.6189,121501342.82,74470725.57,0.6276,direct,
XRP,2023-12-14,0.6378,0.6071,0.6276,104286540.48,65377508.14,0.6318,direct,
XRP,2023-12-15,0.6441,0.6128,0.6318,94688298.94,59421169.02,0.6154,direct,
XRP,2023-12-16,0.6252,0.6103,0.6154,42706371.83,26488361.34,0.62,direct,
XRP,2023-12-17,0.6227,0.6081,0.62,46205576.66,28504408.02,0.6098,direct,
XRP,2023-12-18,0.6143,0.5805,0.6098,102224476.71,61310805.88,0.6124,direct,
XRP,2023-12-19,0.6163,0.597,0.6124,68659961.8,41723125.04,0.6045,direct,
XRP,2023-12-20,0.6265,0.6011,0.6045,103844079.2,63859287.1,0.617,direct,
XRP,2023-12-21,0.6248,0.6108,0.617,97390240.78,60052134.35,0.6241,direct,
XRP,2023-12-22,0.6307,0.6158,0.6241,82884352.04,51477615.89,0.6249,direct,
XRP,2023-12-23,0.6253,0.6113,0.6249,47784123.37,29517629.36,0.6199,direct,
XRP,2023-12-24,0.6297,0.6073,0.6199,74943942.06,46363697.27,0.6127,direct,
XRP,2023-12-25,0.6484,0.6063,0.6127,107187186.86,67844711.73,0.6463,direct,
XRP,2023-12-26,0.6468,0.601,0.6463,116383594.43,72609515.86,0.6221,direct,
XRP,2023-12-27,0.6424,0.613,0.6221,115966420.28,72980176.59,0.6347,direct,
XRP,2023-12-28,0.6574,0.6249,0.6347,167480487.57,106926068.68,0.635,direct,
XRP,2023-12-29,0.6366,0.6125,0.635,106831202.29,66901783.47,0.623,direct,
XRP,2023-12-30,0.6296,0.616,0.623,51206475.99,31906077.71,0.6208,direct,
XRP,2023-12-31,0.628,0.6082,0.6208,53857260.11,33401077.93,0.6153,direct,
XRP,2024-01-01,0.631,0.6084,0.6153,51530211.19,31921207.28,0.6298,direct,
XRP,2024-01-02,0.6401,0.622,0.6298,110546530.68,69654840.01,0.6246,direct,
XRP,2024-01-03,0.6392,0.4962,0.6246,293721732.66,170644081.94,0.5826,direct,
XRP,2024-01-04,0.5945,0.57,0.5826,137197824.0,79903590.51,0.5874,direct,
XRP,2024-01-05,0.5892,0.5547,0.5874,143719056.52,82120434.08,0.5763,direct,
XRP,2024-01-06,0.5764,0.5574,0.5763,49445214.73,28101990.35,0.5683,direct,
XRP,2024-01-07,0.5732,0.5465,0.5683,54757191.49,30841077.57,0.5518,direct,
XRP,2024-01-08,0.5821,0.5453,0.5518,171092528.93,96955976.7,0.5781,direct,
XRP,2024-01-09,0.579,0.555,0.5781,189515721.51,107754625.0,0.5669,direct,
XRP,2024-01-10,0.6137,0.5494,0.5669,221650304.94,127486286.45,0.6005,direct,
XRP,2024-01-11,0.6236,0.586,0.6005,181048124.83,109371417.13,0.6019,direct,
XRP,2024-01-12,0.6034,0.5552,0.6019,145310062.18,85289650.53,0.5698,direct,
XRP,2024-01-13,0.5774,0.5631,0.5698,40657092.78,23304468.69,0.5746,direct,
XRP,2024-01-14,0.5926,0.5716,0.5746,61606059.51,35728110.06,0.5759,direct,
XRP,2024-01-15,0.5889,0.5685,0.5759,81764596.37,47326687.4,0.5753,direct,
XRP,2024-01-16,0.5798,0.566,0.5753,74597137.1,42860436.47,0.5755,direct,
XRP,2024-01-17,0.5762,0.5608,0.5755,90698585.08,51694447.57,0.568,direct,
XRP,2024-01-18,0.5683,0.543,0.568,125180327.57,69806119.11,0.5515,direct,
XRP,2024-01-19,0.5533,0.5216,0.5515,180870274.98,97774344.94,0.5438,direct,
XRP,2024-01-20,0.5547,0.5388,0.5438,83032037.65,45424819.94,0.5532,direct,
XRP,2024-01-21,0.5549,0.5453,0.5532,34988464.11,19297306.88,0.5461,direct,
XRP,2024-01-22,0.5489,0.5171,0.5461,113225989.96,60345886.42,0.5269,direct,
XRP,2024-01-23,0.5312,0.4959,0.5269,109986750.46,56293437.0,0.5178,direct,
XRP,2024-01-24,0.5189,0.5107,0.5178,86334174.14,44447178.88,0.518,direct,
XRP,2024-01-25,0.5181,0.5037,0.518,88709663.4,45382378.96,0.5135,direct,
XRP,2024-01-26,0.5355,0.5082,0.5135,91689295.85,47708774.33,0.532,direct,
XRP,2024-01-27,0.5346,0.5262,0.532,28945667.62,15357729.06,0.5303,direct,
XRP,2024-01-28,0.5354,0.5211,0.5303,36936884.44,19548273.55,0.5241,direct,
XRP,2024-01-29,0.5397,0.5193,0.5241,82149735.32,43401088.61,0.5351,direct,
XRP,2024-01-30,0.539,0.5078,0.5351,108021708.09,56483482.57,0.5109,direct,
XRP,2024-01-31,0.515,0.4883,0.5109,142496361.26,72200835.84,0.5029,direct,
XRP,2024-02-01,0.5104,0.4897,0.5029,108957411.84,54360041.78,0.5058,direct,
XRP,2024-02-02,0.5136,0.4988,0.5058,90877343.45,45856996.24,0.5103,direct,
XRP,2024-02-03,0.5268,0.5059,0.5103,79779327.37,41368709.1,0.5187,direct,
XRP,2024-02-04,0.519,0.5013,0.5187,37526050.24,19158049.95,0.503,direct,
XRP,2024-02-05,0.5131,0.4969,0.503,95761243.66,48373757.76,0.5062,direct,
XRP,2024-02-06,0.5108,0.4982,0.5062,72618320.59,36619180.19,0.505,direct,
XRP,2024-02-07,0.5152,0.4991,0.505,89674364.02,45320254.26,0.5137,direct,
XRP,2024-02-08,0.5188,0.5102,0.5137,104263786.59,53605470.42,0.5147,direct,
XRP,2024-02-09,0.5285,0.5141,0.5147,84874848.91,44241536.39,0.5263,direct,
XRP,2024-02-10,0.5283,0.519,0.5263,38660224.42,20251390.9,0.5241,direct,
XRP,2024-02-11,0.536,0.5218,0.5241,56322871.42,29764712.18,0.5263,direct,
XRP,2024-02-12,0.538,0.5145,0.5263,79629919.92,41925511.45,0.5317,direct,
XRP,2024-02-13,0.5338,0.5148,0.5317,81240889.53,42694102.57,0.5247,direct,
XRP,2024-02-14,0.5423,0.5206,0.5247,90898655.57,48278427.14,0.5383,direct,
XRP,2024-02-15,0.5781,0.5375,0.5383,161849705.74,89613501.54,0.5627,direct,
XRP,2024-02-16,0.5793,0.5534,0.5627,123518062.71,69961717.55,0.5646,direct,
XRP,2024-02-17,0.5658,0.5398,0.5646,60687500.78,33488481.62,0.5499,direct,
XRP,2024-02-18,0.5627,0.5474,0.5499,42857827.43,23844489.82,0.5573,direct,
XRP,2024-02-19,0.5678,0.5541,0.5573,76270483.62,42760297.61,0.5628,direct,
XRP,2024-02-20,0.5749,0.5451,0.5628,133972985.17,75338588.91,0.5626,direct,
XRP,2024-02-21,0.5629,0.533,0.5626,91746334.09,50084165.86,0.5491,direct,
XRP,2024-02-22,0.5515,0.5365,0.5491,87269717.95,47543112.09,0.5408,direct,
XRP,2024-02-23,0.5433,0.526,0.5408,78064618.51,41858702.97,0.5341,direct,
XRP,2024-02-24,0.5478,0.5314,0.5341,39960944.01,21680730.49,0.5451,direct,
XRP,2024-02-25,0.5485,0.5419,0.5451,33761013.39,18390740.8,0.5425,direct,
XRP,2024-02-26,0.5529,0.5288,0.5425,87441036.63,47462285.38,0.5511,direct,
XRP,2024-02-27,0.5972,0.5481,0.5511,196007931.92,111770094.38,0.5865,direct,
XRP,2024-02-28,0.6064,0.5313,0.5865,238430126.02,137591638.82,0.5757,direct,
XRP,2024-02-29,0.6256,0.5681,0.5757,265841938.45,158440477.05,0.5868,direct,
XRP,2024-03-01,0.6035,0.5833,0.5868,126461324.03,74966882.09,0.6017,direct,
XRP,2024-03-02,0.6512,0.6001,0.6017,200873768.13,126605554.85,0.6449,direct,
XRP,2024-03-03,0.6449,0.5917,0.6449,117289311.41,73135741.52,0.6271,direct,
XRP,2024-03-04,0.6653,0.6173,0.6271,226938744.31,146539593.65,0.6486,direct,
XRP,2024-03-05,0.6696,0.5378,0.6486,362652908.12,224577922.22,0.5922,direct,
XRP,2024-03-06,0.624,0.5762,0.5922,233912270.82,140738100.28,0.6122,direct,
XRP,2024-03-07,0.6401,0.6069,0.6122,193506735.38,120600602.56,0.6282,direct,
XRP,2024-03-08,0.6345,0.6034,0.6282,159325013.58,99196180.08,0.6213,direct,
XRP,2024-03-09,0.6337,0.6177,0.6213,78532236.25,49067331.6,0.6211,direct,
XRP,2024-03-10,0.6287,0.5975,0.6211,86413094.78,53149494.83,0.6086,direct,
XRP,2024-03-11,0.7473,0.5847,0.6086,464854199.15,320734795.08,0.7228,direct,
XRP,2024-03-12,0.733,0.659,0.7228,287325484.17,199191508.48,0.6881,direct,
XRP,2024-03-13,0.7024,0.6693,0.6881,151842932.9,104550355.71,0.6895,direct,
XRP,2024-03-14,0.7073,0.6384,0.6895,216353627.11,145646699.77,0.669,direct,
XRP,2024-03-15,0.6752,0.5964,0.669,225504307.6,142361510.4,0.6342,direct,
XRP,2024-03-16,0.6473,0.5929,0.6342,108751981.91,67410907.62,0.6026,direct,
XRP,2024-03-17,0.6245,0.5868,0.6026,89132988.93,54520131.43,0.6188,direct,
XRP,2024-03-18,0.6688,0.595,0.6188,169357298.98,105520098.91,0.6454,direct,
XRP,2024-03-19,0.6484,0.5716,0.6454,236596001.26,142142536.22,0.5846,direct,
XRP,2024-03-20,0.6188,0.5688,0.5846,179321921.74,106288862.48,0.6111,direct,
XRP,2024-03-21,0.654,0.5977,0.6111,191213492.01,119818939.11,0.6404,direct,
XRP,2024-03-22,0.645,0.5992,0.6404,139687680.94,86677069.96,0.6117,direct,
XRP,2024-03-23,0.6328,0.6036,0.6117,58842411.92,36561383.32,0.6168,direct,
XRP,2024-03-24,0.6356,0.6138,0.6168,68671910.48,43159156.58,0.6325,direct,
XRP,2024-03-25,0.6622,0.6268,0.6325,158367785.63,101558214.45,0.6406,direct,
XRP,2024-03-26,0.6529,0.6257,0.6406,100648332.08,64341838.67,0.6318,direct,
XRP,2024-03-27,0.6346,0.6065,0.6318,126531088.22,78559476.9,0.6115,direct,
XRP,2024-03-28,0.6369,0.6034,0.6115,140507642.54,87344125.64,0.6246,direct,
XRP,2024-03-29,0.645,0.6089,0.6246,126787035.76,79382981.95,0.6305,direct,
XRP,2024-03-30,0.6372,0.6182,0.6305,66469250.26,41709066.02,0.6217,direct,
XRP,2024-03-31,0.63,0.6209,0.6217,41367815.36,25914446.87,0.6292,direct,
XRP,2024-04-01,0.6334,0.5949,0.6292,116015935.71,70947755.07,0.6112,direct,
XRP,2024-04-02,0.6184,0.5792,0.6112,185289744.02,109860705.2,0.5855,direct,
XRP,2024-04-03,0.5932,0.5668,0.5855,133854542.77,77706694.01,0.5744,direct,
XRP,2024-04-04,0.6159,0.5625,0.5744,179749120.3,105825389.78,0.5937,direct,
XRP,2024-04-05,0.5941,0.5693,0.5937,116663175.99,68020047.18,0.5872,direct,
XRP,2024-04-06,0.5988,0.5858,0.5872,51357280.7,30364509.54,0.5931,direct,
XRP,2024-04-07,0.6029,0.5898,0.5931,55211427.2,32911977.14,0.5945,direct,
XRP,2024-04-08,0.6263,0.5884,0.5945,140692900.69,85848261.63,0.6147,direct,
XRP,2024-04-09,0.6425,0.6016,0.6147,151505939.49,94171294.4,0.6138,direct,
XRP,2024-04-10,0.6203,0.593,0.6138,125202045.2,76286246.01,0.6173,direct,
XRP,2024-04-11,0.6214,0.6031,0.6173,105030063.16,64491481.73,0.6087,direct,
XRP,2024-04-12,0.6156,0.51,0.6087,279151533.43,156702259.42,0.5474,direct,
XRP,2024-04-13,0.5491,0.4309,0.5474,365112474.36,179581538.69,0.4797,direct,
XRP,2024-04-14,0.5075,0.4647,0.4797,257944096.0,125314237.77,0.5038,direct,
XRP,2024-04-15,0.5193,0.4817,0.5038,190617091.43,95654768.94,0.4979,direct,
XRP,2024-04-16,0.5022,0.4762,0.4979,144161097.66,70782774.44,0.4968,direct,
XRP,2024-04-17,0.5143,0.4725,0.4968,161848759.6,79753234.75,0.4952,direct,
XRP,2024-04-18,0.5062,0.4858,0.4952,113884053.43,56505719.31,0.503,direct,
XRP,2024-04-19,0.5109,0.4671,0.503,170813104.23,84241171.97,0.5033,direct,
XRP,2024-04-20,0.5303,0.4987,0.5033,102934698.43,53366081.05,0.5291,direct,
XRP,2024-04-21,0.5368,0.5183,0.5291,63368752.38,33411924.56,0.5246,direct,
XRP,2024-04-22,0.5711,0.5224,0.5246,161024173.61,87715877.03,0.5562,direct,
XRP,2024-04-23,0.5584,0.542,0.5562,112735180.52,61916730.53,0.5446,direct,
XRP,2024-04-24,0.5517,0.5216,0.5446,131278909.78,70633184.29,0.5272,direct,
XRP,2024-04-25,0.5325,0.5139,0.5272,102126073.53,53535355.98,0.5253,direct,
XRP,2024-04-26,0.5356,0.5148,0.5253,91594609.85,48059500.83,0.5258,direct,
XRP,2024-04-27,0.5263,0.5081,0.5258,55009786.55,28434314.97,0.5178,direct,
XRP,2024-04-28,0.5249,0.5086,0.5178,34680165.52,17992483.18,0.5103,direct,
XRP,2024-04-29,0.5173,0.499,0.5103,93433742.49,47562352.63,0.5149,direct,
XRP,2024-04-30,0.5193,0.488,0.5149,126762184.32,63585433.54,0.5001,direct,
XRP,2024-05-01,0.5206,0.4788,0.5001,132012562.53,66019545.26,0.5169,direct,
XRP,2024-05-02,0.5244,0.5064,0.5169,109576111.33,56544956.34,0.5181,direct,
XRP,2024-05-03,0.5367,0.5147,0.5181,104040058.04,54489446.05,0.5319,direct,
XRP,2024-05-04,0.5409,0.5276,0.5319,44634676.97,23797997.64,0.5303,direct,
XRP,2024-05-05,0.5333,0.5243,0.5303,31220909.69,16519255.09,0.5297,direct,
XRP,2024-05-06,0.5695,0.525,0.5297,169468596.34,92580029.01,0.5402,direct,
XRP,2024-05-07,0.5441,0.5219,0.5402,84367261.93,45294804.48,0.5246,direct,
XRP,2024-05-08,0.5291,0.5152,0.5246,86858815.77,45387986.99,0.5169,direct,
XRP,2024-05-09,0.5234,0.5088,0.5169,75990902.67,39283618.9,0.5208,direct,
XRP,2024-05-10,0.5209,0.4981,0.5208,86847890.01,44280402.16,0.5022,direct,
XRP,2024-05-11,0.5074,0.5005,0.5022,30872525.95,15575248.07,0.5059,direct,
XRP,2024-05-12,0.5086,0.4963,0.5059,26548594.34,13366703.36,0.4992,direct,
XRP,2024-05-13,0.5119,0.4871,0.4992,87492501.48,43874606.62,0.5051,direct,
XRP,2024-05-14,0.5127,0.4972,0.5051,71932484.96,36296626.79,0.4999,direct,
XRP,2024-05-15,0.5199,0.4968,0.4999,86979776.81,44094279.47,0.5192,direct,
XRP,2024-05-16,0.5223,0.5128,0.5192,95803474.81,49587818.86,0.5158,direct,
XRP,2024-05-17,0.5289,0.5137,0.5158,74277985.37,38668122.39,0.5236,direct,
XRP,2024-05-18,0.5257,0.519,0.5236,27122975.82,14170574.74,0.5213,direct,
XRP,2024-05-19,0.5236,0.5068,0.5213,37812814.46,19478545.46,0.5096,direct,
XRP,2024-05-20,0.5379,0.5067,0.5096,110076351.73,57533476.61,0.5377,direct,
XRP,2024-05-21,0.557,0.5319,0.5377,153690584.34,83185068.85,0.537,direct,
XRP,2024-05-22,0.5379,0.5223,0.537,85944425.64,45703389.72,0.5266,direct,
XRP,2024-05-23,0.5475,0.5041,0.5266,156889465.81,82343592.84,0.5286,direct,
XRP,2024-05-24,0.5371,0.5169,0.5286,75057521.49,39754667.46,0.5358,direct,
XRP,2024-05-25,0.5425,0.5331,0.5358,41031262.95,22062406.82,0.5416,direct,
XRP,2024-05-26,0.5418,0.5256,0.5416,32793846.93,17526708.69,0.528,direct,
XRP,2024-05-27,0.5404,0.5232,0.528,59131410.45,31475417.41,0.5336,direct,
XRP,2024-05-28,0.5348,0.521,0.5336,60816265.49,32091626.78,0.5283,direct,
XRP,2024-05-29,0.5325,0.5196,0.5283,55318750.08,29150146.21,0.5231,direct,
XRP,2024-05-30,0.5276,0.5127,0.5231,67320606.41,35073995.81,0.5186,direct,
XRP,2024-05-31,0.5254,0.5117,0.5186,64453958.48,33436610.71,0.5171,direct,
XRP,2024-06-01,0.5214,0.517,0.5171,21224120.66,11018505.48,0.5184,direct,
XRP,2024-06-02,0.5205,0.5079,0.5184,31814940.36,16381557.09,0.5134,direct,
XRP,2024-06-03,0.5228,0.5117,0.5134,59824456.9,31092849.36,0.5199,direct,
XRP,2024-06-04,0.5303,0.5183,0.5199,66786827.22,35024877.3,0.5258,direct,
XRP,2024-06-05,0.5326,0.5241,0.5258,65693174.35,34628851.9,0.5259,direct,
XRP,2024-06-06,0.5278,0.5164,0.5259,56289680.27,29502966.33,0.5214,direct,
XRP,2024-06-07,0.5276,0.4565,0.5214,155578311.81,77620863.45,0.4989,direct,
XRP,2024-06-08,0.5005,0.4899,0.4989,47622051.35,23573913.71,0.4927,direct,
XRP,2024-06-09,0.4993,0.491,0.4927,26932905.0,13336591.69,0.4987,direct,
XRP,2024-06-10,0.5057,0.4934,0.4987,62345129.01,31086613.89,0.4967,direct,
XRP,2024-06-11,0.4968,0.4714,0.4967,123249480.09,59580079.29,0.4803,direct,
XRP,2024-06-12,0.4976,0.4743,0.4803,95818491.95,46748803.78,0.4916,direct,
XRP,2024-06-13,0.4916,0.4755,0.4916,73304319.11,35507611.44,0.4767,direct,
XRP,2024-06-14,0.481,0.4607,0.4767,96687797.25,45741072.62,0.4744,direct,
XRP,2024-06-15,0.5048,0.4738,0.4744,61558910.07,29949482.97,0.4905,direct,
XRP,2024-06-16,0.4992,0.4876,0.4905,44884483.23,22048991.37,0.4889,direct,
XRP,2024-06-17,0.5206,0.4837,0.4889,177412101.63,89555948.39,0.5048,direct,
XRP,2024-06-18,0.5293,0.4713,0.5048,188755523.58,92746647.12,0.4908,direct,
XRP,2024-06-19,0.4994,0.4868,0.4908,94779687.8,46748036.37,0.4932,direct,
XRP,2024-06-20,0.502,0.4882,0.4932,90079137.41,44603733.36,0.4885,direct,
XRP,2024-06-21,0.4954,0.4794,0.4885,90963285.34,44391302.8,0.4888,direct,
XRP,2024-06-22,0.4894,0.4818,0.4888,32529793.3,15825485.79,0.4865,direct,
XRP,2024-06-23,0.489,0.4752,0.4865,33689367.84,16280735.98,0.4795,direct,
XRP,2024-06-24,0.482,0.4622,0.4795,114204437.34,54098679.89,0.4738,direct,
XRP,2024-06-25,0.4797,0.4729,0.4738,70464820.3,33551401.1,0.4758,direct,
XRP,2024-06-26,0.4781,0.4655,0.4758,68684822.14,32444053.56,0.4695,direct,
XRP,2024-06-27,0.4767,0.4654,0.4695,61617064.29,29033915.39,0.4747,direct,
XRP,2024-06-28,0.4804,0.469,0.4747,74630224.12,35498932.22,0.4708,direct,
XRP,2024-06-29,0.4761,0.4708,0.4708,22935918.41,10865377.59,0.4719,direct,
XRP,2024-06-30,0.4776,0.4695,0.4719,30046742.75,14211025.01,0.4753,direct,
XRP,2024-07-01,0.4843,0.4748,0.4753,64111273.09,30695337.55,0.4767,direct,
XRP,2024-07-02,0.488,0.4755,0.4767,66435379.39,32056141.22,0.4846,direct,
XRP,2024-07-03,0.4861,0.4609,0.4846,101103520.74,48021790.56,0.4668,direct,
XRP,2024-07-04,0.4693,0.4314,0.4668,146697596.77,65783019.67,0.4328,direct,
XRP,2024-07-05,0.4333,0.3838,0.4328,231660504.82,95330683.77,0.4252,direct,
XRP,2024-07-06,0.4497,0.4236,0.4252,66131758.23,28874554.98,0.449,direct,
XRP,2024-07-07,0.4491,0.4183,0.449,62640736.65,27101641.18,0.4195,direct,
XRP,2024-07-08,0.4433,0.4035,0.4195,152169279.86,64799179.26,0.4316,direct,
XRP,2024-07-09,0.4379,0.4271,0.4316,88017503.75,38179101.42,0.4357,direct,
XRP,2024-07-10,0.4425,0.4313,0.4357,86955079.99,37980400.42,0.4388,direct,
XRP,2024-07-11,0.4534,0.4365,0.4388,96733829.35,43166573.52,0.4491,direct,
XRP,2024-07-12,0.4778,0.4446,0.4491,166150910.87,77161456.85,0.4746,direct,
XRP,2024-07-13,0.566,0.474,0.4746,322689126.16,168240945.45,0.5259,direct,
XRP,2024-07-14,0.5402,0.514,0.5259,141876059.14,74721301.84,0.5205,direct,
XRP,2024-07-15,0.5403,0.5204,0.5205,166362814.24,88384859.35,0.5375,direct,
XRP,2024-07-16,0.5945,0.5327,0.5375,275334532.94,156061797.1,0.5795,direct,
XRP,2024-07-17,0.6375,0.5787,0.5795,315983534.83,193073212.33,0.6261,direct,
XRP,2024-07-18,0.6367,0.5577,0.6261,262767645.8,154140699.63,0.5696,direct,
XRP,2024-07-19,0.5868,0.5404,0.5696,212015472.78,119139380.55,0.5736,direct,
XRP,2024-07-20,0.6048,0.5708,0.5736,116282561.17,68591836.12,0.594,direct,
XRP,2024-07-21,0.608,0.5733,0.594,101737808.54,60138185.64,0.5986,direct,
XRP,2024-07-22,0.6231,0.5858,0.5986,155733748.5,94636475.44,0.6083,direct,
XRP,2024-07-23,0.6172,0.5808,0.6083,127108626.28,76142733.2,0.5978,direct,
XRP,2024-07-24,0.6328,0.5918,0.5978,150239006.84,92822113.06,0.6183,direct,
XRP,2024-07-25,0.6255,0.5842,0.6183,181470962.87,110136063.02,0.5995,direct,
XRP,2024-07-26,0.6091,0.5861,0.5995,116308303.26,69689603.95,0.6035,direct,
XRP,2024-07-27,0.6093,0.584,0.6035,69209258.08,41421431.59,0.5959,direct,
XRP,2024-07-28,0.6143,0.5914,0.5959,52702449.78,31761213.23,0.6016,direct,
XRP,2024-07-29,0.6121,0.592,0.6016,78141456.49,47226801.56,0.6019,direct,
XRP,2024-07-30,0.6371,0.5956,0.6019,168338009.55,104677779.7,0.6276,direct,
XRP,2024-07-31,0.6585,0.6218,0.6276,213750425.61,137588010.86,0.6229,direct,
XRP,2024-08-01,0.6302,0.5679,0.6229,179304435.62,107104100.15,0.596,direct,
XRP,2024-08-02,0.5963,0.5461,0.596,152664518.01,86734519.13,0.5601,direct,
XRP,2024-08-03,0.5771,0.5404,0.5601,97835703.37,54663151.77,0.5557,direct,
XRP,2024-08-04,0.5588,0.5138,0.5557,96833253.09,51746934.57,0.5228,direct,
XRP,2024-08-05,0.5254,0.4322,0.5228,396334280.79,187275852.19,0.4891,direct,
XRP,2024-08-06,0.5191,0.4881,0.4891,164885876.04,84004892.95,0.5063,direct,
XRP,2024-08-07,0.6444,0.4925,0.5063,453456989.18,261035770.62,0.6004,direct,
XRP,2024-08-08,0.6425,0.5787,0.6004,323462873.63,197725608.9,0.6169,direct,
XRP,2024-08-09,0.6247,0.5678,0.6169,192937109.38,113982177.03,0.5809,direct,
XRP,2024-08-10,0.602,0.5785,0.5809,78461526.68,46397797.22,0.5843,direct,
XRP,2024-08-11,0.5936,0.5456,0.5843,99018126.08,56452892.4,0.553,direct,
XRP,2024-08-12,0.5794,0.5502,0.553,132589610.78,75369333.98,0.5685,direct,
XRP,2024-08-13,0.5835,0.5629,0.5685,115969968.39,66582727.77,0.5771,direct,
XRP,2024-08-14,0.5825,0.5646,0.5771,112758828.25,64756733.16,0.5689,direct,
XRP,2024-08-15,0.5753,0.5511,0.5689,116680910.72,65830115.15,0.5609,direct,
XRP,2024-08-16,0.5709,0.5537,0.5609,88311483.04,49770000.64,0.5641,direct,
XRP,2024-08-17,0.571,0.5614,0.5641,41124211.12,23277067.52,0.5667,direct,
XRP,2024-08-18,0.5841,0.5629,0.5667,53013803.77,30279765.06,0.5631,direct,
XRP,2024-08-19,0.6089,0.5611,0.5631,151664003.59,89116328.29,0.5987,direct,
XRP,2024-08-20,0.6151,0.588,0.5987,136946445.21,82489422.71,0.5939,direct,
XRP,2024-08-21,0.6056,0.5857,0.5939,103502450.91,61823647.55,0.6003,direct,
XRP,2024-08-22,0.6043,0.5926,0.6003,69119018.62,41388151.74,0.5978,direct,
XRP,2024-08-23,0.616,0.5912,0.5978,112011451.59,67547258.98,0.6114,direct,
XRP,2024-08-24,0.631,0.605,0.6114,94143724.39,58105405.84,0.6131,direct,
XRP,2024-08-25,0.6141,0.5959,0.6131,61650312.0,37211824.12,0.6003,direct,
XRP,2024-08-26,0.6023,0.5794,0.6003,91875681.93,54312167.32,0.5875,direct,
XRP,2024-08-27,0.6003,0.5532,0.5875,120908074.69,70670199.01,0.567,direct,
XRP,2024-08-28,0.5844,0.5561,0.567,115528856.23,65953261.91,0.5695,direct,
XRP,2024-08-29,0.5769,0.5577,0.5695,80199226.87,45702010.66,0.5622,direct,
XRP,2024-08-30,0.5676,0.5464,0.5622,89686363.55,50186117.8,0.5667,direct,
XRP,2024-08-31,0.5722,0.5626,0.5667,33602784.98,19046711.47,0.5663,direct,
XRP,2024-09-01,0.5667,0.5437,0.5663,51368566.83,28544746.42,0.5474,direct,
XRP,2024-09-02,0.5686,0.5445,0.5474,55356567.08,30781209.47,0.5677,direct,
XRP,2024-09-03,0.573,0.5563,0.5677,58961507.89,33311109.27,0.5572,direct,
XRP,2024-09-04,0.5651,0.5332,0.5572,86687354.45,47930240.86,0.5581,direct,
XRP,2024-09-05,0.5597,0.54,0.5581,61351609.31,33692998.76,0.5443,direct,
XRP,2024-09-06,0.5471,0.503,0.5443,130722020.48,68912190.74,0.5211,direct,
XRP,2024-09-07,0.5328,0.5196,0.5211,46833157.46,24673135.01,0.5249,direct,
XRP,2024-09-08,0.5314,0.5208,0.5249,36544383.42,19256218.68,0.5295,direct,
XRP,2024-09-09,0.543,0.5269,0.5295,66617112.36,35533909.68,0.5396,direct,
XRP,2024-09-10,0.5428,0.5338,0.5396,53454403.28,28760322.1,0.5408,direct,
XRP,2024-09-11,0.5413,0.5232,0.5408,58658224.93,31287618.8,0.5349,direct,
XRP,2024-09-12,0.5881,0.5336,0.5349,148582217.21,83238651.72,0.5627,direct,
XRP,2024-09-13,0.5748,0.5558,0.5627,106478734.28,60413594.78,0.5731,direct,
XRP,2024-09-14,0.5994,0.5697,0.5731,121068615.33,71040434.5,0.5959,direct,
XRP,2024-09-15,0.5961,0.5689,0.5959,69142754.01,40387528.25,0.5707,direct,
XRP,2024-09-16,0.5913,0.5597,0.5707,100639488.38,57801902.01,0.5866,direct,
XRP,2024-09-17,0.5934,0.579,0.5866,83347003.32,48915838.06,0.584,direct,
XRP,2024-09-18,0.5859,0.5622,0.584,96641430.13,55566009.02,0.5853,direct,
XRP,2024-09-19,0.5947,0.5814,0.5853,112322195.53,66006711.21,0.5871,direct,
XRP,2024-09-20,0.5928,0.5764,0.5871,102242009.98,59752748.72,0.5852,direct,
XRP,2024-09-21,0.6126,0.5801,0.5852,78200518.97,46591628.04,0.5978,direct,
XRP,2024-09-22,0.6051,0.5785,0.5978,73263290.69,43390008.7,0.5873,direct,
XRP,2024-09-23,0.5959,0.579,0.5873,87541550.27,51453368.51,0.5849,direct,
XRP,2024-09-24,0.5929,0.5814,0.5849,93595920.58,54968867.37,0.5913,direct,
XRP,2024-09-25,0.5956,0.5821,0.5913,78765517.82,46348467.77,0.5828,direct,
XRP,2024-09-26,0.5964,0.574,0.5828,111315047.63,65443813.02,0.5907,direct,
XRP,2024-09-27,0.5972,0.5828,0.5907,109051953.5,64228133.85,0.5888,direct,
XRP,2024-09-28,0.626,0.5858,0.5888,187996815.52,115131373.05,0.6141,direct,
XRP,2024-09-29,0.6648,0.6079,0.6141,219815531.66,140734068.13,0.6414,direct,
XRP,2024-09-30,0.6545,0.6089,0.6414,182344194.07,115384714.53,0.6113,direct,
XRP,2024-10-01,0.6341,0.5781,0.6113,248263142.76,151305226.7,0.5968,direct,
XRP,2024-10-02,0.6066,0.5268,0.5968,319718764.01,180781679.1,0.5382,direct,
XRP,2024-10-03,0.5446,0.5071,0.5382,296296709.78,155616974.02,0.522,direct,
XRP,2024-10-04,0.5392,0.515,0.522,167694455.41,88228747.24,0.5341,direct,
XRP,2024-10-05,0.5353,0.5263,0.5341,61075412.37,32436660.68,0.5295,direct,
XRP,2024-10-06,0.5371,0.528,0.5295,49829588.61,26526429.4,0.5337,direct,
XRP,2024-10-07,0.5457,0.5285,0.5337,112225312.63,60463793.11,0.5286,direct,
XRP,2024-10-08,0.5354,0.521,0.5286,82057112.02,43442018.31,0.5309,direct,
XRP,2024-10-09,0.5344,0.5208,0.5309,76131043.5,40305011.29,0.524,direct,
XRP,2024-10-10,0.5442,0.5223,0.524,113240919.74,60156516.35,0.5301,direct,
XRP,2024-10-11,0.5418,0.5293,0.5301,86920214.89,46689086.5,0.5386,direct,
XRP,2024-10-12,0.5431,0.5353,0.5386,46644749.87,25147657.07,0.5393,direct,
XRP,2024-10-13,0.5395,0.5251,0.5393,57507495.39,30565840.41,0.5317,direct,
XRP,2024-10-14,0.5521,0.5281,0.5317,96721682.6,52400698.0,0.5482,direct,
XRP,2024-10-15,0.5554,0.5316,0.5482,113188872.45,61538057.89,0.5417,direct,
XRP,2024-10-16,0.5538,0.5374,0.5417,89868330.97,49087125.94,0.5482,direct,
XRP,2024-10-17,0.5665,0.5418,0.5482,124359140.85,68764076.92,0.544,direct,
XRP,2024-10-18,0.5528,0.5394,0.544,79040940.08,43157931.33,0.5467,direct,
XRP,2024-10-19,0.5498,0.5408,0.5467,41512005.21,22628183.85,0.5441,direct,
XRP,2024-10-20,0.5486,0.5368,0.5441,46925446.62,25468585.58,0.5481,direct,
XRP,2024-10-21,0.5603,0.5409,0.5481,99865477.22,54854969.16,0.5447,direct,
XRP,2024-10-22,0.5492,0.5288,0.5447,89196880.61,47869612.56,0.5336,direct,
XRP,2024-10-23,0.5337,0.5113,0.5336,93842039.51,49146449.15,0.5254,direct,
XRP,2024-10-24,0.5298,0.525,0.5254,9927654.7,5239438.49,0.5286,direct,
