,id,guid,published_on,imageurl,title,url,body,tags,lang,upvotes,downvotes,categories,source_info,source,date
0,41810646,https://en.coin-turk.com/?p=185992,1742218732,https://resources.cryptocompare.com/news/79/41810646.jpeg,Binance Launches New Trading Pairs to Boost User Engagement,https://en.coin-turk.com/binance-launches-new-trading-pairs-to-boost-user-engagement/,Binance introduces new USDC trading pairs for various altcoins. Trading bots and algo services will enhance users' trading strategies. Continue Reading: Binance Launches New Trading Pairs to Boost User Engagement The post Binance Launches New Trading Pairs to Boost User Engagement appeared first on COINTURK NEWS .,Binance,EN,0,0,BNB|EXCHANGE|TRADING|ALTCOIN|USDC,"{'name': 'CoinTurk News', 'img': 'https://resources.cryptocompare.com/news/79/default.png', 'lang': 'EN'}",cointurken,2025-03-17 13:38:52
1,41810542,https://thecoinrise.com/solana-turns-five-from-a-rocky-start-to-a-key-player/,1742218519,https://resources.cryptocompare.com/news/60/41810542.jpeg,Solana Turns Five: From a Rocky Start to a Key Player,https://thecoinrise.com/solana-turns-five-from-a-rocky-start-to-a-key-player/,"Layer-1 blockchain Solana is marking its fifth anniversary since its mainnet launch in March 2020, solidifying itself as a cornerstone of the crypto industry. Despite facing turbulence—including market crashes, high-profile collapses, and network outages—Solana has emerged as one of the busiest chains in terms of transaction volume and decentralized finance (DeFi) activity. Since its inception, Solana has processed over 408 billion transactions and facilitated nearly $1 trillion in value on decentralized exchanges (DEXs). While the network debuted amid the COVID-19 pandemic, it quickly found backing from major venture capital firms and positioned itself as a serious challenger to Ethereum. From FTX Fallout to a Stunning Comeback The 2022 bear market was particularly brutal for SOL, with the collapse of FTX sending its price plummeting by 96%, wiping out billions in market value. The now-defunct exchange had invested heavily in Solana, holding 58 million SOL tokens—a stake that became a liability as FTX filed for Chapter 11 bankruptcy . By late 2022, SOL had crashed to just $8.30 per token. However, Solana staged a remarkable recovery in 2023 and 2024, fueled in part by the memecoin frenzy. The emergence of Solana-native tokens like Bonk, Dogwifhat (WIF), and Pudgy Penguins (PENGU) attracted a new wave of traders, propelling Solana’s market cap back above $140 billion by early 2025. The trend was further amplified by Pump.fun, a Solana-based memecoin launchpad , which generated over $540 million in revenue within a year. Adding to the momentum was Donald Trump’s involvement in crypto, as his campaign launched the TRUMP memecoin on SOL blockchain in early 2024. The token skyrocketed to a $14.6 billion valuation within two days, briefly making Solana the second-largest DeFi ecosystem after Ethereum. What’s Ahead for Solana? Beyond DeFi and memecoins, Solana has been pushing into hardware innovation with its Solana Saga and Seeker smartphones —designed for seamless crypto trading and Web3 integration. While initial sales were slow, a 30 million BONK airdrop dramatically boosted demand, leading to over 140,000 presales for the devices. Most notably, SOL is set to be included in Donald Trump’s Digital Asset Stockpile , according to a March 7 executive order. Though the U.S. government does not currently hold SOL, an audit of its crypto holdings is underway. Currently trading at $128.17, SOL ranks as the sixth-largest cryptocurrency with a $64.5 billion market cap. The post Solana Turns Five: From a Rocky Start to a Key Player appeared first on TheCoinrise.com .",Altcoin News|Solana 2025|Solana News,EN,0,0,SOL|MARKET|TRADING|BLOCKCHAIN|ETH,"{'name': 'The Coin Rise', 'img': 'https://images.cryptocompare.com/news/default/thecoinrise.png', 'lang': 'EN'}",thecoinrise,2025-03-17 13:35:19
2,41810586,https://u.today/cardano-ada-on-verge-of-overtaking-dogecoin-doge,1742218500,https://resources.cryptocompare.com/news/64/41810586.jpeg,Cardnao (ADA) On Verge of Overtaking Dogecoin (DOGE),https://u.today/cardano-ada-on-verge-of-overtaking-dogecoin-doge,Dogecoin might lose its place on market following ADA's surge,Dogecoin,EN,0,0,DOGE|ADA|MARKET,"{'name': 'U.Today', 'img': 'https://images.cryptocompare.com/news/default/utoday.png', 'lang': 'EN'}",utoday,2025-03-17 13:35:00
3,41810482,https://en.coinotag.com/microstrategys-smallest-bitcoin-purchase-in-months-is-the-firm-awaiting-a-market-dip/,1742218482,https://resources.cryptocompare.com/news/77/41810482.jpeg,MicroStrategy’s Smallest Bitcoin Purchase in Months: Is the Firm Awaiting a Market Dip?,https://en.coinotag.com/microstrategys-smallest-bitcoin-purchase-in-months-is-the-firm-awaiting-a-market-dip/,"In a notable shift, Strategy (formerly MicroStrategy) has acquired 130 BTC for $10.7 million, showcasing a cautious approach amidst market fluctuations. This latest purchase marks the firm’s smallest Bitcoin acquisition",Analysis|Bitcoin|News|BTC|Core,EN,0,0,BTC|MARKET,"{'name': 'CoinOtag', 'img': 'https://resources.cryptocompare.com/news/77/default.png', 'lang': 'EN'}",coinotag,2025-03-17 13:34:42
4,41810484,https://thecoinrise.com/crypto-analysts-forecasts-20x-potential-for-exorapads-exp-token-could-it-become-xrps-top-performer/,1742218436,https://resources.cryptocompare.com/news/60/41810484.jpeg,"Crypto Analysts Forecasts 20X Potential For ExoraPad’s $EXP Token, Could It Become XRP’s Top Performer?",https://thecoinrise.com/crypto-analysts-forecasts-20x-potential-for-exorapads-exp-token-could-it-become-xrps-top-performer/,"ExoraPad’s $EXP token is quickly becoming the top contender for the best-performing asset within the XRP Ledger (XRPL). As XRP itself sees renewed optimism with Ripple’s potential legal triumph against the SEC, savvy investors and whales alike are turning their attention to ExoraPad, the first-ever AI-powered Initial DEX Offering (IDO) launchpad built exclusively on XRPL. ExoraPad’s $EXP token has blasted through over 55% of its softcap, upon its presale launch, highlighting the immense investor excitement and market confidence behind the project. Join $EXP Token Presale Why ExoraPad Could Explode ExoraPad leverages cutting-edge artificial intelligence to meticulously vet high-quality projects involving Real-World Assets (RWAs), Decentralized Physical Infrastructure Networks (DePIN), and top-tier blockchain startups. This advanced AI-driven approach substantially minimizes risk and maximizes investor confidence, attracting seasoned crypto veterans and XRP whales. With a capped supply of just 100 million tokens, scarcity combined with rapid adoption is creating a perfect storm for exponential growth. Analysts Predict Major $EXP Breakout Crypto experts are highly optimistic about ExoraPad’s potential. Given the successful early presale figures, prominent analysts suggest that the EXP token could become one of XRPL’s most lucrative investments in the short term. On a positive note, if Ripple’s ongoing legal battle concludes favorably, as many anticipate, the resultant bullish sentiment across the XRP ecosystem would likely amplify ExoraPad’s visibility, driving the $EXP token’s price even higher. Secure Your EXP Tokens Before It’s Too Late Market opportunities like ExoraPad rarely linger, with over half of the presale softcap already filled, interested investors must act swiftly. Joining the presale is straightforward: Create an XRP-compatible wallet (Xaman Wallet recommended). Acquire XRP tokens from trusted exchanges such as Binance or Coinbase and fund your wallet. Visit the ExoraPad presale page to send your XRP. Your EXP tokens will be automatically airdropped to your wallet post-presale. Join ExoraPad presale The Exorapad presale has seen surge in whale activity scooping up $EXP tokens, ExoraPad and its EXP token could become the standout investment of the XRPL ecosystem ExoraPad’s $EXP token might be your ticket to the next massive crypto success story. Don’t miss your chance to ride the wave. Stay Connected Website : https://exorapad.com Twitter/X : https://x.com/Exorapad Whitepaper: https://docs.exorapad.com Telegram : https://t.me/exorapad The post Crypto Analysts Forecasts 20X Potential For ExoraPad’s $EXP Token, Could It Become XRP’s Top Performer? appeared first on TheCoinrise.com .",Token Presale and ICO Insights|ExoraPad,EN,0,0,XRP|ZRX|BUSINESS|REGULATION|EXCHANGE,"{'name': 'The Coin Rise', 'img': 'https://images.cryptocompare.com/news/default/thecoinrise.png', 'lang': 'EN'}",thecoinrise,2025-03-17 13:33:56
5,41810419,https://coingape.com/?post_type=brandtalk&p=244442,1742218425,https://images.cryptocompare.com/news/default/coingape.png,Telegram’s TON-Based Crypto Wallet Introduces New Features for Multi-Asset Trading,https://coingape.com/brandtalk/pulse/telegrams-ton-based-crypto-wallet-introduces-new-features-for-multi-asset-trading/,"In a major development for the Crypto Trading and Web3 ecosystem embedded in top messaging apps, Telegram has introduced new features to its TON-based crypto wallet, enabling seamless multi-asset trading within the app. The upgrade is set to enhance accessibility and usability for Telegram’s massive global user base, further positioning the platform as a key player in the crypto space. Key Features of the Telegram’s Crypto Wallet Update According to the latest announcement, the new wallet upgrade includes: Multi-Asset Trading : Users can now trade various cryptocurrencies directly through the Telegram wallet, streamlining transactions within the app. Aiming to bring more tokens soon, it will allow users to trade hundreds of crypto coins , including ETH, XRP, DOGE, and PEPE, using USDT or TON and build portfolio — all via its wallet. Seamless Swaps : The wallet supports instant swaps between supported assets, ensuring fast and low-cost transactions. Introduces Wallet Earn: Making it a permanent feature of Telegram’s Crypto Wallet , with the first campaign for TON holders already live. This feature will allow users to start earning long-term rewards, with daily earnings automatically added to their balance. They can withdraw or add funds anytime with zero fees. It says that while the average yield is 4%, it will vary based on validators’ reward. User-Friendly Interface : A refined UI design makes trading and asset management more intuitive, catering to both novice and experienced users. More tokens are coming to @wallet_tg ! Soon, you’ll be able to trade hundreds of #crypto , including ETH, XRP, DOGE, and PEPE. Trade seamlessly using USDT or TON and build your portfolio — all in one place. pic.twitter.com/ROOIsfANH9 — Wallet in Telegram (@wallet_tg) March 13, 2025 Embracing Crypto Trading in Messaging Apps Telegram first introduced its official TON-based crypto wallet in September 2023, allowing users to send and store digital assets directly within the app. Since then, the wallet has seen continuous enhancements, with the latest upgrade offering multi-asset trading support. This feature enables users to trade different cryptocurrencies, including Bitcoin (BTC), Ethereum (ETH), and Toncoin (TON), without needing to leave the Telegram ecosystem. The integration of multi-asset trading aligns with Telegram’s broader push to bring decentralized finance (DeFi) tools to mainstream users. By simplifying crypto transactions and trading, Telegram aims to lower the barrier to entry for millions of users unfamiliar with traditional crypto exchanges. Industry experts suggest that the new features could challenge traditional exchanges and DeFi platforms by providing a more accessible and integrated trading experience. “Telegram’s move to enable multi-asset trading within its wallet is a game-changer. It reduces the need for external crypto exchanges and simplifies access to digital assets,” said a blockchain analyst from Coingape. What’s Next for Telegram’s Crypto Wallet? Telegram has hinted at further enhancements in the pipeline, including support for more cryptocurrencies, DeFi integrations, and staking options. The company is also reportedly exploring ways to integrate its wallet with other Web3 applications, further solidifying its position in the crypto industry. As competition in the blockchain space intensifies, Telegram’s move to expand its TON-based wallet with multi-asset trading positions it as a formidable player in the digital asset ecosystem. Whether this innovation will disrupt traditional crypto exchanges remains to be seen, but one thing is clear: Telegram is determined to push the boundaries of mainstream crypto adoption. The post Telegram’s TON-Based Crypto Wallet Introduces New Features for Multi-Asset Trading appeared first on CoinGape .",Pulse,EN,0,0,TRADING|ETH|TON|BLOCKCHAIN|BTC,"{'name': 'CoinGape', 'img': 'https://images.cryptocompare.com/news/default/coingape.png', 'lang': 'EN'}",coingape,2025-03-17 13:33:45
6,13806811,https://cointelegraph.com/news/what-happened-in-crypto-today,1742218355,https://resources.cryptocompare.com/news/16/13806811.jpeg,Here’s what happened in crypto today,https://cointelegraph.com/news/what-happened-in-crypto-today?utm_source=rss_feed&utm_medium=rss&utm_campaign=rss_partner_inbound,"Today in crypto, French authorities have suspended judicial restrictions on Telegram founder Pavel Durov until April 7. South Korea’s central bank has confirmed it has not discussed or reviewed the possibility of a Bitcoin reserve. Meanwhile, Jameson Lopp says quantum computers should not be used to restore lost Bitcoin. Pavel Durov legal restrictions suspended until April 7: Report Media platform TASS reported that French authorities have suspended judicial control of Durov for three weeks . Citing sources in the French prosecutor’s office, media outlet TASS reported that the agency’s interlocutor said judicial control in relation to Durov was suspended from March 15 to April 7. Parallely, the Telegram founder posted an update on the messaging application, saying he was already back in Dubai after spending months in France. Durov said the process is still ongoing but added that it “feels great to be home.” Pavel Durov shared a post on Telegram after returning to Dubai. Source: Pavel Durov In his post, Durov thanked the judges for allowing him to return to Dubai. Bank of Korea to take ‘cautious approach’ to Bitcoin reserve The Bank of Korea says it is taking a “cautious approach” to potentially including Bitcoin as a foreign exchange reserve. Officials from the Korean central bank said in a March 16 response to a written inquiry that they have not looked into a potential Bitcoin ( BTC) reserve, citing high volatility. Responding to a question from Representative Cha Gyu-geun of the National Assembly’s Planning and Finance Committee, central bankers said that they have “neither discussed nor reviewed the possible inclusion of Bitcoin in foreign exchange reserves, adding that “a cautious approach is needed,” according to the Korea Herald. “Bitcoin’s price volatility is very high,” the central bank noted, before adding that “in the case of cryptocurrency market instability, transaction costs to cash out Bitcoins could rise drastically.” Jameson Lopp says we shouldn't allow quantum computers to restore lost BTC Jameson Lopp, chief security officer at Bitcoin ( BTC ) custody company Casa, recently argued that Quantum computers should not be used to restore lost BTC . According to a March 16 article from Lopp, allowing quantum computers to restore Bitcoin that was previously thought to be lost would violate the core value propositions of the network, including censorship resistance, transaction immutability, and conservatism. Lopp added: ""Does quantum recovery help anyone? I have yet to come across an argument that it is a net positive in any way. It certainly doesn't add any security to the network."" ""If anything, it greatly decreases the security of the network by allowing funds to be claimed by those who did not earn them,"" the executive continued. The cypherpunk and industry executive added to the ongoing debate about the potential for quantum computers to restore lost BTC after Tether CEO Paolo Ardoino pitched the idea in February.",Trump memecoin|Solana memecoin|TRUMP token|Solana|SOL|Nova Labs|SEC|Securities and Exchange Commission|crypto regulation|TRUMP rally|Bitcoin,EN,0,0,ALTCOIN|MARKET|BTC|EXCHANGE|REGULATION|BLOCKCHAIN|TRADING|ICO|BCH|ETH|USDT|XRP|MATIC|ZK|ADA|TON|BNB|WLD|SOL|APT|ARB|AVAX|LINK|ASIA|MINING|USDC|FIAT|ARKM|BUSINESS,"{'name': 'CoinTelegraph', 'img': 'https://images.cryptocompare.com/news/default/cointelegraph.png', 'lang': 'EN'}",cointelegraph,2025-03-17 13:32:35
7,41810370,https://bitcoinworld.co.in/?p=140739,1742218352,https://resources.cryptocompare.com/news/82/default.png,Leptage: Pioneering the Future of Crypto Trading and Innovation,https://bitcoinworld.co.in/leptage-pioneering-the-future-of-crypto-trading-and-innovation/,"WARSAW, Poland , March 17, 2025 /PRNewswire/ — Leptage, a modern fintech platform engineered for global ambitions, proudly announces its blockchain-powered liquidity provisioning through PayFi technology to integrate multi-layered financial services into payment transactions. Moving forward, armed with cutting-edge technological architecture, unrivaled security protocols, and an unwavering compliance commitment, Leptage will emerge as the critical infrastructure bridging Web2 and Web3 ecosystems. This transformation redefines corporate engagement with digital assets while establishing new benchmarks for cryptographic industry practices. In a market characterized by rapid innovation and surging demand for secure solutions, Leptage has established itself as a frontrunner by delivering seamless, high-efficiency transactional experiences. The platform’s state-of-the-art PayFi solutions streamline corporate liquidity management while boosting sustainable returns and enabling scalable market expansion. With Leptage, businesses can effortlessly convert digital assets to fiat currencies (and vice versa), functioning as an inclusive financial backbone in underserved regions while democratizing access to global financial markets. Unlike DeFi yield mechanisms, Leptage provides enterprises with more sustainable returns, highlighting its distinctive edge in the market. For instance, enterprises leveraging the Leptage Treasury can fund daily operations and payments through earnings generated from subscription to the product, not only reducing reliance on cash flow but also enhancing capital efficiency by reallocating idle assets to productive use cases. At Leptage, safeguarding users’ assets and data is our top priority. With its blockchain-based security architecture, Leptage guarantees that all transactions are encrypted, transparent, and immutable, reducing the risk of fraud. Leptage integrates state-of-the-art technologies such as MPC (Multi-Party Computation) wallets, significantly enhancing asset security. As a licensed Virtual Asset Service Provider (VASP) in Poland , Leptage adheres to the highest industry standards through comprehensive KYC (Know Your Customer), KYT (Know Your Transaction), Travel Rules, and AML (Anti-Money Laundering) procedures. These measures collectively ensure operational transparency, regulatory compliance, and uncompromised security,, empowering every user to transact digital assets with confidence. Headquartered in Warsaw, Poland , with teams strategically positioned across Hong Kong , the United Kingdom , and Singapore , Leptage is dedicated to bridging the gap between fiat currencies and cryptocurrencies, enabling enterprises worldwide to access seamless financial services. By collaborating with elite professionals and partnering with leading industry players, Leptage ensures real-time transaction processing while significantly reducing fees—a critical advantage for businesses handling high-frequency, high-volume transactions. As part of its development strategy, Leptage has expanded its business operations to over 180 global markets. Continuously pushing the boundaries of payment use cases and customer experiences, it provides a robust and adaptive infrastructure for DeFi, Exchanges, DApps, e-commerce, and NFT marketplaces, delivering fast, secure, and compliant financial solutions. Jacky, Product Director of Leptage, stated: “We currently serve over 5,000 project teams globally, representing a 50% increase in client volume compared to last year. Our management team members collectively possess over a decade of industry experience in financial services and technology. Moving forward, we will continue to bridge Web2 and Web3, implement smart contracts and decentralized technologies, aiming to bridge Web2 and Web3 to establish an open financial ecosystem that accelerates capital flow efficiency, further reduces transaction costs, and provides global enterprises with agile, high-performance capital management and payment solutions.” About Leptage Leptage is a modern fintech platform catering to global ambition. Regulated in Poland , our headquarters is situated in Warsaw . We have expanded our operations to include strategic teams in Hong Kong , the United Kingdom , and Singapore . Our international footprint is a testament to our commitment to serving clients worldwide. At Leptage, we pride ourselves on providing fully compliant, cutting-edge solutions that harmoniously integrate advanced technology with a user-centric design. We aim to build a more secure, efficient, and seamless financial landscape by breaking down barriers and bridging gaps for boundless businesses. www.leptage.com",Press Release,EN,0,0,MARKET|ASIA|TRADING|TECHNOLOGY|FIAT,"{'name': 'Bitcoin World', 'img': 'https://resources.cryptocompare.com/news/82/default.png', 'lang': 'EN'}",bitcoinworld,2025-03-17 13:32:32
8,41810498,https://cryptodaily.co.uk/2025/03/why-ripple-investors-are-shifting-to-remittix-as-a-smart-hedge-against-market-volatility,1742218348,https://resources.cryptocompare.com/news/75/41810498.jpeg,Why Ripple Investors Are Shifting to Remittix as a Smart Hedge Against Market Volatility,https://cryptodaily.co.uk/2025/03/why-ripple-investors-are-shifting-to-remittix-as-a-smart-hedge-against-market-volatility,"Ripple price has been a subject of heated debate in recent times as XRP continues to ride the tides of market volatility. Currently, trading at around $2.3 today, Ripple has survived against all odds despite continuous legal battles and variable market conditions. Investors are watching closely as XRP's performance closely mirrors that of the wider cryptocurrency market, which appears to be recovering. That being said, the sheer volatility of Ripple's price has convinced many investors to seek diversification and stability elsewhere. One of the contenders is Remittix, an innovative initiative that is quickly gathering pace for its innovative solution to cross-border payments. Ripple investors are on the lookout for shrewd hedges against market fluctuations, Remittix offers an interesting value proposition. Let us find out why. Ripple Price Is Riding Through Volatility Amid Market and Legal Strains XRP maintains its status as one of the most discussed cryptocurrencies because of its long-running SEC dispute. XRP has demonstrated resilience by maintaining its value at $2.28 after achieving a 4% price increase throughout last week. This is due to growing optimism regarding Ripple's chances of emerging victorious in a legal fight and its growing number of partnerships with financial institutions worldwide. Predictions for Ripple's price in 2025 range as wide as the board, with some anticipating a spike to $4.20 if the company succeeds in its lawsuit. Other analysts point to a falling channel that should see the price drop to as low as $2 soon. Ripple's commitment to providing scalable and effective payment solutions is still an institutional attraction, and as such, it is still a core asset for those looking to invest in utility-based cryptocurrencies. But XRP's inherent volatility also suggests the need to diversify into other emerging assets like Remittix and savvy investors are doing so due to Remittix being able to combine robust blockchain performance with real-world usability. Remittix Is Changing The Industry’s Approach To Cross-Border Payments The cryptocurrency industry analysts are touting Remittix as a disruptive force that is here to tackle existing cross-border remittance system problems. The platform uses blockchain technology to process payments between borders unlike traditional means that are slow and costly. Remittix success in presale is attributed to its healthy community and open tokenomicsmodel. The majority of the tokens are held for rewards to the community and liquidity pools to ensure stability in the long term while maximizing user-driven growth. Currently in presale, Remittix has already raised $13.9 million—a testament to its strong investor base and market appetite. The token is priced at $0.0734 at this point, providing a good entry opportunity for early birds to be included in exponential growth. Post-listing projections show that Remittix could achieve substantial profits within as little as one month of its listing on mainstream exchanges like Binance and Coinbase. In contrast to other traditional assets like Ripple or other utility tokens like Stellar Lumens (XLM), Remittix stands out in its clear-cut purpose of solving real-world problems with the help of blockchain technology and a legal framework with secure contracts audited by BlockSAFU. Secure Your Position in Remittix Today Is A Hedge For 100x Rewards Don't pay the price of uncertainty. The Ripple price rollercoaster is a reminder of the risks of betting on uncertainty, yet Remittix offers a clearly charted path forward with proven traction and real-world impact. Over $13.9 million raised and a growing ecosystem signal a break-out point—act today to secure your tokens before presale ends. Join numerous savvy investors hedging against uncertainty with a project that will be leading the charge in the incoming bull run. Discover the future of PayFi with Remittix by checking out their presale here: Website: https://remittix.io/ Socials: https://linktr.ee/remittix Disclaimer: This is a sponsored press release and is for informational purposes only. It does not reflect the views of Crypto Daily, nor is it intended to be used as legal, tax, investment, or financial advice.",More News,EN,0,0,BUSINESS|MARKET|TRADING|REGULATION|XRP,"{'name': 'Crypto Daily', 'img': 'https://resources.cryptocompare.com/news/75/default.png', 'lang': 'EN'}",cryptodaily,2025-03-17 13:32:28
9,41810418,https://coingape.com/?p=244462,1742218342,https://images.cryptocompare.com/news/default/coingape.png,Michael Saylor’s Strategy Buys 130 More Bitcoin as Holdings Near 500K BTC,https://coingape.com/michael-saylors-strategy-buys-130-more-bitcoin-as-holdings-near-500k-btc/,"Michael Saylor’s Strategy, formerly known as MicroStrategy, has added 130 Bitcoin (BTC) to its growing cryptocurrency holdings. The company disclosed that it acquired these assets between March 10 and March 16, at an average purchase price of $82,981 per BTC, for a total expenditure of $10.7 million. This latest acquisition increases Strategy’s total Bitcoin holdings to 499,226 BTC, reinforcing its position as one of the largest corporate Bitcoin holders. Michael Saylor’s Strategy Boosts Bitcoin Holdings to 499K With New Buy According to Strategy’s latest filing with the U.S. Securities and Exchange Commission (SEC), the company funded the Bitcoin acquisition through the sale of its Series A preferred stock. The firm sold 123,000 shares of its 8.00% Series A perpetual strike preferred stock (STRK Shares), generating approximately $10.7 million in net proceeds. Strategy confirmed that no Class A common stock was sold during the same period. This approach is consistent with the company’s recent financing strategies, allowing it to expand its Bitcoin portfolio without affecting its primary stock structure. With this latest acquisition, Strategy now holds 499,226 BTC, valued at more than $41.6 billion at current market prices. The company’s average purchase price across all acquisitions stands at $66,360 per BTC, inclusive of fees and expenses. Michael Saylor, the co-founder and executive chairman of Strategy, remains a strong advocate for Bitcoin as a long-term investment. However, despite Saylor’s BTC move, critics believe that gold will ultimately outperform Bitcoin as a long-term store of value. Schiff warned Saylor that Bitcoin’s decline against gold signals an inherent weakness in its ability to preserve wealth over time. This Is A Developing Update, Please Check Back For More The post Michael Saylor’s Strategy Buys 130 More Bitcoin as Holdings Near 500K BTC appeared first on CoinGape .",24/7 Cryptocurrency News|Bitcoin News|bitcoin price|Michael Saylor|MicrosStrategy,EN,0,0,BTC|BUSINESS|FIAT|MARKET|TRADING,"{'name': 'CoinGape', 'img': 'https://images.cryptocompare.com/news/default/coingape.png', 'lang': 'EN'}",coingape,2025-03-17 13:32:22
10,41810424,https://news.bitcoin.com/?p=712913&preview=true&preview_id=712913,1742218338,https://resources.cryptocompare.com/news/14/41810424.jpeg,"Strategy Now Hodls 499,226 BTC—With $21B in Fresh Capital Still Incoming for More Bitcoin",https://news.bitcoin.com/strategy-now-hodls-499226-btc-with-21b-in-fresh-capital-still-incoming-for-more-bitcoin/,"Strategy has expanded its bitcoin holdings to 499,226 BTC after a $10.7 million purchase, while preparing a massive $21 billion stock offering for future BTC acquisitions. Strategy Holds 499,226 BTC—While Raising Nearly $21B for Even Bigger Buys Software intelligence firm Microstrategy (Nasdaq: MSTR), which has rebranded as Strategy, announced on March 17 that it had",Featured|Bitcoin (BTC)|microstrategy,EN,0,0,BTC|SPONSORED|BUSINESS|TECHNOLOGY,"{'name': 'Bitcoin.com', 'img': 'https://images.cryptocompare.com/news/default/bitcoincom.png', 'lang': 'EN'}",bitcoin.com,2025-03-17 13:32:18
11,41810379,https://thecoinrise.com/top-xrp-projects-exploding-right-now-dont-miss-your-chance-2/,1742218290,https://resources.cryptocompare.com/news/60/41810379.jpeg,Top XRP Projects Exploding Right Now—Don’t Miss Your Chance!,https://thecoinrise.com/top-xrp-projects-exploding-right-now-dont-miss-your-chance-2/,"The XRP ecosystem continues its impressive expansion in 2025, with innovative projects gaining momentum and rapidly attracting attention within the crypto community. Below, we’ve highlighted five standout projects on XRP currently generating significant excitement and engagement. 1. ExoraPad: Revolutionizing Launchpads with AI on XRPL ExoraPad has quickly emerged as a leading project on the XRP Ledger (XRPL), pioneering the integration of advanced artificial intelligence with Initial DEX Offerings (IDOs). Specializing in Real-World Assets (RWAs), Decentralized Physical Infrastructure Networks (DePIN), and premium Web3 projects building on XRP Ledger (XRPL). ExoraPad’s innovative approach significantly reduces investment risk by leveraging Advanced AI analytics to vet and launch projects, which significantly cut risks and boost trust. The ongoing $EXP Token Presale , native token of ExoraPad is off to a remarkable start, raising almost 40% of its Softcap within just hours of launch. XRP whales are swiftly securing positions, signaling confidence in ExoraPad’s potential. Buy $EXP Token EXP token holders benefit from exclusive early access to projects, substantial staking rewards, decentralized governance participation, and a generous 70% fee-sharing from platform revenues. Given its innovative approach and early traction, ExoraPad is positioned as a high-growth opportunity within the XRP ecosystem. Join ExoraPad Presale 2. XRP Healthcare (XRPH) – Innovating Global Healthcare Solutions Market Cap: ~$5.4M XRP Healthcare leverages XRPL’s blockchain technology to modernize healthcare globally, significantly reducing transaction costs and enhancing efficiency. Its XRPH token facilitates swift payments for medical services and pharmaceutical supply chains, making healthcare more accessible worldwide, especially in underserved markets. Recently establishing headquarters in Dubai, XRP Healthcare continues to expand its global footprint, actively pursuing strategic partnerships and innovative healthcare solutions. Its growth strategy underscores significant potential in the blockchain healthcare sector. 3. XRP ARMY (ARMY) – Fueling XRP Community Innovation Market Cap: ~$25 million XRP ARMY captures the vibrant spirit of the XRP community through innovative engagement tools. Initially a meme coin, ARMY has evolved to integrate utilities such as augmented reality NFTs and immersive virtual experiences. The strong community backing, reflected in over 12,000 active holders, makes XRP ARMY a compelling choice within the XRP landscape. 4. Phoenix (PHNIX) – Symbol of XRP’s Revival Market Cap: ~$10.5M Phoenix captures XRP’s resilient spirit, having successfully capitalized on XRP’s regulatory progress and enthusiastic investor sentiment. Its recent listings on major exchanges boosted its visibility and market cap. With a strong narrative and active community engagement, Phoenix presents an enticing, albeit speculative, opportunity aligned with XRP’s promising outlook. 5. Sologenic (SOLO) – Bridging Traditional Finance and Blockchain Market Cap: ~$100M+ Sologenic serves as a prominent bridge connecting traditional financial assets with blockchain technology on the XRP Ledger. Its robust platform offers tokenization and decentralized trading of stocks, ETFs, and commodities. With recent market momentum and substantial investor confidence, Sologenic is ideally positioned to benefit from XRPL’s broader financial ecosystem integration. Final Thoughts These five XRP-based tokens represent diverse and promising opportunities as Ripple continues to expand its ecosystem. From AI-driven innovation with ExoraPad to healthcare improvements and engaging community tokens, XRP remains a vibrant blockchain environment. Investors eyeing growth in March 2025 should closely watch these top XRP-based projects as they advance Ripple’s broader vision for blockchain and global financial integration. The post Top XRP Projects Exploding Right Now—Don’t Miss Your Chance! appeared first on TheCoinrise.com .",Token Presale and ICO Insights|blocktoshi|ExoraPad,EN,0,0,XRP|MARKET|BLOCKCHAIN|BUSINESS|WALLET,"{'name': 'The Coin Rise', 'img': 'https://images.cryptocompare.com/news/default/thecoinrise.png', 'lang': 'EN'}",thecoinrise,2025-03-17 13:31:30
12,41810382,https://en.coinotag.com/breakingnews/us-exchanges-opennasdaq-0-15sp-500-0-15dow-0-15btc-2-26-cme%f0%9f%92%b0coinbtc-btc-82816-60/,1742218282,https://resources.cryptocompare.com/news/77/41810382.jpeg,"US Exchanges Open:
NASDAQ: -0.15%
S&P 500: -0.15%
DOW: -0.15%
BTC: -2.26% (CME)

💰Coin:
BTC ( $BTC ) $82,816.60",https://en.coinotag.com/breakingnews/us-exchanges-opennasdaq-0-15sp-500-0-15dow-0-15btc-2-26-cme%f0%9f%92%b0coinbtc-btc-82816-60/,"US Exchanges Open: NASDAQ: -0.15% S&P 500: -0.15% DOW: -0.15% BTC: -2.26% (CME) 💰Coin: BTC ( $BTC ) $82,816.60",,EN,0,0,BTC,"{'name': 'CoinOtag', 'img': 'https://resources.cryptocompare.com/news/77/default.png', 'lang': 'EN'}",coinotag,2025-03-17 13:31:22
13,41810339,https://www.newsbtc.com/?p=713136,1742218213,https://resources.cryptocompare.com/news/21/41810339.jpeg,"130,000 Ethereum Moved Off Exchanges – Bullish Signal?",https://www.newsbtc.com/news/ethereum/130000-ethereum-moved-off-exchanges-bullish-signal/,"Ethereum (ETH) is trading at its lowest levels since late 2023, struggling to regain momentum after an extended period of selling pressure. Since December 2024, ETH has lost over 57% of its value, failing to reclaim key resistance levels. With the broader crypto market facing macroeconomic uncertainty and persistent volatility, Ethereum’s downtrend appears far from over. Related Reading: 640,000 Chainlink (LINK) Withdrawn From Exchanges In 24 Hours – Bullish Accumulation? Despite the ongoing decline, on-chain data suggests that large investors may be positioning for a recovery. According to CryptoQuant, whales have moved over 130,000 ETH off exchanges in the past week, signaling a growing accumulation trend. This pattern has been developing since Ethereum started trending downward, suggesting that institutional players and long-term holders are buying the dip in anticipation of future price appreciation. While short-term sentiment remains bearish, historical data shows that large whale accumulations often precede strong rebounds once selling pressure fades. However, ETH still faces significant resistance, and bulls must reclaim key levels to confirm a potential trend reversal. With market uncertainty still looming, the next few weeks will be critical in determining Ethereum’s next major move. Ethereum Whale Activity Hints At Optimism Ethereum has been under massive selling pressure, struggling amid macroeconomic uncertainty and trade war fears that have shaken both the crypto market and the U.S. stock market. ETH is now trading below a multi-year support level, which could act as a strong resistance in the coming weeks. If bulls fail to reclaim key price levels, the stage could be set for a deeper correction. However, not all indicators are bearish. Despite the ongoing downtrend, some analysts remain optimistic about Ethereum’s long-term prospects. Top analyst Ali Martinez shared insights on X, revealing that whales have moved over 130,000 ETH off exchanges in the past week. This is significant because large investors typically move their holdings off exchanges when they plan to hold for the long term rather than selling. When whales transfer ETH into private wallets, it often signals accumulation rather than immediate selling pressure. Historically, such trends have preceded market rebounds, as reduced exchange supply can contribute to price stability and future upside potential. Related Reading: Whales Accumulate Over 150 Million XRP In Just 48 Hours – Is A Rally Incoming? While Ethereum still faces major hurdles, whale activity suggests that smart money is positioning itself for the next move. The next few weeks will be crucial in determining whether ETH can reverse its downward trend or if further declines are ahead. Bulls Fight to Hold Key Levels Ethereum is currently trading at $1,904, struggling to regain momentum after days of consolidation below the $2,000 mark. The ongoing selling pressure has kept ETH under key resistance, making it difficult for bulls to reverse the trend and start a recovery. For Ethereum to regain a bullish outlook, bulls must reclaim the $2,000 level as soon as possible. A sustained push above this resistance would signal strength and could set the stage for a rally toward higher levels, potentially testing $2,250–$2,400 in the coming weeks. However, if ETH loses current levels of demand, the next major liquidity zone sits around $1,600. A breakdown below $1,750 could trigger further sell-offs, leading to an extended bearish phase that could delay any potential recovery. Related Reading: Cardano Is ‘About To Break Free’ – Breakout Above Crucial Supply To Trigger A Big Move–Analyst With whale accumulation increasing and on-chain data suggesting reduced exchange supply, some analysts believe Ethereum could soon attempt a breakout. However, macroeconomic conditions and overall market sentiment remain critical factors in determining ETH’s short-term trajectory. Bulls will need strong buying pressure to reclaim lost ground and avoid a deeper decline. Featured image from Dall-E, chart from TradingView",Ethereum|ETH|ethereum|Ethereum Bullish Signal|ethereum news|ethereum price|Ethereum Whale Buying|Ethereum Whales|ETHUSDT,EN,0,0,ETH|TRADING|MARKET|BUSINESS|EXCHANGE,"{'name': 'NewsBTC', 'img': 'https://images.cryptocompare.com/news/default/newsbtc.png', 'lang': 'EN'}",newsbtc,2025-03-17 13:30:13
14,41810433,https://u.today/shib-all-exchange-reserve-crashes-to-all-time-low-whats-happening,1742218200,https://resources.cryptocompare.com/news/64/41810433.jpeg,SHIB All-Exchange Reserve Crashes to All-Time Low – What's Happening?,https://u.today/shib-all-exchange-reserve-crashes-to-all-time-low-whats-happening,Recently published on-chain data shows all-time low in SHIB supply across crypto exchanges,Shiba Inu (SHIB) News,EN,0,0,SHIB|FIAT,"{'name': 'U.Today', 'img': 'https://images.cryptocompare.com/news/default/utoday.png', 'lang': 'EN'}",utoday,2025-03-17 13:30:00
15,41810489,https://blog.tipranks.com/?p=1837335,1742218106,https://images.cryptocompare.com/news/default/tipranks.png,Bitcoin’s 22% Drop Triggers Panic but Corrections in “Bull Markets Are Normal”,https://www.tipranks.com/news/bitcoins-22-drop-triggers-panic-but-corrections-in-bull-markets-are-normal?utm_source=cryptocompare.com&utm_medium=referral,"Bitcoin has taken a hit, falling 22% from its all-time high of over $109,000 recorded on January 20. The sudden decline has rattled investors, with...",Market News|SPX,EN,0,0,BTC|MARKET|TRADING|BUSINESS,"{'name': 'TipRanks', 'img': 'https://images.cryptocompare.com/news/default/tipranks.png', 'lang': 'EN'}",tipranks,2025-03-17 13:28:26
16,33767162,[object Object],1742218105,https://resources.cryptocompare.com/news/13/33767162.jpeg,The 3 Best Altcoins to Buy as SEC Publishes Proposal for XRP Strategic Asset,https://bitcoinist.com/best-altcoins-to-buy-sec-proposal-xrp/,"Every week someone floats the idea their favorite crypto coin should be a strategic asset of the US government. This week, Ripple’s XRP has been nominated, and the SEC Crypto Task Force seems to like it a lot. So much so that they published it on their website. It’s not an official proposal, but publishing it on the SEC website indicates that the SEC Crypto Task Force is perhaps seriously considering it This renewed political spotlight on crypto could be good news when researching the best altcoins to buy. XRP Viewed as Having ‘Much More Potential Than Bitcoin’ The one behind the XRP proposal is a financial analyst named Maximilian Staudinger, and he wrote on X that ‘Bitcoin is much scarcer than most people think, and XRP has incredible potential.’ The proposal seems to have caught the eye of investors. In the past 24 hours, the value of XRP has shot up by almost 56%, sitting at around $2.33 per token. According to the plan, 30% of the $5T held by the US global Nostro accounts can be replaced by XRP. This would produce $1.5T which can be used to boost the suggested Bitcoin strategic reserve. Nostro accounts are bank accounts held in a foreign country by a domestic bank in the currency of that country, and the US is holding $5T in these accounts internationally. It also recommends XRP becomes integrated into the US financial system to pay state-level payments, such as social security. This would apparently produce annual savings of up to $7.5B. XRP does have its pros – it can process 1,500 transactions per second, compared to Bitcoin’s 7 transactions and Ethereum’s 30. XRP can also finalize transactions in less than 5 seconds, compared to Bitcoin which can take up to 60 minutes. XRP Plan Branded As ‘Completely Unrealistic’ Staudinger’s proposal is audacious in scope, but it has been criticized by many as completely unrealistic. How could the US government implement this when two-thirds of the total supply are controlled by the entity that created them? Add to that the obstacle of the SEC suing Ripple Labs back in 2020 , alleging XRP was sold as an unregistered security. That case is still ongoing, with the SEC demanding significant fines be imposed. How are they going to get past that? Staudinger’s Bitcoin Plan Also Makes Him Lose Credibility Staudinger also weighed in on the suggested Bitcoin strategic reserve, recommending that the US uses the freed up $1.5T of Nostro account funds to ‘buy more Bitcoin than actually exists’ (25M $BTC at $60K a token). This is impossible, since the total supply is only 21M and more can’t be made. Also, the current $BTC price is just $83K and can’t be arbitrarily lowered to $60K to suit the government. However, despite weird proposals being submitted to the US government every other week, it still shows a bullish crypto market. Bitcoin and now XRP are in the political spotlight, and will have a positive knock-on effect with altcoins and meme coins . With that in mind, let’s look at the three best altcoins to buy which could do very well if things keep going the way they are. 1. BTC Bull ($BTCBULL) – Get Airdrop Rewards As Bitcoin Gets Bullish BTC Bull ($BTCBULL) is one of the best presales at the moment. It directly ties its fortunes to the value of Bitcoin. As the price of $BTC goes up, $BTCBULL token holders will get airdrop rewards. There are of course caveats to getting those airdrops. Token holders must buy $BTCBULL using Best Wallet , and hold the tokens there. When Bitcoin reaches price levels of $150K and $200K, holders of $BTCBULL will get Bitcoin airdrop rewards. When Bitcoin reaches $250K (which many investors believe is a very realistic possibility ), BTC Bull developers will release a large amount of $BTCBULL in airdrop rewards to celebrate. To hopefully make those $BTCBULL tokens more valuable, there will be token burns when the Bitcoin price reaches $125K, $175K, and $225K. With Bitcoin going through a golden era at the moment, the value of Bitcoin is likely going to increase again. If you buy $BTCBULL , you’ll get a double-dip of the profits. Today’s token price is $0.002415 and the staking APY is 115%. 2. Meme Index ($MEMEX) – Spread Your Risk with First-Ever Meme Coin Index Next up is Meme Index ($MEMEX) which ends its presale in two weeks. It’s a good altcoin to get into, as it provides $MEMEX token holders with exclusive access to four meme coin investment funds. The crypto markets can get rather choppy. Therefore, it’s hard to protect yourself against unexpected volatility, which could erase your gains in an instant. Meme Index solves this by spreading your money over 8 different coins in a fund. The four funds range in volatility, with the highest possible rewards being in the most volatile (the Frenzy Index). But if you want a more relaxed life, you can put your money into the Titan Index, followed by the Moonshot Index, and the Midcap Index. $MEMEX token holders also get voting and governance rights to influence the future direction of Meme Index. Today’s token price is $0.0166883 and the staking APY is 562%. Our $MEMEX price prediction sees the token price going as high as $1.75 a token by 2030, which is over a 100x price increase. 3. Heroes of Mavia ($MAVIA) – Get Airdrops Playing a Web3 Mobile Game Our spotlight on a promising new crypto today is Heroes of Mavia ($MAVIA) which is the in-game token for a Web3 mobile game and the token for the Heroes of Mavia gaming ecosystem . It caught our eye due to the price increasing in the past 24 hours by an eye-watering 2,900% and its market cap increasing 283% to just over $31M. Token holders can take part ownership of the game with voting and governance rights, as well as earning more $MAVIA tokens through airdrop rewards and playing tournaments. Tokens can also be used to buy NFTs in their marketplace. If you’re a gamer and you like the idea of holding a stake in an online game, this could be the one for you. It’s not a presale so there’s no staking APY. But the token price is a very attractive $0.5527. Do Your Own Research First! These are merely recommendations we’re making – not guarantees. Therefore, to ensure you’re in profit and not a loss, be sure to do your own research, do a lot of reading, and come to your own conclusions.",Crypto News,EN,0,0,INJ|ETH|ASIA|ALTCOIN|HNT|MARKET|SHIB|BNB|EXCHANGE|BTC|REGULATION|TRADING|OTHER|DOGE|SOL|BLOCKCHAIN|XRP|TON|BUSINESS|FIAT|BONK|PYUSD|COMMODITY|ADA|ZRX|MINING|FTT|DOT|USDT|RESEARCH|FORKS|IMX|ICP|TRX|TECHNOLOGY|ARB|WLD|SPONSORED|RAY|SUI|PEPE|WALLET|UNI|XMR|LINK|NEAR|SEI|MATIC|ARKM|USDC|LTC|LUNA|AIRDROP|BTG|MX|TOKEN SALE|BSV|FLOKI|TOKEN LISTING AND DELISTING|BITTENSOR|HBAR|CRO|WIF|ZEC|MEME|MOG|APE|JUP|AAVE|ONDO|XTZ|BGB|LUNC|XLM|APT|ZK|MANA|AR|AGX|FET|AXS|ADMINISTRATIVE EVENTS|XDC|BCH|MNT|FIL|AVAX|LDO|SSV|ETHFI|ETC|RUNE|FDUSD,"{'name': 'Bitcoinist', 'img': 'https://images.cryptocompare.com/news/default/bitcoinist.png', 'lang': 'EN'}",bitcoinist,2025-03-17 13:28:25
17,41810220,https://coinpaper.com/8020/wemix-ceo-denies-cover-up-claims-after-6-million-hack,1742218056,https://resources.cryptocompare.com/news/93/default.png,Wemix CEO Denies Cover-Up Claims After $6 Million Hack,https://coinpaper.com/8020/wemix-ceo-denies-cover-up-claims-after-6-million-hack,"The company stated that concerns about possible security concerns were the reason for the delay. Meanwhile, Debiex was ordered to pay $2.5 million for running a romance scam and manipulating victims into transferring funds under false pretenses. In the meme coin sector, blockchain analysis exposed Hayden Davis’ alleged insider trading with the WOLF token, which is following a pattern similar to his previous fraudulent projects. Wemix Hack Sparks Controversy The Wemix Foundation recently addressed the concerns over the delayed disclosure of a major hack that resulted in over $6 million in losses. During a press conference, CEO Kim Seok-hwan firmly denied any attempt to cover up the incident, despite criticisms that the official announcement came four days after the attack. On Feb. 28, hackers exploited the Play Bridge Vault, which is a crucial system for transferring WEMIX tokens between blockchain networks, and managed to withdraw 8.6 million tokens. The foundation only acknowledged the attack on March 4, which raised some serious questions among investors and the wider crypto community. Emergency Meeting on Hacking Damage Kim defended the decision by explaining that an immediate announcement could have exposed the platform to even more vulnerabilities. The team needed time to fully assess the breach and prevent additional exploits, while also trying to mitigate panic in the market. The hacker reportedly got access by stealing the authentication key for the monitoring system of Nile, Wemix’s NFT platform. Over a span of two months, they meticulously prepared for the attack before executing a series of abnormal transactions. Out of 15 withdrawal attempts, 13 were successful, and the stolen tokens were quickly liquidated on exchanges outside of South Korea. Upon discovering the breach, Wemix shut down its servers and launched an internal investigation. The company also filed a formal complaint with the Cyber Investigation Team of the Seoul National Police Agency, which has since started probing the incident. Kim acknowledged that delaying the announcement was his decision and took full responsibility for the consequences, including the impact on investors. WEMIX price over the past month (Source: CoinMarketCap ) Despite efforts to avoid market panic, the price of WEMIX still suffered a sharp decline. The token fell by close to 40% from its pre-hack value, dropping from $0.70 on Feb. 27 to $0.52 on Feb. 28. By the time the hack was publicly disclosed on March 4, the price further slumped to $0.42. While it has since recovered slightly to $0.57, the asset is still far below its pre-hack level. Crypto Scam Debiex Ordered to Pay $2.5 Million While Wemix is dealing with the aftermath from its hack, crypto trading platform Debiex was ordered to pay approximately $2.5 million after failing to respond to a lawsuit by the US Commodity Futures Trading Commission (CFTC). The lawsuit accused it of operating a romance scam ring. Arizona federal court Judge Douglas Rayes granted the CFTC’s motion for summary judgment on March 13, requiring Debiex to return around $2.26 million that it stole from customers and pay a civil penalty of nearly $221,500. The judge determined that Debiex’s failure to respond was not due to “excusable neglect.” (Source: CourtListener ) The CFTC’s lawsuit was filed in January of 2024, and it alleged that Debiex engaged in a “pig butchering” scam, in which its operators built romantic relationships with victims over social media to gain trust and convince them to invest. At least five victims fell prey to the scheme, and collectively deposited approximately $2.3 million into Debiex accounts. Instead of engaging in legitimate trading, Debiex simply stole the funds. The CFTC also targeted Zhāng Chéng Yáng , and accused him of acting as a “money mule” for Debiex by facilitating the movement of stolen funds through crypto wallets. On March 12, Judge Rayes granted a default judgment against Zhāng, ruling that the CFTC sufficiently alleged his involvement in handling illicit digital assets. One of Zhāng’s wallets on OKX held about 63 Ethereum worth around $119,500 and a small amount of Tether, and was ordered to be transferred to an unnamed victim. According to the court, OKX was voluntarily preserving the funds. The complaint described how Debiex’s operators posed as female traders on social media, and engaged with victims with conversations and fabricated images to establish trust. Victims were eventually lured to Debiex’s website, which falsely advertised itself as a decentralized trading platform that offers futures trading and mining transactions. Once victims transferred their crypto, the platform manipulated their accounts with fabricated balance updates, false trading positions, and nonexistent profits. The CFTC stated that all of this information was likely fraudulent and that the victims’ funds were instead funneled through multiple digital wallets to obscure their final destination. Luckily, regulators are increasingly taking action against fraudulent platforms that exploit trust and social engineering tactics to steal digital assets. Blockchain Analysis Exposes Insider Trading Also facing some trouble is Hayden Davis, the creator of the failed Libra (LIBRA) token. He launched another meme coin with concerning on-chain patterns that suggest serious insider trading activity. The new Solana-based token is called Wolf (WOLF) , and was released on March 8, capitalizing on speculation that Jordan Belfort, known as the Wolf of Wall Street, was launching his own coin. The token quickly reached a $42 million market cap before collapsing by over 99% in just two days. Blockchain analytics platform Bubblemaps identified suspicious activity linked to the token’s launch, and pointed out that 82% of the supply was concentrated under a single entity. Further analysis revealed transfers across 17 addresses, all tracing back to an address controlled by Davis. Bubblemaps shared that this pattern closely resembled the activity that was seen with previous tokens launched by Davis, including HOOD and LIBRA. Davis’ latest launch happened just weeks after the dramatic collapse of the Libra token, where eight insider wallets withdrew $107 million in liquidity, wiping out $4 billion in market value within hours. The Libra incident even became a political controversy after Argentine President Javier Milei’s endorsement of the coin led to impeachment risks. Argentine lawyer Gregorio Dalbon requested an Interpol Red Notice for Davis, arguing that his financial resources could make it possible for him to evade law enforcement. The increasing prevalence of insider manipulation in the meme coin space is raising concerns about its impact on retail investors. Anastasija Plotnikova, the CEO of blockchain regulatory firm Fideum, warned that meme coins have shifted from community-driven projects to tools for value extraction. Regulatory efforts to fight against meme coin-related fraud are gaining momentum in the United States. A New York lawmaker recently introduced a bill to establish criminal penalties for cryptocurrency fraud, specifically targeting deceptive practices associated with rug pulls and virtual token scams.",News|Crypto,EN,0,0,TRADING|MARKET|BLOCKCHAIN|BUSINESS|REGULATION,"{'name': 'Coinpaper', 'img': 'https://resources.cryptocompare.com/news/93/default.png', 'lang': 'EN'}",coinpaper,2025-03-17 13:27:36
18,41810218,https://crypto.news/?p=14345723,1742218020,https://resources.cryptocompare.com/news/73/41810218.jpeg,Crypto was supposed to be an exit—why are we more trapped than ever? | Opinion,https://crypto.news/crypto-was-supposed-to-be-an-exit-why-are-we-trapped/,"Disclosure: The views and opinions expressed here belong solely to the author and do not represent the views and opinions of crypto.news’ editorial. The collapse of Mt. Gox in 2014 —where 850,000 Bitcoin ( BTC ) vanished—was supposed to be crypto’s ‘never again’ moment. The industry was built on the promise of financial sovereignty, yet a decade later, we’re still stuck at square one. You might also like: Crypto wallet security needs a rethink | Opinion Bybit’s recent hack resulted in the loss of hundreds of millions—possibly up to $1.5 billion—in user funds, making it one of the largest crypto security breaches to date. While the exchange has continued operating, the attack exposes a deeper issue: crypto’s weakest list are centralized exchanges. Instead of eliminating single points of failure, the industry keeps rebuilding them, creating systems that are opaque, centralized, and fragile—on an increasingly larger scale. Crypto was meant to free users from traditional financial institutions. Instead, most users are still trapped, reliant on centralized exchanges that control their funds. These platforms function like black boxes, vulnerable to insider manipulation, data breaches, and outright collapse—like banks, but without legal protections or regulatory oversight. And the system isn’t broken. It’s working exactly as designed—just not in users’ favor. But if crypto was supposed to be an exit from traditional finance, why are we still relying on middlemen to hold our assets? If decentralization was the goal, why is trading activity concentrated in a handful of exchanges that function just like the banks crypto was meant to replace— with even fewer safeguards? Crypto has rebuilt the financial prisons it was meant to destroy The CEX model forces users to deposit funds into a centralized pool controlled by the exchange. Those funds are commingled, stored alongside sensitive customer data, and managed by a single entity. This makes them perfect targets for hackers. It’s not a question of if an exchange will be compromised—it’s a question of when and how much users will lose next time. For all of the crypto’s talk about decentralization, most trading still happens on centralized platforms that look and behave just like banks—except without deposit insurance, fraud protection, or oversight. If this model was unacceptable in traditional finance, why is it so common in crypto? The justification for centralized exchanges has always been that they provide liquidity—that without them, crypto markets would be inefficient and fragmented. But at what cost? Liquidity isn’t real if it vanishes the moment an exchange fails; markets aren’t open if a handful of insiders control prices. Ownership is meaningless if users can’t access their assets when they need them most. After all, if your funds can be frozen, is that financial freedom? If your exchange can front-run your trades, is that an open market? If your assets disappear overnight in a hack, was that ever real ownership? Bybit’s hack is yet another reminder that crypto’s biggest players benefit from centralization, not decentralization. The more power exchanges have, the more they can dictate fees, control access, and profit from their own liquidity pools. It’s time to correct course The next phase of crypto needs true ownership without barriers or intermediaries. If crypto is to survive, it can’t just be more decentralized. It needs to fundamentally change how assets, markets, and users interact. That means liquidity that moves across chains, not locked inside CEX wallets. It means self-custody that doesn’t sacrifice usability, so users don’t have to choose between control and convenience. And it means markets where users—not insiders—control price discovery. Right now, the industry is stuck in a loop. Every few years, another centralized platform collapses, wiping out billions in user funds. Each time, the cycle repeats because there is no viable exit from the system. If crypto is ever going to be a real alternative to traditional finance, it can’t rely on the same fragile, centralized infrastructure. The only way out is to leave CEXs behind The Bybit hack should be a wake-up call. But will it? Centralized exchanges profit from keeping users trapped. They control liquidity, set arbitrary fees, and act as market makers in their own trading platforms. As long as that remains true, we’ll keep seeing the same failures again and again. The answer isn’t another exchange, another centralized lending desk, or another rebranded DeFi platform that functions just like the institutions it claims to replace. The answer is building infrastructure where users don’t have to trust middlemen at all. Crypto has a choice: build an actual exit or stay trapped in the same walled gardens until the next inevitable collapse. It’s time to start building. Read more: Crypto reverting to its hype-fuelled era has made it worse than a casino | Opinion Author: Ramon Recuero Ramon Recuero is the co-founder and CEO of Kinto, a modular exchange and non-custodial insured wallet engineered for maximum security and seamless user experience. Previously, he founded Babylon.finance, a DeFi protocol that surpassed $50M in AUM. Earlier in his career, he worked at Y Combinator, building products and supporting founders. Before that, he developed apps and games for Moz, Google, and Zynga. In a past venture, he founded Netgamix, a user-generated trivia platform that grew to over 100K MAU. After turning 30, he distilled his insights into a book titled Grip. He also coaches and mentors startup founders.",Opinion|CEX|Cryptocurrency|Security|Technology|Сrypto hack,EN,0,0,EXCHANGE|MARKET|TRADING|BTC|BUSINESS,"{'name': 'crypto.news', 'img': 'https://resources.cryptocompare.com/news/73/default.png', 'lang': 'EN'}",crypto_news,2025-03-17 13:27:00
19,41810222,https://en.coinotag.com/breakingnews/bitcoin-faces-significant-pullback-analyzing-market-trends-and-future-outlook/,1742218019,https://resources.cryptocompare.com/news/77/41810222.jpeg,Bitcoin Faces Significant Pullback: Analyzing Market Trends and Future Outlook,https://en.coinotag.com/breakingnews/bitcoin-faces-significant-pullback-analyzing-market-trends-and-future-outlook/,"According to a recent report from Bitfinex, Bitcoin’s value has been on a steady decline since reaching a record high of $109,590 on January 20th. The cryptocurrency hit its lowest",BTC,EN,0,0,BTC|MARKET|EXCHANGE,"{'name': 'CoinOtag', 'img': 'https://resources.cryptocompare.com/news/77/default.png', 'lang': 'EN'}",coinotag,2025-03-17 13:26:59
20,41810538,https://www.cryptopolitan.com/?p=694357,1742217922,https://resources.cryptocompare.com/news/43/41810538.jpeg,President Trump says he will impose both reciprocal tariffs and additional sectoral tariffs on April 2,https://www.cryptopolitan.com/trump-reciprocal-tariffs-on-april-2/,"President Trump said that both reciprocal and sectoral tariffs will take effect on April 2, alongside new duties on vehicles. He also reaffirmed that tariffs on U.S. steel and aluminum will move forward with no exemptions. Trump confirmed that the reciprocal and sectoral tariffs, starting at the beginning of next month, will target trading partners, including China and India. According to reporters aboard Air Force One, he ruled out exemptions on steel and aluminum tariffs. The proposed tariff measures aim to address trade imbalances by imposing duties equivalent to those levied on U.S. exports. Trump previously said that his administration was preparing what he dubbed reciprocal tariffs — which would hit imports from each country with a tariff rate determined based on a calculation incorporating its own tariff and non-tariff barriers. According to Bloomberg, the remarks signaled that Trump plans to press ahead with a more aggressive tariff regime despite initial moves “roiling financial markets and straining alliances.” Trump says tariffs will apply to friends and foes alike without exemption Yahoo Finance reported that President Trump’s tariffs are reshaping U.S. trade policy and overhauling decades of free-trade agreements with friends and foes alike. Trump said he would impose broad reciprocal and sector-specific tariffs starting early next month. He also told reporters aboard Air Force One that both types of levies would be placed on foreign goods imported to the U.S. According to Trump, April 2 is going to be a liberating day for the U.S. because the country will be “getting back some of the wealth that very, very foolish presidents gave away because they had no clue what they were doing.” The president also said he wants to prepare key U.S. industries, including automobiles, steel, aluminum, microprocessors, and pharmaceuticals. However, whether sectoral tariffs will be incorporated into or added to the reciprocal tariff regime remains unclear. “They charge us, and we charge them. Then, in addition to that, on autos, on steel, on aluminum, we’re going to have some additional tariffs.” ~ President Donald J. Trump Trump’s administration imposed 25% tariffs on all steel and aluminum imports on Wednesday last week, impacting Europe, along with Canada, Mexico, and others. However, the president subsequently offered a one-month extension for goods compliant with the North American ‘USMCA’ trade deal negotiated during his first term. Trump has also said Canadian energy and potash, a key fertilizer, would only be hit with a 10% tax. The European Union (EU) retaliated with targeted levies on U.S. goods starting in April, and Canada also responded with retaliatory tariffs. Trump promises tariffs will make America rich again Trump promised to usher in a “golden age of America” through a combination of tariffs, tax cuts, government regulations, and spending trimming. He boasted that America’s momentum, spirit, pride, and confidence were all back a few weeks into the second term of his presidency. New tariffs on goods from America’s largest trading partners, Mexico, Canada and China – countries that account for about 40% of US exports and 42% of imports – took effect on the same day as the announcement. The president argued that tariffs were about making America rich again and great again. He added that the measures were necessary to restore fairness in trade, restart industrialization, create jobs, and help achieve geopolitical goals. Trump criticized countries like the European Union, China, Brazil, and India for imposing higher tariffs on American goods, deeming the current system unfair. However, Investing.com noted that the impending tariffs had sparked global concerns about escalating trade tensions and potential retaliatory measures from affected nations. Trump spoke of big gains from tariffs, saying a $1.7 trillion manufacturing revival was underway, and it paved the way for large foreign investments that would otherwise not have landed in the United States. Cryptopolitan Academy: Coming Soon - A New Way to Earn Passive Income with DeFi in 2025. Learn More",Economy|CAD|CNY|EU|INR|USD,EN,0,0,REGULATION|ASIA|TRADING|MARKET,"{'name': 'Cryptopolitan', 'img': 'https://images.cryptocompare.com/news/default/cryptopolitan.png', 'lang': 'EN'}",cryptopolitan,2025-03-17 13:25:22
21,41810182,https://cryptodaily.co.uk/2025/03/uniswap-uni-dominates-dex-volume-surge-could-binofi-binos-002-hybrid-model-steal-its-crown,1742217859,https://resources.cryptocompare.com/news/75/41810182.jpeg,Uniswap (UNI) Dominates DEX Volume Surge—Could BinoFi (BINO)’s $0.02 Hybrid Model Steal Its Crown?,https://cryptodaily.co.uk/2025/03/uniswap-uni-dominates-dex-volume-surge-could-binofi-binos-002-hybrid-model-steal-its-crown,"Uniswap (UNI), the trailblazer in decentralized exchanges (DEX), continues to assert its dominance, recording a $442 million daily trading volume on its Version 3 (V3) platform. The platform, which accounts for over 46% of all DEX market activity, stands as a testament to the power of Ethereum-based protocols and automated market maker (AMM) technology. Launched in 2018, Uniswap was the first to popularize AMM models, allowing users to trade ERC-20 tokens directly through a peer-to-peer, decentralized system without the need for centralized intermediaries. The exchange has facilitated over $1 trillion in cumulative trading volume, a milestone that underscores its enduring influence in the DeFi space. Enter BinoFi (BINO): A Challenger with Hybrid Aspirations While Uniswap holds the throne, BinoFi (BINO) presents a fresh take on decentralized trading with its innovative hybrid CEX/DEX model . Offering what some are calling “next-generation DeFi,” BinoFi integrates centralized liquidity with decentralized transparency, aiming to bridge gaps in the crypto trading ecosystem. Why BinoFi Could Be a Contender BinoFi enters the market with features designed to outpace existing DEX frameworks, including: Hybrid CEX/DEX Infrastructure: By combining the speed and scalability of centralized exchanges with the security and autonomy of decentralized platforms, BinoFi offers unparalleled trading flexibility. Cross-Chain Trading Without Bridges: Unlike Uniswap, which is confined to Ethereum and Layer-2 networks, BinoFi facilitates seamless trades across major chains like Binance Smart Chain and Solana, eliminating the need for unreliable token bridges. AI-Driven Tools: Advanced analytics and automated systems give users the tools to maximize trading efficiency, whether they're engaged in market making or participating in DeFi yield strategies. “BinoFi isn’t just another DeFi protocol; it’s a reimagining of how trading ecosystems can function by prioritizing accessibility and scalability,” said a blockchain ecosystem strategist. $BINO Presale Captures Investor Attention At the core of BinoFi’s budding ecosystem lies its native token, $BINO, currently in its presale phase . The presale offers tokens at just $0.02, considerably undervalued compared to the anticipated listing price of $0.30. Presale Highlights Current Price: $0.02 per token, making it an attractive entry point for early investors. Projected Gains: A staggering 1,400% potential gain, should the BINO token achieve its listing price. Presale Progress: Over 40% of allocated tokens for the 1st phase have already been subscribed, underscoring growing confidence in the platform. Investors participating in the presale have the advantage of securing a significant stake in what many analysts believe could disrupt the DeFi landscape. With an initial market cap designed to foster sustainable growth, $BINO is positioned as a high-upside asset for 2025 and beyond. Could BinoFi Unseat Uniswap’s Crown? While Uniswap has built an enviable lead in the DEX domain, BinoFi’s unique hybrid model offers the potential to challenge this dominance. The ease of cross-chain trading and cutting-edge AI technology could attract both retail and institutional users looking for broader capabilities and lower fees. Experts believe that if BinoFi successfully addresses the scalability issues that remain a pain point for Uniswap, it could become a go-to platform for developers and traders alike. Final Thoughts Uniswap’s dominance reflects its pioneering role in the decentralized finance revolution. Yet, the emergence of competitors like BinoFi signals a shift toward hybrid, interoperable solutions that cater to evolving user needs. With $BINO tokens projected to deliver massive gains, BinoFi is emerging as not only a competitor but also a serious contender for reshaping how decentralized exchanges operate. Whether it ultimately steals the crown from Uniswap remains to be seen, but one thing is certain: the race for DeFi leadership is far from over. Website: https://binofi.com Whitepaper: https://whitepaper.binofi.com Giveaway: https://giveaway.binofi.com Telegram: https://t.me/binofilabs Twitter: https://x.com/Binoficom CoinMarketCap: https://coinmarketcap.com/currencies/binofi/ Disclaimer: This is a sponsored press release and is for informational purposes only. It does not reflect the views of Crypto Daily, nor is it intended to be used as legal, tax, investment, or financial advice.",More News,EN,0,0,UNI|TRADING|MARKET|SPONSORED|BUSINESS,"{'name': 'Crypto Daily', 'img': 'https://resources.cryptocompare.com/news/75/default.png', 'lang': 'EN'}",cryptodaily,2025-03-17 13:24:19
22,41810033,https://bitcoinmagazine.com/?p=41475,1742217797,https://images.cryptocompare.com/news/default/bitcoinmagazine.png,South Korea Dismisses Establishing Strategic Bitcoin Reserve,https://bitcoinmagazine.com/news/south-korea-dismisses-establishing-strategic-bitcoin-reserve,"Bitcoin Magazine South Korea Dismisses Establishing Strategic Bitcoin Reserve The Bank of Korea (BOK) has dismissed the possibility of establishing a strategic bitcoin reserve, citing concerns over price volatility and risks. This comes despite ongoing global discussions about using bitcoin as part of foreign exchange reserves following the United States plans to create a reserve. JUST IN: South Korea’s central bank dismisses establishing a Strategic #Bitcoin Reserve Says its “price volatility is very high” pic.twitter.com/CppD3nvC52 — Bitcoin Magazine (@BitcoinMagazine) March 17, 2025 In response to an inquiry from a member of the National Assembly’s Strategy and Finance Committee, the central bank rejected adding bitcoin to its reserves. BOK officials emphasized bitcoin’s wild price swings as a key deterrent, stating that transaction costs to convert bitcoin to cash “could rise drastically” if the market experiences instability. As of March 17th, bitcoin trades around $83,500, having fallen 23% from its peak of $108,000 in January. The BOK warned that this extreme volatility poses significant risks to its reserves. The bank also indicated that bitcoin fails to meet the International Monetary Fund’s (IMF) criteria for reserve assets. The IMF calls for prudent management of liquidity, market, and credit risks for reserves – standards bitcoin does not currently satisfy in the eyes of the BOK. This latest stance marks the first time the South Korean central bank has directly addressed the possibility of using bitcoin as a reserve asset . It emphasized a “cautious approach” regarding bitcoin. The dismissal of a strategic bitcoin reserve comes despite growing attention on crypto’s potential role in reserves globally. Earlier in March, U.S. President Donald Trump signed an executive order to establish a strategic bitcoin reserve. This fueled discussions in South Korea and other Asian nations about following suit. This post South Korea Dismisses Establishing Strategic Bitcoin Reserve first appeared on Bitcoin Magazine and is written by Vivek Sen Bitcoin .",NEWS|central bank|South korea|Strategic Bitcoin Reserve,EN,0,0,BTC|FIAT|ASIA|TRADING|MARKET,"{'name': 'Bitcoin Magazine', 'img': 'https://images.cryptocompare.com/news/default/bitcoinmagazine.png', 'lang': 'EN'}",bitcoinmagazine,2025-03-17 13:23:17
23,41810013,https://en.coinotag.com/yzi-labs-invests-in-plume-network-potentially-enhancing-integration-of-real-world-assets-in-blockchain-finance/,1742217722,https://resources.cryptocompare.com/news/77/default.png,"YZi Labs Invests in Plume Network, Potentially Enhancing Integration of Real-World Assets in Blockchain Finance",https://en.coinotag.com/yzi-labs-invests-in-plume-network-potentially-enhancing-integration-of-real-world-assets-in-blockchain-finance/,"YZi Labs’ recent investment in Plume Network signifies a pivotal advancement, merging traditional finance with blockchain for real-world asset integration. This partnership is set to enhance Plume’s EVM-compatible platform, which",Bitcoin|Blockchain|Ethereum|News|BTC|ETH,EN,0,0,BLOCKCHAIN|BTC|ETH,"{'name': 'CoinOtag', 'img': 'https://resources.cryptocompare.com/news/77/default.png', 'lang': 'EN'}",coinotag,2025-03-17 13:22:02
24,41810119,https://u.today/pancakeswap-cake-up-45-as-bnb-network-gets-massive-boost,1742217720,https://resources.cryptocompare.com/news/64/41810119.jpeg,PancakeSwap (CAKE) Up 45% as BNB Network Gets Massive Boost,https://u.today/pancakeswap-cake-up-45-as-bnb-network-gets-massive-boost,PancakeSwap (CAKE) up 45% as BNB network gets massive boost,Cake,EN,0,0,BNB|CAKE,"{'name': 'U.Today', 'img': 'https://images.cryptocompare.com/news/default/utoday.png', 'lang': 'EN'}",utoday,2025-03-17 13:22:00
25,41810032,682ecd71-bd59-4c7f-85dc-d857b6bb69d7,1742217646,https://resources.cryptocompare.com/news/5/41810032.jpeg,"Bitcoin, S&P 500 Take Backseat to Stagflation Trade as Trump Tariffs Threaten to Derail Growth",https://www.coindesk.com/markets/2025/03/17/bitcoin-s-and-p-500-take-backseat-to-stagflation-trade-this-year-as-trump-s-tariffs-threaten-to-derail-growth,"No one dared to speak about the potential for stagflation, the dreaded word representing portmanteau of stagnation and inflation, at the World Economic Forum in Davos early this year despite the looming Trump tariff and trade war. However, investors have acknowledged the s-word risk, leading to the outperformance of stagflation-linked strategies relative to the buy-and-hold bitcoin and the S&P 500. As of last week, Goldman Sachs' ""stagflation basket,"" which bets on strength in commodities and defensive plays like health care and shorts on the consumer discretionary, semiconductors and unprofitable tech stocks, was up nearly 20% for the year.. The S&P 500, Wall Street's benchmark equity index, has dropped 4% this year, with bitcoin, the leading cryptocurrency by market value, down 10%, per data source TradingView and CoinDesk . The International Monetary Fund defines stagflation as a situation where high inflation coincides with economic stagnation, high unemployment and a general decline in economic activity. ""It does seem like stock and bond prices are adjusting for lower growth and higher inflation [stagflation] - although, there are other factors at work here - healthcare, for instance, is most likely benefitting from the promise of deregulation offsetting direct funding cuts,"" Noelle Acheson, author of the Crypto Is Macro Now newsletter, told CoinDesk. Stagflation murmurs have been heard since early 2022, but markets have begun pricing the same this year, mainly due to Trump's tariffs and the escalating trade tensions. Forward-looking inflation metrics like two-year and five-year swaps rose to multi-year highs, a sign of fears of a trade war making consumption pricier. Meanwhile, a key section of the Treasury market yield curve recently flipped into inversion, signaling a recession ahead. Several real-time GDP trackers, like the Atlanta Fed's GDP, have signaled a sharp contraction in economic activity. BTC failed as digital gold? A potential stagflation is perfect situation for assets with perceived store of value appeals such as bitcoin to shine. Note that gold has gained 13% this year. However, the bull case in the cryptocurrency propounded by its holders for years hasn't materialized. In fact, BTC's correlation with U.S. stocks has strengthened over the past few weeks. That does not necessarily mean BTC is no longer a safe haven, according to Noelle Acheson, author of the popular Crypto Is Macro Now newsletter. ""BTC is short-term a risk asset with prices set by the last short-term trade - long-term, it's a safe haven given its verifiable hard cap and global utility - these days, the market is in a risk-off mood, so macro portfolios are lightening positions, and we have yet to see the new inflows necessary to get the next leg of its run going - this could take some time, as uncertainty is high for both professional investors and retail,"" Acheson noted. She explained that tailwinds remain intact and once the market adjusts to the new economic landscape, inflows into the crypto market will likely resume. ""The tailwinds remain intact, with education spreading, new institutional services coming online and jurisdictions around the world drawing up regulatory frameworks that institutions will be comfortable with (and through them, mainstream retail),"" Acheson said. Stagflation mispricing Markus Thielen, founder of 10x Research , offered a slightly different take, saying the market is wrong in reading the situation as stagflation. ""What we’re likely seeing is a front-loading of tariff impacts, driving a temporary spike in commodity demand that should fade in the coming months. Additionally, uncertainty surrounding DOGE is weighing on growth expectations,"" Thielen told CoinDesk. He added that a potential dovish tone from the Fed later this week could revive a bullish mood in risk assets, including BTC. Last week, Trump halted a plan to double U.S. tariffs on Canadian steel and metal imports to 50%. The Fed is set to announce its rate review on Wednesday. ""Recent comments from Trump suggesting a potential softening of aggressive trade policies combined with a possible mildly dovish tone from the Fed this week could set the stage for a rebound in growth-oriented assets. Historically, betting on prolonged stagflation has rarely been a winning strategy over the past 40 years,"" Thielen noted.",Markets|Bitcoin|Stagflation|Markets|Gold,EN,0,0,BTC|MARKET|FIAT|BUSINESS|ZRX,"{'name': 'CoinDesk', 'img': 'https://images.cryptocompare.com/news/default/coindesk.png', 'lang': 'EN'}",coindesk,2025-03-17 13:20:46
26,41810030,https://cryptodaily.co.uk/2025/03/are-the-ripple-xrp-and-cardano-ada-pumps-a-distraction-this-altcoin-will-be-the-real-star-of-2025-with-a-guaranteed-100-price-growth,1742217549,https://resources.cryptocompare.com/news/75/41810030.jpeg,Are the Ripple (XRP) and Cardano (ADA) Pumps a Distraction? This Altcoin Will Be the Real Star of 2025 With a Guaranteed 100% Price Growth,https://cryptodaily.co.uk/2025/03/are-the-ripple-xrp-and-cardano-ada-pumps-a-distraction-this-altcoin-will-be-the-real-star-of-2025-with-a-guaranteed-100-price-growth,"The Ripple price and the ADA price have both seen increases recently after Donald Trump announced they will be members of the US crypto reserve. Even prominent market experts like John Squire and Coinvo have made some bold price predictions for these top 10 altcoins. Nonetheless, those interested in XRP and ADA may miss the bigger opportunity— DTX Exchange (DTX) . This phase ten presale star has already surged by 800% and will see another 100% growth once a Tier-1 crypto exchange like Uniswap lists it soon. In other words, it guarantees a 2x return while the XRP and ADA value jumps are uncertain. DTX Exchange (DTX) Expected To Skyrocket by 2x Soon As the Ripple price and the ADA price show green charts, DTX Exchange (DTX) is also gaining some attention. This is because of its amazing crypto ICO event performance, which has rewarded early buyers with an 800% return. It has also managed to raise over $15M and may hit $16M before this week ends. These numbers are projected to increase as a Tier-1 CEX listing will pump its value by another 100%. Speaking of listings, CoinMarketCap recently listed this altcoin. This opened the doors for millions of new eyes on DTX. DTX will power the DTX Exchange platform - a recently launched hybrid trading platform that has also made headlines. It redefines online trading by letting traders access over 120K asset classes like bonds and crypto coins in total privacy thanks to no sign-up KYC checks. Thus, DTX Exchange could become a fan-favorite for millions. DTX is worth just $0.18. This is an 800% rise from its starting price of $0.02. This altcoin price will jump by another 100% to $0.36 after a Tier-1 CEX lists it. Those who want to capitalize on this growth, as well as get governance voting rights and trading fee discounts, are now rushing to buy DTX before its value skyrockets. This 2x price jump may be the tip of the iceberg since DTX could follow the same trajectory as other exchange tokens like BNB. John Squire: The Ripple Price Will Surpass Bitcoin Ripple (XRP) is one of the best altcoins at the moment. CoinMarketCap shows that the Ripple price increased over 15% in the past week alone. During that time, its value moved from around $2.20 to over $2.60. Market expert John Squire thinks this bullish trend for Ripple (XRP) may continue. According to his X post, this altcoin is bound to see a price surge. He foresees the Ripple price surpassing Bitcoin. However, many traders are still skeptical about this Ripple price prediction. With its high market cap of around $150B, the Ripple price needs a lot of new funds rolling in for a noteworthy pump. Crypto coins like DTX will not face this issue. Analyst Claims the ADA Price Is Bound To Go Parabolic Cardano (ADA) also sees some green price charts as Donald Trump mentioned its name. On the one-week chart, the ADA price has increased from around $0.65 to over $0.95. In other words, over a 40% jump in just a few short days as per CoinMarketCap. This increase may not end soon, as analyst Coinvo remains bullish for Cardano (ADA). In a recent X post, Coinvo said that the ADA price is bound to go parabolic, as Trump mentioned it. He foresees the ADA price soaring to $10.50. While this Cardano price prediction has turned some heads, many traders are focusing on DTX more. The ADA price has already surged over 30% on the YTD chart. Therefore, its highest upswings may have passed. What Makes DTX Exchange (DTX) Stand Out From Ripple (XRP) and Cardano (ADA)? While the Ripple price and the ADA price could continue their upward trajectory, DTX Exchange (DTX) stands out. This altcoin will see a guaranteed 2x price pump overnight once a top-tier exchange lists it. Meanwhile, XRP and ADA are not surefire bets. Not only that, DTX has a smaller market cap than both these crypto coins, ensuring faster price growth with less money. Therefore, countless traders rush to buy it and capitalize on its growth potential. Find out more information about DTX Exchange (DTX) by visiting the links below: Buy Presale Visit DTX Website Join The DTX Community Disclaimer: This is a sponsored press release and is for informational purposes only. It does not reflect the views of Crypto Daily, nor is it intended to be used as legal, tax, investment, or financial advice.",More News,EN,0,0,TRADING|ADA|EXCHANGE|ALTCOIN|XRP,"{'name': 'Crypto Daily', 'img': 'https://resources.cryptocompare.com/news/75/default.png', 'lang': 'EN'}",cryptodaily,2025-03-17 13:19:09
27,41809923,https://en.coinotag.com/breakingnews/surpass-99-of-crypto-participants-why-holding-bitcoin-is-the-key-to-success/,1742217509,https://resources.cryptocompare.com/news/77/41809923.jpeg,Surpass 99% of Crypto Participants: Why Holding Bitcoin is the Key to Success,https://en.coinotag.com/breakingnews/surpass-99-of-crypto-participants-why-holding-bitcoin-is-the-key-to-success/,"On March 17th, COINOTAG News reported insights from cryptocurrency analyst Emperor, who highlighted that the **barrier to entry** in the crypto sector is notably low. He posited that the landscape",BTC,EN,0,0,BTC,"{'name': 'CoinOtag', 'img': 'https://resources.cryptocompare.com/news/77/default.png', 'lang': 'EN'}",coinotag,2025-03-17 13:18:29
28,41809886,64b5d99f-2b8c-40e3-88a8-4e1ad58a23a0,1742217504,https://resources.cryptocompare.com/news/5/41809886.jpeg,"Ether in Structural Decline, Year-End Price Target Slashed to $4K: Standard Chartered",https://www.coindesk.com/markets/2025/03/17/ether-in-structural-decline-year-end-price-target-slashed-to-usd4k-standard-chartered,"Ether's (ETH) structural decline is expected to continue, investment bank Standard Chartered (STAN) said in a research report Monday slashing its 2025 year-end price target for the world's second largest cryptocurrency. Standard Chartered said it now sees ether at $4,000 at the end of the year, down from $10,000 previously. Ether was trading around $1,903 at publication time. ""Ether is at a crossroads,"" the report said, and while it ""still dominates on several metrics,"" this dominance has been falling for some time. Layer 2 blockchains were meant to improve scalability on the Ethereum blockchain, but Standard Chartered estimates that Coinbase's (COIN) Base has reduced ether's market cap by $50 billion, and said it expects this trend to continue. Market forces could eventually stop this structural decline, ""especially if tokenized real-world assets were to grow significantly,"" as ""ETH's security dominance means it should maintain its 80% share of this market,"" wrote Geoff Kendrick, head of digital assets research at Standard Chartered. Still, ""Only a proactive change of commercial direction from the Ethereum Foundation – such as taxing layer 2s – could achieve that now,"" which the bank said was unlikely. Standard Chartered said its expects the ETH/BTC ratio to decline to 0.015 by year-end 2027, the lowest level since 2017. The bank still sees a recovery in the ether price from the current level around $1,900, as a rally in bitcoin (BTC) is expected to lift all digital assets, but the cryptocurrency's underperformance will continue. Read more: Ether Has Underperformed, but Total Value Locked on Ethereum Is Rising: Citi",Markets|Ether|Ethereum|Standard Chartered Bank|Analysts,EN,0,0,TRADING|ETH|MARKET|FIAT|BTC,"{'name': 'CoinDesk', 'img': 'https://images.cryptocompare.com/news/default/coindesk.png', 'lang': 'EN'}",coindesk,2025-03-17 13:18:24
29,41809963,https://u.today/dogecoin-doge-forms-very-rare-death-cross-versus-bitcoin,1742217480,https://resources.cryptocompare.com/news/64/41809963.jpeg,Dogecoin (DOGE) Forms Very Rare Death Cross Versus Bitcoin,https://u.today/dogecoin-doge-forms-very-rare-death-cross-versus-bitcoin,"Death cross stuns Dogecoin (DOGE) versus Bitcoin (BTC), but is major meme coin doomed?",Dogecoin,EN,0,0,DOGE|BTC,"{'name': 'U.Today', 'img': 'https://images.cryptocompare.com/news/default/utoday.png', 'lang': 'EN'}",utoday,2025-03-17 13:18:00
30,41809847,https://coinpedia.org/?p=432784,1742217447,https://images.cryptocompare.com/news/default/coinpedia.png,"Ethereum Price Based On Bitcoin, Experts Dissects Why This New Web3 Crypto is Going Again the Grain?",https://coinpedia.org/sponsored/experts-dissects-why-this-new-web3-crypto-is-going-again-the-grain/,"The post Ethereum Price Based On Bitcoin, Experts Dissects Why This New Web3 Crypto is Going Again the Grain? appeared first on Coinpedia Fintech News As Ethereum (ETH) continues to struggle with fluctuations in its price, which has been influenced by various factors including Bitcoin (BTC)’s ongoing dominance, DeFi’s growth, and external market events, investors are increasingly looking for alternatives that offer a different kind of potential. One such alternative is Coldware (COLD) , a rising Layer 1 Web3 cryptocurrency that could be poised to challenge Ethereum’s dominance in the market. The Emergence of Coldware (COLD) as a New Web3 Solution Coldware (COLD) offers a promising new approach to blockchain technology, built on a Layer 1 protocol designed for Web3. By focusing on IoT integration and providing low-fee transactions with high scalability, Coldware (COLD) could provide the solutions that Ethereum (ETH) struggles to achieve. While Ethereum (ETH) is tied to smart contracts and DeFi, Coldware (COLD) is opening up a new frontier by focusing on real-world applications, making it a potentially disruptive force in the blockchain space. With its Layer 1 technology and growing presence, Coldware (COLD) is drawing attention from investors and developers who are looking for a blockchain solution that is not only efficient but also scalable. As Coldware (COLD) approaches the final stages of its presale, it is gaining ground with those who feel that Ethereum’s (ETH) current limitations are hindering future blockchain advancements. Ethereum’s Price and the Future of DeFi Since its meteoric rise in 2021, Ethereum (ETH) has been deeply intertwined with the DeFi (Decentralized Finance) sector. Ethereum’s (ETH) technical advancements, such as the Berlin update and the Ethereum Merge, aimed at reducing transaction fees and improving scalability, drew a lot of interest. However, Ethereum’s (ETH) journey has not been without obstacles. In late 2022, Ethereum (ETH) faced a massive price dip, exacerbated by the collapse of FTX, which caused the coin to significantly drop from its high of $4,400 to $1,937.39 by March 2025. Despite these setbacks, Ethereum (ETH) continues to be at the heart of the NFT and DeFi movements. It facilitates everything from decentralized lending to NFTs, but it has faced increasing scalability issues and high transaction costs. These factors have led investors to question whether Ethereum (ETH) can continue to lead the pack, or if new players, like Coldware (COLD), will take its place. Could Coldware (COLD) Be the Next Big Thing? While Ethereum (ETH) remains crucial in the current blockchain ecosystem, its slow pace of scalability improvements and high transaction costs may drive users and investors toward more scalable alternatives. Coldware (COLD)’s growing popularity, paired with its real-world use cases, suggests that it could be the new face of Web3 technology. Investors looking for something beyond the traditional DeFi model might find Coldware (COLD) to be the next big opportunity. Conclusion: Ethereum’s Struggles and Coldware’s Potential As Ethereum (ETH) continues to face challenges, Coldware (COLD) offers a new, forward-thinking solution for the next phase of blockchain development. While Ethereum (ETH) remains a major player in the blockchain space, its struggles with scalability and costs may leave the door open for Coldware (COLD) to emerge as the next big blockchain revolution. Coldware’s (COLD) focus on IoT, low transaction fees, and scalability positions it to take advantage of the weaknesses in Ethereum’s (ETH) current infrastructure, making it an attractive option for the next wave of blockchain innovation. As Bitcoin (BTC) shows signs of resistance at $84,400, and with Ethereum (ETH)facing challenges, Coldware (COLD) could rise to meet the demand for a more scalable and efficient blockchain solution in the Web3 space. For more information on the Coldware (COLD) Presale: Visit Coldware (COLD) Join and become a community member: https://t.me/coldwarenetwork https://twitter.com/ColdwareNetwork",Sponsored,EN,0,0,ETH|BLOCKCHAIN|TRADING|BTC|BUSINESS,"{'name': 'coinpedia', 'img': 'https://images.cryptocompare.com/news/default/coinpedia.png', 'lang': 'EN'}",coinpedia,2025-03-17 13:17:27
31,41809767,https://en.bitcoinsistemi.com/bitcoin-exchange-binance-announces-listing-of-two-altcoin-trading-pairs-in-margin-trading-here-are-the-details/,1742217369,https://resources.cryptocompare.com/news/81/41809767.jpeg,Bitcoin Exchange Binance Announces Listing of Two Altcoin Trading Pairs in Margin Trading! Here Are the Details,https://en.bitcoinsistemi.com/bitcoin-exchange-binance-announces-listing-of-two-altcoin-trading-pairs-in-margin-trading-here-are-the-details/,"Binance Futures is expanding its trading offerings with the launch of two new USDⓈ-margined perpetual contracts, BMTUSDT and MUBARAKUSDT, with up to 25x leverage. Binance Futures Introduces BMTUSDT and MUBARAKUSDT Perpetual Contracts with Up to 25x Leverage Start Schedule: BMTUSDT Perpetual Contract – March 17, 2025, 16:30 MUBARAKUSDT Perpetual Contract – March 17, 2025, 16:45 These contracts will be available under the Binance Alpha Market, where Bubblemaps (BMT) and Mubarak (MUBARAK) are already listed. Basic Contract Details: Maximum funding rate at launch: +2.00% / -2.00% Funding fee payment frequency: Every four hours The availability of high-leverage perpetual contracts allows traders to maximize their exposure to these assets while managing their risk through Binance’s advanced risk management features. As Binance continues to expand its futures offerings, traders will have more opportunities to implement various trading strategies across an ever-increasing range of assets. *This is not investment advice. Continue Reading: Bitcoin Exchange Binance Announces Listing of Two Altcoin Trading Pairs in Margin Trading! Here Are the Details",Altcoin|Exchange|News,EN,0,0,EXCHANGE|TRADING|BNB|ALTCOIN|BTC,"{'name': 'BitcoinSistemi', 'img': 'https://resources.cryptocompare.com/news/81/default.png', 'lang': 'EN'}",bitcoinsistemi,2025-03-17 13:16:09
32,41809805,2bc80968-4778-4d92-acee-74b1e489e68d,1742217358,https://resources.cryptocompare.com/news/5/41809805.jpeg,"CoinDesk 20 Performance Update: Solana (SOL) Falls 3.9%, Leading Index Lower",https://www.coindesk.com/coindesk-indices/2025/03/17/coindesk-20-performance-update-solana-sol-falls-3-9-leading-index-lower,"CoinDesk Indices presents its daily market update, highlighting the performance of leaders and laggards in the CoinDesk 20 Index . The CoinDesk 20 is currently trading at 2627.46, down 1.3% (-35.83) since 4 p.m. ET on Friday. Eight of 20 assets are trading higher. Leaders: DOT (+4.4%) and APT (+3.1%). Laggards: SOL (-3.9%) and SUI (-3.2%). The CoinDesk 20 is a broad-based index traded on multiple platforms in several regions globally.",CoinDesk Indices|CoinDesk Indices|CoinDesk 20|charts|Prices,EN,0,0,MARKET|SOL|TRADING|APT|DOT,"{'name': 'CoinDesk', 'img': 'https://images.cryptocompare.com/news/default/coindesk.png', 'lang': 'EN'}",coindesk,2025-03-17 13:15:58
33,41809809,https://www.newsbtc.com/?p=713406,1742217357,https://resources.cryptocompare.com/news/21/41809809.jpeg,Best Meme Coins to Buy as Whale Activity Suggests Changing Tides – From $BTC to Tokens Like $MELANIA,https://www.newsbtc.com/news/best-meme-coins-to-buy-whale-activity-suggests-changing-tides-from-btc-to-tokens-like-melania/,"The best meme coins and Bitcoin price action collided in dramatic fashion this weekend. A crypto whale trader on Hyperliquid opened a short position on Bitcoin worth $445M using 40x leverage with a liquidation price of $86K. This bold move came just as Bitcoin’s price was holding steady around the $84K mark. Market participants were quick to launch a coordinated bull hunt after noticing this open position. A trader named CBB led the charge, and bulls were able to push the $BTC price to $84,690. This forced the short trader to deposit $5M $USDC to avoid liquidation. However, the hunt ultimately fizzled as $BTC prices dipped further. Bitcoin is currently trading at $83,358 . Interestingly, the trader had also opened a long position on $MELANIA with a 5x leverage. $MELANIA, by the way, is the proprietary token of Melania Trump, the first lady of the United States. A Change in Trend to Meme Coins? A crypto whale punching in such a trade is no coincidence. It’s also not a freak trade. It hints at the changing crypto market sentiments, which seem to be slowly shifting towards altcoins and meme coins. Bitcoin has fallen around 30% from its all-time high of $110K in the last 6 weeks. $ETH has also seen a significant decline of 50% as prices have dipped below the $2K mark. While some see this as a good opportunity to add these digital assets at low prices, others are moving towards trending cryptos like $MELANIA and $BROCCOLI. $BROCCOLI, for instance, made well over 1,000% for early investors, and that, too, in just a few days after its launch. All of this goes to show the increasing meme coin hype, which has picked up significant heat after the appointment of Trump as the president. Surely, we all remember $TRUMP, right? Overall, the broader meme coin market looks bullish with a lot of positives – pro-crypto regulations, legislative support, and a market condition shift. If you’re also looking to make the most of these conditions, here are the best meme coins to invest in right now. 1. BTC Bull Token ($BTCBULL) – Best Meme Coin to Buy In 2025 The above is proof that even institutional investors are embracing meme coins. They boast mind-boggling profit potential, after all. BTC Bull Token ($BTCBULL) is a top new meme coin causing a stir in the crypto market. That’s because it’s the first-ever project to offer token holders free $BTC. Once Bitcoin breaks out of its recent slump and reaches new highs ($150K, $200K, and $250K, to be precise), $BTCBULL holders will receive Bitcoin via airdrops directly into their Best Wallet . It’s also worth noting that the BTC Bull Token team plans to shave off a part of the total token supply every time Bitcoin’s price increases by $25K. This could be a strategic masterstroke, seeing as it would contract the supply and, therefore, potentially increase the token’s demand – and, ultimately, its price. If you’re interested in buying the best Bitcoin meme coin, all you have to currently pay for each token is $0.002415. The project has so far raised $3.7M, stamping its authority as one of the best crypto presales . Here’s our guide on how to buy $BTCBULL if you’re interested. 2. Meme Index ($MEMEX) – Top New Token Redefining Meme Coin Investing Using up your entire investment capital to buy only a couple of meme coins might not be the best approach. However, HODLing every single meme coin that comes across your table could be equally disastrous. If you’re struggling to make a proper plan of action as far as meme coin investing is concerned, Meme Index ($MEMEX) is just for you. It’s a revolutionary crypto project that will launch the first meme indexes in the world. There will be a total of four meme coin baskets: Meme Titan Index, Meme Moonshot Index, Meme Midcap Index, and Meme Frenzy Index. Each of them differs in volatility and upside/downside potential. So, depending on your risk tolerance and desire for profits, you can choose one or more meme coin indexes. Additionally, $MEMEX is also the perfect meme coin for investors looking to earn a few extra bucks through staking. Even though the project’s presale has been live for a few months now, it’s still offering a 562% APY. So far, the presale has raised over $4M. If you want to join the $MEMEX movement and buy Meme Index , each token is currently selling for just $0.0166883. 3. OFFICIAL TRUMP ($TRUMP) – Best PolitiFi Meme Coin to Buy Right Now If you want a glimpse into just how wildly volatile meme coins can be, there could hardly be a better example than OFFICIAL TRUMP . $TRUMP, as the name suggests, is Donald Trump’s official meme coin launched on January 17, 2025. To say that it took the crypto market by storm would be an understatement, as the token rose by over 12,000% in only a few hours. Both institutional and retail investors flocked to purchase $TRUMP, which quickly became a symbol of the promise made by Donald Trump to back the crypto markets. Although Trump’s new pro-crypto regulatory changes have undoubtedly breathed new life into crypto, his recent tariff announcements affected not only the larger crypto market but also $TRUMP. As a result of a steady downfall, $TRUMP is now trading at $11.46 , where it was once priced at over $75. That said, we believe that a renewed interest in $MELANIA could also boost $TRUMP’s price. Another reason it’s one of the best cheap cryptos to buy now is that Trump’s support for crypto won’t subside – but the tariff shockwaves will eventually settle down. When (and not if) the crypto market reverses, don’t be surprised if $TRUMP shines through. Conclusion Meme coins can be extremely profitable investments, but unlike traditional assets, they’re a lot more volatile and hardly ever follow a steady curve. So, you must brace yourselves for violent fluctuations, as well as only invest an amount you don’t mind losing. As always, kindly do your own research before investing. This, or any other article of ours, isn’t financial advice.",Cryptocurrency Market News,EN,0,0,BTC|MARKET|TRADING|BUSINESS|ZRX,"{'name': 'NewsBTC', 'img': 'https://images.cryptocompare.com/news/default/newsbtc.png', 'lang': 'EN'}",newsbtc,2025-03-17 13:15:57
34,41809648,https://cryptopotato.com/?p=387676,1742217167,https://resources.cryptocompare.com/news/27/41809648.jpeg,Shiba Inu’s Shytoshi Kusama Vanishes from X: The Calm Before the Storm?,https://cryptopotato.com/shiba-inus-shytoshi-kusama-vanishes-from-x-the-calm-before-the-storm/,"TL;DR SHIB’s former lead developer hasn’t posted on X since March 7, leaving some puzzled, though Shibarium’s marketing strategist reassures that Kusama is simply focused on ambassadorial duties. Many SHIB proponents remain optimistic, expecting major partnerships or developments once Kusama resurfaces. Kusama Disappears Over the past few years, Shytoshi Kusama – the pseudonymous former lead developer and strategist behind the popular meme coin Shiba Inu (SHIB) – has been very active on X, often giving information about the project’s progress, partnerships, or other developments. However, they have been suspiciously quiet lately. The last time the developer interacted on X was on March 7, reposting Astra Nova’s dive into the world of AI entertainment. While some community members were left baffled about Kusama’s absence on the social media platform, LUCIE (Shibarium’s marketing strategist) sees no drama. They reminded that the developer has become an ambassador of the project and “is doing exactly what he announced he would.” “I’m sure he will have a lot to talk about once he returns to socials,” LUCIE added. Most comments on the post were quite positive, with some users expecting “groundbreaking partnerships” for Shiba Inu once Kusama breaks their silence. ‘A New Role: Same Mask, Different Task’ Kusama disclosed their shift from a lead developer to an ambassador towards the end of January of this year. Back then , they explained that the transition occurred because “there is no more vision needed, only execution and communications.” “A new role: Same mask, different task. I will now be Shiba Inu lead ambassador (if you don’t mind). My job moving forward will be to guide projects interested in building with the 36 Chambers of Tech (rebranded to ShibOS simply because there are more than 36 now) and helping them implement global solutions at all levels with our technologies,” the announcement reads. Kusama’s statement was followed by a double-digit correction for Shiba Inu’s price. The valuation tumbled to around $0.000176 before quickly rebounding. Nonetheless, the spike was short-lived, and SHIB continued its downtrend in the following months. As of this writing, it trades at around $0.00001316, representing a 25% decline compared to the figure observed at the time of Kusama’s January disclosure. SHIB Price, Source: CoinGecko The post Shiba Inu’s Shytoshi Kusama Vanishes from X: The Calm Before the Storm? appeared first on CryptoPotato .",Crypto Bits|Crypto News|Shiba Inu (SHIB),EN,0,0,SHIB|TRADING,"{'name': 'Crypto Potato', 'img': 'https://images.cryptocompare.com/news/default/cryptopotato.png', 'lang': 'EN'}",cryptopotato,2025-03-17 13:12:47
35,41809710,https://en.bitcoinsistemi.com/just-in-binances-investment-arm-announces-new-altcoin-project-it-invested-in-price-started-to-rise/,1742217128,https://resources.cryptocompare.com/news/81/41809710.jpeg,"JUST IN!  Binance's Investment Arm Announces New Altcoin Project It Invested In, Price Started to Rise!",https://en.bitcoinsistemi.com/just-in-binances-investment-arm-announces-new-altcoin-project-it-invested-in-price-started-to-rise/,"YZi Labs, the investment arm of cryptocurrency exchange Binance, shared the project it recently invested in in its statement. Accordingly, YZi Labs announced that it has invested in Plume Network to bring Real World Assets to the chain and develop RWAfi. Plume Network is a fully integrated modular blockchain built specifically for Real World Assets (RWAs). Plume creates an EVM-compatible environment that not only enables the participation of diverse RWAs but also benefits them by connecting them into a composable RWAfi ecosystem. Plume’s mission is to create blockchain infrastructure tailored to both crypto-native users and institutions. After a successful testnet spanning over 18 million wallets and partnerships with over 180 protocols, Plume aims to not only bring the real world to the chain, but also unleash the full potential of RWAfi by bridging the gap between DeFi and traditional finance. “At YZi Labs, we invest in projects that leverage blockchain technology to create real-world impact, and Plume is a prime example of this; they bring real-world assets onto the chain to unlock new capital, expand access, and drive adoption. By making RWAs as frictionless as other digital assets, Plume bridges the gap between traditional finance and DeFi, paving the way for broader adoption. We’re excited to support them as they advance the RWAfi ecosystem,” said Max Coniglio, Chief Investment Officer at YZi Labs. Following the news, the PLUME price started to rise. https://t.co/vyUle5DT17 — YZi Labs (@yzilabs) March 17, 2025 *This is not investment advice. Continue Reading: JUST IN! Binance's Investment Arm Announces New Altcoin Project It Invested In, Price Started to Rise!",Altcoin|Analysis|News,EN,0,0,ALTCOIN|EXCHANGE|BNB|TRADING|BLOCKCHAIN,"{'name': 'BitcoinSistemi', 'img': 'https://resources.cryptocompare.com/news/81/default.png', 'lang': 'EN'}",bitcoinsistemi,2025-03-17 13:12:08
36,41809715,https://crypto.news/?p=14345978,1742217121,https://resources.cryptocompare.com/news/73/41809715.jpeg,Red alert: Ethereum price forms another risky pattern,https://crypto.news/red-alert-ethereum-price-forms-another-risky-pattern/,"Ethereum’s price remains in a deep bear market after plunging more than 53% from its November high. Ethereum ( ETH ) has crashed below the crucial support at $2,000, and is hovering near its lowest point since November 6. The ongoing crash happened as demand for the coin waned in Wall Street. All spot Ethereum ETFs have had outflows in the last three consecutive weeks, bringing the cumulative net inflow to $2.52 billion. Total assets have dropped to about $6.72 billion. Ethereum’s decline has also been fueled by growing fear in the crypto market. The closely watched crypto fear and greed index has dropped to the fear zone of 21. Bitcoin ( BTC ) and other altcoins tend to underperform when investor sentiment is weak. You might also like: Strategy expands Bitcoin holdings with $10.7m purchase The recent ETH token sales by Ethereum Foundation have not helped. Just last week, Harikrishnan Mulackal, an ex-engineer at the foundation, warned that Ethereum’s future was at risk without clear leadership . Ethereum network has continued to face substantial competition from other layer-1 chains like Solana ( SOL ) and BSC Chain. According to DeFi Llama, DEX protocols on Ethereum handled $1.012 billion in token volume on Monday, lower than BSC’s $1.63 billion and Solana’s $1.077 billion. Ethereum price has formed another risky pattern ETH price chart | Source: crypto.news The ongoing ETH price crash happened after it formed a triple-top pattern on the weekly chart. This pattern has three peaks and a neckline, which in this case, was at $2,126. Ethereum also formed a death cross on the daily chart when the 50-day and 200-day moving averages crossed on February 13. A death cross is considered one of the riskiest patterns in technical analysis. Now, ETH is slowly forming another bearish pattern — a pennant. This formation consists of a long vertical line followed by a symmetrical triangle. The triangle is nearing its confluence point, suggesting that a bearish breakdown could happen soon. Therefore, a drop below the year-to-date low of $1,757 could signal further declines to the psychological level of $1,500. A potential catalyst that may boost Ethereum’s price this week is the upcoming Federal Reserve interest rate decision on Wednesday. A dovish tone from the Fed could lift ETH and other cryptocurrencies. You might also like: CAKE price soars 15% as PancakeSwap overtakes Uniswap by daily trading volume",Markets|Ethereum|Price Analysis,EN,0,0,ETH|TRADING|MARKET|BTC|SOL,"{'name': 'crypto.news', 'img': 'https://resources.cryptocompare.com/news/73/default.png', 'lang': 'EN'}",crypto_news,2025-03-17 13:12:01
37,41809644,https://coingape.com/?post_type=markets&p=244429,1742217120,https://images.cryptocompare.com/news/default/coingape.png,Pepe Coin Price is Set to Explode; But Rexas Finance Might Be the Real Winner,https://coingape.com/markets/pepe-coin-price-is-set-to-explode-but-rexas-finance-might-be-the-real-winner/,"The crypto market is an ever-evolving ecosystem, where new opportunities emerge almost daily. Traders and investors are always on the lookout for the next potential breakout, and right now, two projects are making waves-Pepe Coin (PEPE) and Rexas Finance (RXS). While Pepe Coin price is gearing up for a major breakout, Rexas Finance is revolutionizing real-world asset (RWA) tokenization. Pepe Coin Price Inverse Head and Shoulders Pattern: A Bullish Signal? A popular full-time crypto trader, investor, and analyst Dylan (@DylanTillEth), highlights an intriguing technical pattern forming on Pepe Coin price chart. The analysis demonstrates that PEPE has developed an inverse head and shoulders pattern, a classic bullish reversal indicator. The price action suggests that whales are accumulating while the market stabilizes, creating a strong foundation for a potential surge. Source: @DylanTillEth Once Ethereum (ETH) gains momentum, many believe Pepe Coin is primed for a major breakout, pushing its value higher, thereby, making it as one of the best meme coins to buy right now. The resistance zone is being tested, and a successful breakout above this level could lead to a strong rally in the coming weeks. Currently trading at $0.000007017, PEPE price has declined slightly by 0.11% over the past 24 hours. Rexas Finance (RXS): Bridging the Gap Between Blockchain and Real-World Assets While traders eye Pepe Coin price action, another opportunity is brewing in the blockchain space- Rexas Finance (RXS). This innovative project is redefining how real-world assets interact with blockchain technology. With Rexas, users can tokenize real estate, art, commodities, intellectual property, and even decks of cards, enabling these assets to be traded on-chain. One of Rexas Finance’s biggest strengths is its accessibility. Traditional asset investment has long been restricted to high-net-worth individuals due to high entry barriers. However, RXS enables fractional ownership, allowing everyday investors to participate in markets that were previously out of reach. The RWA crypto project also eliminates geographical and financial constraints, making asset trading more inclusive and efficient. Rexas Finance tokenomics Pepe Coin Price and the RXS Presale: A Tale of Two Opportunities The Pepe Coin price is gaining attention as traders anticipate a breakout, but long-term investors are also eyeing Rexas Finance for its massive growth potential. The RXS presale is currently in stage 12, attracting substantial investor interest. So far, Rexas Finance has raised nearly $46.7 million, making it one of the most lucrative presales in recent years. With the final stage before its soft launch on June 19, 2025, RXS is expected to be listed at $0.25 per token. Analysts predict that RXS could experience significant price appreciation upon listing, thanks to the growing acceptance of RWA tokenization and Rexas Finance’s unique approach. Industry experts even compare its potential to the early days of XRP, hinting at substantial returns for early investors. This positions RXS as one of the best new cryptocurrencies to invest in, , in 2025. Given the promising outlook, many are considering buying in at $0.20 this March before the token hits major exchanges. Final Thoughts: Pepe Coin Price Action as Rexas Finance Gains Momentum Both PEPE and Rexas Finance offer exciting prospects for investors. Pepe Coin price inverse head and shoulders pattern signals a potential breakout, making it an attractive short-term trade, while Rexas Finance’s approach to real-world asset tokenization provides a long-term investment opportunity with immense growth potential. While the market observes $ETH’s upcoming actions, traders are closely monitoring Pepe Coin’s possible surge, and visionary investors are capitalizing on the last presale phase of RXS. Regardless of whether you’re a short-term trader or a long-term investor, the cryptocurrency market is offering a good opportunity at this moment. The post Pepe Coin Price is Set to Explode; But Rexas Finance Might Be the Real Winner appeared first on CoinGape .",Price Analysis|Pepe Coin Price|Rexas Finance,EN,0,0,TRADING|BUSINESS|MARKET|PEPE|BLOCKCHAIN,"{'name': 'CoinGape', 'img': 'https://images.cryptocompare.com/news/default/coingape.png', 'lang': 'EN'}",coingape,2025-03-17 13:12:00
38,41809649,https://cryptobriefing.com/?p=166055,1742217073,https://images.cryptocompare.com/news/default/cryptobriefing.png,"Bitcoin miner Bitfarms completes Stronghold acquisition, increases capacity to 623 MW",https://cryptobriefing.com/bitfarms-acquisition-stronghold-digital/,"Bitfarms' acquisition of Stronghold enhances its US market position, boosting its energy capacity and strategic growth in HPC/AI sectors. The post Bitcoin miner Bitfarms completes Stronghold acquisition, increases capacity to 623 MW appeared first on Crypto Briefing .",Business,EN,0,0,BTC|BUSINESS|MARKET,"{'name': 'Crypto Briefing', 'img': 'https://images.cryptocompare.com/news/default/cryptobriefing.png', 'lang': 'EN'}",cryptobriefing,2025-03-17 13:11:13
39,41809656,https://u.today/pepe-on-verge-of-erasing-one-zero-but-theres-a-catch,1742217060,https://resources.cryptocompare.com/news/64/41809656.jpeg,"PEPE On the Verge of Erasing One Zero, But There's a Catch",https://u.today/pepe-on-verge-of-erasing-one-zero-but-theres-a-catch,PEPE may clear up one zero if its price rebound momentum is sustained,PEPE,EN,0,0,PEPE|TRADING,"{'name': 'U.Today', 'img': 'https://images.cryptocompare.com/news/default/utoday.png', 'lang': 'EN'}",utoday,2025-03-17 13:11:00
40,41809607,https://finbold.com/?p=241239,1742217017,https://images.cryptocompare.com/news/default/finbold.png,"AI predicts SHIB price for March 31, 2025",https://finbold.com/ai-predicts-shib-price-for-march-31-2025/,"Despite being incredibly diverse and varied, the cryptocurrency market often tends to end up in a ‘winner takes all’ scenario. One of the best examples of this is Shiba Inu ( SHIB ). Although originally envisioned as a meme coin and potential ‘Dogecoin killer’, the project has since reoriented itself toward utility, as DOGE’s dominance in the meme coin space becomes ever more entrenched. However, it’s hard to shake off that initial meme coin label — and in terms of utility, SHIB was, unfortunately, quite late to the party. At press time, SHIB was trading at a price of 0.00001306, having marked a 38.33% decline on a year-to-date (YTD) basis. SHIB price year-to-date (YTD) chart. Source: Finbold As disappointing as the drop in SHIB price might be to bulls , volatility is nothing new in the world of crypto — and pullbacks such as these can even be attractive buying opportunities, provided that an asset’s long-term prospects are intact. For additional clarity as to whether or not that is the case, Finbold consulted its own artificial intelligence (AI) price prediction tool for an overview of what prices Shiba Inu could reach by the end of the month. AI models offer bullish predictions for SHIB price at the end of March In total, six large language models (LLMs) were queried on the subject. They set an average price target of $0.0000156833, which implies a 28.66% upside compared to current prices. Finbold AI SHIB price prediction. Source: Finbold Interestingly enough, both the most and least bullish price forecasts came from OpenAI ’s models. GPT-4o Mini gave the most optimistic outlook, citing momentum indicators that suggest a bullish short-term sentiment. The model set a $0.0000180000 price target, which implies a 47.66% upside. OpenAI’s flagship model, however, set a $$0.0000135000 price target, which would correspond to a 10.75% rally from current prices. GrokAI set the exact same price target — while the other LLMs queried — DeepSeek, Gemini, and Claude implied a 43.56%, 31.26%, and 27.97% upside, respectively. Bullish factors impacting SHIB — burn rates and ETFs As first noted by Finbold in late January, SHIB’s burn rate has seen a rapid rise since the start of the year. At the time of our original coverage, some 3,244,007 SHIB were being burned a day. By press time, that had increased to 13,591,737 — having more than quadrupled, per Shibburn . SHIB 24-hour burn rate chart. Source: Shibburn Beyond the simple benefit of constrained supply on the prevailing SHIB price, another bullish factor is hidden in the reason why market participants have been burning their SHIB. The pseudonymous lead developer of Shiba Inu, Shytoshi Kusama , recently expressed optimism regarding a potential Shiba Inu exchange-traded fund ( ETF ), following a recent filing for a Dogecoin ETF . Featured image via Shutterstock The post AI predicts SHIB price for March 31, 2025 appeared first on Finbold .",Cryptocurrency news|cryptocurrency|SHIB|Shiba Inu|Shiba Inu price,EN,0,0,SHIB|TRADING|MARKET|DOGE|SPONSORED,"{'name': 'Finbold', 'img': 'https://images.cryptocompare.com/news/default/finbold.png', 'lang': 'EN'}",finbold,2025-03-17 13:10:17
41,41809556,https://en.coin-turk.com/?p=185989,1742216933,https://resources.cryptocompare.com/news/79/41809556.jpeg,Ripple Faces Critical Legal Showdown as XRP’s Status Hangs in the Balance,https://en.coin-turk.com/ripple-faces-critical-legal-showdown-as-xrps-status-hangs-in-the-balance/,The legal battle between XRP and the SEC is approaching its conclusion. Potential commodity status for XRP could reshape regulatory environments. Continue Reading: Ripple Faces Critical Legal Showdown as XRP’s Status Hangs in the Balance The post Ripple Faces Critical Legal Showdown as XRP’s Status Hangs in the Balance appeared first on COINTURK NEWS .,Ripple (XRP),EN,0,0,REGULATION|XRP,"{'name': 'CoinTurk News', 'img': 'https://resources.cryptocompare.com/news/79/default.png', 'lang': 'EN'}",cointurken,2025-03-17 13:08:53
42,41809563,https://cryptodaily.co.uk/2025/03/pepe-coin-contender-coldware-completes-70-of-stage-1-presale-can-it-hit-top-20-coinmarketcap,1742216920,https://resources.cryptocompare.com/news/75/41809563.jpeg,"Pepe Coin Contender Coldware Completes 70% Of Stage 1 Presale, Can it Hit Top 20 Coinmarketcap?",https://cryptodaily.co.uk/2025/03/pepe-coin-contender-coldware-completes-70-of-stage-1-presale-can-it-hit-top-20-coinmarketcap,"The meme coin sector has been experiencing major shifts, with Pepe Coin (PEPE) leading a resurgence. However, a new contender, Coldware (COLD) is making waves by offering real-world utility combined with the viral potential of meme tokens. Coldware (COLD) - The IoT-Powered Meme Coin Ready to Disrupt the Market Unlike traditional meme coins, Coldware (COLD) is built on a Layer 1 blockchain platform, providing enhanced scalability, security, and integration with IoT networks. With 70% of its Stage 1 presale completed, investors are rushing to secure their share of Coldware (COLD) before its market cap surges. Key reasons why Coldware (COLD) is attracting attention: High-speed transactions with Layer 1 infrastructure Integration with IoT devices for real-world adoption Strong early adoption and community support Strategic partnerships to boost long-term growth While Pepe Coin (PEPE) fights to break resistance levels, Coldware (COLD) is positioning itself as the next breakout token with fundamental advantages. Pepe Coin (PEPE) - A Symbol of Resilience After a turbulent few months in the crypto market, Pepe Coin (PEPE) has managed to outperform other meme coins, demonstrating a strong ability to sustain momentum. Analysts suggest that if Pepe Coin (PEPE) maintains its support levels, it could trigger a broader meme coin revival. With a key resistance level at $0.000007741, Pepe Coin (PEPE) is at a crucial moment, potentially signaling a major breakout. If it continues gaining strength, the memecoin sector could see renewed investor interest, paving the way for emerging contenders like Coldware (COLD) to follow suit. Can Coldware (COLD) Hit the Top 20 on CoinMarketCap? With the meme coin sector heating up, Coldware (COLD) is uniquely positioned to capitalize on both retail and institutional interest. If the current presale trend continues, analysts predict that Coldware (COLD) could challenge the top meme coins and even secure a place among the top 20 cryptocurrencies on CoinMarketCap. Investors looking for the next big opportunity should keep a close watch on Coldware (COLD) , as its blend of meme coin virality and technological innovation could set the stage for a massive rally. For more information on the Coldware (COLD) Presale: Visit Coldware (COLD) Join and become a community member: https://t.me/coldwarenetwork https://x.com/ColdwareNetwork Disclaimer: This is a sponsored article and is for informational purposes only. It does not reflect the views of Crypto Daily, nor is it intended to be used as legal, tax, investment, or financial advice.",More News,EN,0,0,PEPE|BUSINESS|MARKET|REGULATION|BLOCKCHAIN,"{'name': 'Crypto Daily', 'img': 'https://resources.cryptocompare.com/news/75/default.png', 'lang': 'EN'}",cryptodaily,2025-03-17 13:08:40
43,41809537,https://coinpedia.org/?p=432776,1742216890,https://images.cryptocompare.com/news/default/coinpedia.png,U.S. Bitcoin ETFs Recorded an Outflow of $5.5 Billion For The 5th Straight Week,https://coinpedia.org/news/u-s-bitcoin-etfs-recorded-an-outflow-of-5-5-billion-for-the-5th-straight-week/,"The post U.S. Bitcoin ETFs Recorded an Outflow of $5.5 Billion For The 5th Straight Week appeared first on Coinpedia Fintech News Bitcoin exchange-traded funds (ETFs) have been facing heavy outflows, with investors pulling billions from the market in recent weeks. Recent data shows that U.S. Bitcoin spot ETFs recorded over $900 million in net outflows in just one week. Over the past five weeks, the total outflows have reached $5.5 billion , showing a shift in investor sentiment. Investors Withdraw $5.5 Billion From Market Bitcoin ETFs had a strong start, but things have changed in recent weeks. The funds have now seen their longest period of outflows since launching in January last year. Many investors are choosing to exit the market due to growing uncertainty. One key reason behind this trend is the recent policies of U.S. President Donald Trump. While he has shown support for crypto, investors seem more concerned about his aggressive trade policies and potential economic uncertainty. This has led to a broader sell-off in riskier assets, including Bitcoin and other cryptocurrencies. Biggest Bitcoin ETFs Hit Hard Among the 12 Bitcoin ETFs in the U.S., BlackRock’s IBIT fund saw the largest withdrawals, with net outflows of $338.1 million in just one week. Fidelity’s FBTC followed closely, losing $307.4 million. Other funds, including Ark’s ARKB, Invesco’s BTCO, Franklin Templeton’s EZBC, and WisdomTree’s BTCW, also recorded losses ranging from $33 million to $81 million. On the other hand, Grayscale’s GBTC was the only fund to record net inflows, adding $5.5 million. Meanwhile, Bitwise’s BITB, Valkyrie’s BRRR, and VanEck’s HODL saw minor outflows of less than $4 million each. .article-inside-link { margin-left: 0 !important; border: 1px solid #0052CC4D; border-left: 0; border-right: 0; padding: 10px 0; text-align: left; } .entry ul.article-inside-link li { font-size: 14px; line-height: 21px; font-weight: 600; list-style-type: none; margin-bottom: 0; display: inline-block; } .entry ul.article-inside-link li:last-child { display: none; } Also Read : Ethereum, Solana, and XRP: What’s Happening in the Altcoin Market? , Bitcoin Price Struggles to Recover Meanwhile, Bitcoin price itself has been under pressure , trading below $84,000 and showing little movement over the past 24 hours. However, the larger trend remains bearish, with Bitcoin down nearly 17% since late January. Even though, Ethereum has also suffered trading below $2000 and hitting three-month lows amid weak market sentiment. What’s Next for Crypto ETFs? Despite these challenges, asset managers continue to push for new crypto ETFs. Some firms have applied for funds based on cryptocurrencies like XRP, Litecoin, Cardano, Polkadot, and Solana. If approved by the U.S. Securities and Exchange Commission (SEC), these funds could help bring fresh interest into the crypto market. Although Bitcoin ETFs are facing difficulties now, positive regulatory news or a shift in investor sentiment could lead to a strong recovery soon. .article_register_shortcode { padding: 18px 24px; border-radius: 8px; display: flex; align-items: center; margin: 6px 0 22px; border: 1px solid #0052CC4D; background: linear-gradient(90deg, rgba(255, 255, 255, 0.1) 0%, rgba(0, 82, 204, 0.1) 100%); } .article_register_shortcode .media-body h5 { color: #000000; font-weight: 600; font-size: 20px; line-height: 22px; text-align:left; } .article_register_shortcode .media-body h5 span { color: #0052CC; } .article_register_shortcode .media-body p { font-weight: 400; font-size: 14px; line-height: 22px; color: #171717B2; margin-top: 4px; text-align:left; } .article_register_shortcode .media-body{ padding-right: 14px; } .article_register_shortcode .media-button a { float: right; } .article_register_shortcode .primary-button img{ vertical-align: middle; width: 20px; margin: 0; display: inline-block; } @media (min-width: 581px) and (max-width: 991px) { .article_register_shortcode .media-body p { margin-bottom: 0; } } @media (max-width: 580px) { .article_register_shortcode { display: block; padding: 20px; } .article_register_shortcode img { max-width: 50px; } .article_register_shortcode .media-body h5 { font-size: 16px; } .article_register_shortcode .media-body { margin-left: 0px; } .article_register_shortcode .media-body p { font-size: 13px; line-height: 20px; margin-top: 6px; margin-bottom: 14px; } .article_register_shortcode .media-button a { float: unset; } .article_register_shortcode .secondary-button { margin-bottom: 0; } } Never Miss a Beat in the Crypto World! Stay ahead with breaking news, expert analysis, and real-time updates on the latest trends in Bitcoin, altcoins, DeFi, NFTs, and more. .subscription-options li { display: none; } .research-report-subscribe{ background-color: #0052CC; padding: 12px 20px; border-radius: 8px; color: #fff; font-weight: 500; font-size: 14px; width: 96%; } .research-report-subscribe img{ vertical-align: sub; margin-right: 2px; } Subscribe to News var templateIds = ""6""; var listOfSubscribed = []; function subscribed_popupmodal(template_id) { var templateId = '6'; getAllSubscriberCategoryList([templateId]); var subcribemodal = window.parent.document.getElementById('subscribe-modal-design'); if (subcribemodal) { var modalContent = ` Never Miss a Beat in the Crypto World! Stay informed and gain the edge you need to navigate the crypto world. Select your subscription now Daily Get real-time crypto news, market insights, and blockchain updates. Weekly Stay updated with major trends, funding news, and price analysis. Monthly Receive a detailed report with market analysis and expert predictions. Subscribe Now `; subcribemodal.innerHTML = modalContent; } subscribe_unsubscribe_status(template_id); //getAllSubscriberCategoryList(template_id); } function toggleSubscription(subscription, template_id) { var subscriptionCheckbox = document.getElementById(subscription + '_' + template_id); var li = document.getElementById(subscription + 'Selected_' + template_id); if (subscriptionCheckbox.checked) { li.classList.add('active'); } else { li.classList.remove('active'); } } function getAllSubscriberCategoryList(getcategoryId) { jQuery.ajax({ url: 'https://coinpedia.org/wp-admin/admin-ajax.php', type: 'GET', data: { action: 'subscribe_api_ajax_request', apiurl: '/app/email_newsletter/list', }, success: function(response) { var result = JSON.parse(response.message); if (result.status === true) { var idstosubscribed = [] // Populate listOfSubscribed with subscribed category IDs result.message.forEach(listofcategory => { if (listofcategory.subscribe_status === 1) { if (!listOfSubscribed.includes(listofcategory._id)) { listOfSubscribed.push(listofcategory._id); } if (!idstosubscribed.includes(listofcategory.news_cp_category_row_id)) { idstosubscribed.push(listofcategory.news_cp_category_row_id); } } }); idstosubscribed.forEach(id => { var subscribeButton = document.getElementById('subscribe_' + id); var unsubscribeButton = document.getElementById('unsubscribe_' + id); if (subscribeButton && unsubscribeButton) { subscribeButton.style.display = 'none'; unsubscribeButton.style.display = 'block'; var showDownloadReport = document.getElementById('download_report'); if (showDownloadReport) { showDownloadReport.style.display = 'block'; } } }); } }, error: function(xhr, status, error) { console.error('Error:', error); } }); } function subscribe_unsubscribe_status(getcategoryId) { var elementTounsubscribe = parent.document.getElementById('unsubscribe_' + getcategoryId); var elementTosubscribe = parent.document.getElementById('subscribe_' + getcategoryId); jQuery.ajax({ url: 'https://coinpedia.org/wp-admin/admin-ajax.php', type: 'POST', data: { action: 'subscribe_api_ajax_request', apiurl: '/app/email_newsletter/list?category_row_id=' + getcategoryId, }, success: function(response) { var result = JSON.parse(response.message); if (result.status === true) { parent.jQuery('.skeliton-loader-block').hide(); var hasSubscribeStatusOne = false; result.message.forEach(subscribeStatus => { if (listOfSubscribed.includes(subscribeStatus._id) && subscribeStatus.subscribe_status === 1) { hasSubscribeStatusOne = true; } if (subscribeStatus.notification_type === 3) { parent.document.getElementById('monthlySelected_' + getcategoryId).style.display = 'block'; parent.document.getElementById('monthly_' + getcategoryId).setAttribute('data-id', subscribeStatus._id); if (subscribeStatus.subscribe_status === 1) { parent.document.getElementById('monthly_' + getcategoryId).checked = true; } } else if (subscribeStatus.notification_type === 2) { parent.document.getElementById('weeklySelected_' + getcategoryId).style.display = 'block'; parent.document.getElementById('weekly_' + getcategoryId).setAttribute('data-id', subscribeStatus._id); if (subscribeStatus.subscribe_status === 1) { parent.document.getElementById('weekly_' + getcategoryId).checked = true; } } else if (subscribeStatus.notification_type === 1) { parent.document.getElementById('dailySelected_' + getcategoryId).style.display = 'block'; parent.document.getElementById('daily_' + getcategoryId).setAttribute('data-id', subscribeStatus._id); if (subscribeStatus.subscribe_status === 1) { parent.document.getElementById('daily_' + getcategoryId).checked = true; } } if (subscribeStatus.subscribe_status === 1) { listOfSubscribed.push(subscribeStatus._id); } }); if (hasSubscribeStatusOne) { elementTosubscribe.style.display = 'none'; elementTounsubscribe.style.display = 'block'; } else { elementTosubscribe.style.display = 'block'; elementTounsubscribe.style.display = 'none'; } } }, error: function(xhr, status, error) { console.error('Error:', error); } }); } function logSelectedSubscriptions(categoryid) { var unsubscribemodal = document.querySelector('.unsubscribed-popup-modal .modal'); var subscribedmodal = document.querySelector('.subscribed-popup-modal .modal'); unsubscribemodal.innerHTML=''; subscribedmodal.innerHTML=''; var selectedSubscriptions = []; var storeCheckedId = []; var checkboxes = document.querySelectorAll('#subscription-options-' + categoryid + ' input[type=""checkbox""]'); var errorMessage = document.getElementById('error-message-select'); // Use a Set to handle unique data-ids var uniqueSubscribedIds = new Set(listOfSubscribed); checkboxes.forEach(function(checkbox) { var dataId = parseInt(checkbox.getAttribute('data-id')); if (checkbox.checked) { selectedSubscriptions.push(checkbox.id); storeCheckedId.push(dataId); } else { uniqueSubscribedIds.delete(dataId); // Remove unchecked data-id } }); // Update listOfSubscribed with unique values listOfSubscribed = Array.from(uniqueSubscribedIds); var selectedSubscriptionsString = selectedSubscriptions.join(', '); var concatinateSubscribeId = [...new Set(storeCheckedId.concat(listOfSubscribed))]; var categoryData = { 'subscribed_categories': concatinateSubscribeId }; var requestSubscriberData = { action: 'handle_dynamic_api_request_with_headers', security: '9c1b1203d2', endpoint: '/app/email_newsletter/update_categories', token: '', data: categoryData }; jQuery.ajax({ url: 'https://coinpedia.org/wp-admin/admin-ajax.php', type: 'POST', data: requestSubscriberData, beforeSend: function(xhr) { xhr.setRequestHeader('X-Requested-With', 'XMLHttpRequest'); }, success: function(response) { try { response = response.data; if (storeCheckedId.length === 0) { var unsubcribedPopUpmodal = ` You’ve Unsubscribed Successfully We're sorry to see you go! Your subscription has been canceled. If you change your mind, you can re-subscribe anytime. Thank you for being part of our community! `; unsubscribemodal.innerHTML = unsubcribedPopUpmodal; document.querySelector('#subscribe-modal-design .modal').style.display = 'none'; unsubscribemodal.style.display = 'block'; unsubscribemodal.classList.remove('hide'); unsubscribemodal.classList.add('show'); document.getElementById('subscribe_' + categoryid).style.display = 'block'; document.getElementById('unsubscribe_' + categoryid).style.display = 'none'; var showDownloadReport = document.getElementById('download_report'); if (showDownloadReport) { showDownloadReport.style.display = 'none'; } } else { var subscribedPopupModal = ` Thank you for subscribing! Thank you for subscribing to our crypto and blockchain newsletter! You’ll now receive the latest news, insights, and updates straight to your inbox. Welcome to our community! `; let selectedSubscriptionsArray = selectedSubscriptionsString.split(','); let subscribedCategories = selectedSubscriptionsArray.map(subscription => subscription.split('_')[0]); let subscribedCategoriesString = subscribedCategories.join(', '); subscribedmodal.innerHTML = subscribedPopupModal; if (document.getElementById('selectidname')) { document.getElementById('selectidname').textContent = subscribedCategoriesString; } document.querySelector('#subscribe-modal-design .modal').style.display = 'none'; subscribedmodal.style.display = 'block'; subscribedmodal.classList.remove('hide'); subscribedmodal.classList.add('show'); document.getElementById('subscribe_' + categoryid).style.display = 'none'; document.getElementById('unsubscribe_' + categoryid).style.display = 'block'; var showDownloadReport = document.getElementById('download_report'); if (showDownloadReport) { showDownloadReport.style.display = 'block'; } } } catch (e) { console.error('Error parsing response:', e); } }, }); } function closeModal(template_id) { var modalId = template_id; var modal = document.querySelector('#' + modalId); // Using querySelector to find the modal if (modal) { modal.classList.add('hide'); modal.classList.remove('show'); setTimeout(function() { modal.style.display = 'none'; }, 500); } else { console.warn('Modal not found:', modalId); } } function closeunsubscribemodal() { var unsubscribemodal = document.querySelector('.unsubscribed-popup-modal .modal'); if (unsubscribemodal) { unsubscribemodal.classList.add('hide'); unsubscribemodal.classList.remove('show'); } setTimeout(function() { unsubscribemodal.style.display = 'none'; }, 500); } function closesubscribemodal() { var subscribedmodal = document.querySelector('.subscribed-popup-modal .modal'); setTimeout(function() { subscribedmodal.style.display = 'none'; }, 500); if (subscribedmodal) { subscribedmodal.classList.add('hide'); subscribedmodal.classList.remove('show'); } } function withoutLoginClicked(withoutlogin_id) { localStorage.setItem('subscribe_without_Login', 'true'); localStorage.setItem('subscribe_clicked_id', withoutlogin_id); } document.addEventListener('DOMContentLoaded', function() { const subscribewithoutData = localStorage.getItem('subscribe_without_Login'); const subscribe_clicked_cat_id = localStorage.getItem('subscribe_clicked_id'); // Function to get cookies function getCookie(name) { let value = ""; "" + document.cookie; let parts = value.split(""; "" + name + ""=""); if (parts.length == 2) return parts.pop().split("";"").shift(); } // Get user token from cookies const userToken = getCookie('user_token'); if (subscribewithoutData === 'true' && userToken) { // Call the modal function with the category ID subscribed_popupmodal(subscribe_clicked_cat_id); // Remove the flag and category ID from localStorage localStorage.removeItem('subscribe_without_Login'); localStorage.removeItem('subscribe_clicked_id'); } }); /************************** update susbcriber content **************************** */ function initializeSubscriptionButton() { var initialListItems = document.querySelectorAll('.subscription-options input[type=""checkbox""]'); initialListItems.forEach(function(item) { console.log(item.checked, 'Initial Checkbox checked status'); }); var listItems = document.querySelectorAll('.subscription-options li'); if (listItems.length === 0) return; var anyActive = false; listItems.forEach(function(item) { var checkbox = item.querySelector('input[type=""checkbox""]'); if (checkbox) { if (checkbox.checked) { item.classList.add('active'); anyActive = true; // Set anyActive to true } else { item.classList.remove('active'); // Remove 'active' class if checkbox is unchecked } } }); } function updateButtonText(anyActive) { var subscribeButtonSpan = document.querySelector('.subscribe-submit .changeBtnText'); if (subscribeButtonSpan) { if (anyActive) { subscribeButtonSpan.textContent = 'Subscribe Now'; } else { subscribeButtonSpan.textContent = 'Unsubscribe'; } } } function updateSubscriptionButton() { var listItems = document.querySelectorAll('.subscription-options li'); if (listItems.length === 0) return; var anyActive = false; listItems.forEach(function(item) { var checkbox = item.querySelector('input[type=""checkbox""]'); if (checkbox) { if (checkbox.checked) { item.classList.add('active'); anyActive = true; // Set anyActive to true } else { item.classList.remove('active'); // Remove 'active' class if checkbox is unchecked } } }); // Update the button text based on whether any list item has the 'active' class updateButtonText(anyActive); } document.addEventListener('click', function(event) { var clickedItem = event.target.closest('.subscription-options li'); if (clickedItem) { var checkbox = clickedItem.querySelector('input[type=""checkbox""]'); if (checkbox) { checkbox.checked = !checkbox.checked; updateSubscriptionButton(); } } }); FAQs Is Bitcoin’s price affected by ETF outflows? Yes, Bitcoin has been under pressure, trading below $84,000 and dropping nearly 17% since late January amid weak market sentiment. Will new crypto ETFs help the market recover? If approved, ETFs for assets like XRP, Litecoin, and Solana could renew investor interest and potentially boost the crypto market.",News,EN,0,0,BTC|BUSINESS|MARKET|TRADING|REGULATION|SOL,"{'name': 'coinpedia', 'img': 'https://images.cryptocompare.com/news/default/coinpedia.png', 'lang': 'EN'}",coinpedia,2025-03-17 13:08:10
44,41809878,https://www.cryptopolitan.com/?p=694349,1742216726,https://resources.cryptocompare.com/news/43/41809878.jpeg,Wemix denies cover-up after delayed $6.2M bridge hack report,https://www.cryptopolitan.com/wemix-denies-cover-up-after-6-2m-bridge-hack/,"Wemix Foundation has denied allegations of attempting to conceal a security breach that resulted in over $6.2 million in losses. The blockchain firm, a subsidiary of South Korean gaming company Wemade, has been accused of delaying the public announcement of the attack, which was recognized on February 28 but not disclosed until March 4. In an emergency meeting held on Monday, cited by South Korea’s Yonhap News Agency, Wemix Foundation CEO Kim Seok-hwan said that the delay was not an attempt to hide the breach but the company’s “precautionary measure” to prevent any potential further attacks and panic in the market. “ There was no intention to conceal ,” Kim told reporters. “ The announcement was delayed due to fears of vulnerabilities being exploited and the impact it could have on investor sentiment .” The CEO apologized multiple times throughout the meeting, bowing his head before and after reading his statement. Attack on PlayBridge Bolt causes losses worth millions According to Wemix’s official blog post, the attack targeted the platform’s PlayBridge Bolt, a system for transmitting assets across blockchain networks. The foundation reported that hackers exploited a certification key used in the Nile platform, an NFT-based alternative token service. After successfully breaching the network, the attackers took two months to start generating unusual transactions and withdrew approximately 86.5 million Wemix coins. Wemix also revealed that the hacker made 15 withdrawal attempts, of which two were unsuccessful. However, the other 13 transactions all went through, and the stolen funds were finally laundered through overseas exchanges. Investigators believe the breach may have originated in mid-2023 when a Wemix operator uploaded sensitive materials to a public repository for ease of development. While the theory remains largely confirmed, the company suspects this may have been the initial point of compromise. Responding to the hacking event In response to the hacking incident, Kim said the foundation “immediately shut down the server in question,” and began analyzing how it exactly happened. The executive stated that a complaint had been filed with the Cyber Investigation Team of the Seoul National Police Agency against the unidentified hacker . At the time, the Digital Assets Exchange Co-Consultation (DAXA), an association of South Korean cryptocurrency exchanges, also designated Wemix Coin for “end of trading” status and halted exchange deposits. “ It’s difficult to disclose specifics about the delisting process, but we will do our best to negotiate with DAXA. Our immediate priority is restoring services. If a decision on delisting is made, we will address it then ,” Kim explained. When asked if the notorious North Korean hacker collective Lazarus Group was behind the attack, Wemix CEO Kim said: “We are not currently weighing the possibility of Lazarus involvement.” Still, he acknowledged that external security experts were continuing their investigation. Lazarus has been linked to numerous high-profile crypto hacks, including the $1.5 billion Ethereum tokens hack on Bybit that took place about three weeks ago. Protecting investors and security improvements In the press briefing, Wemix announced it is taking steps to restore investors’ confidence in its products. Kim mentioned that on March 13, the foundation had launched a 100 billion won ($75 million) buyback program, followed by an additional 20 billion won ($15 million) buyback the next day. Kim also confirmed that the foundation was migrating all of its infrastructure to a new environment to prevent a breach from happening again. “ This won’t be the last hack we face, but we will take this as an opportunity to make Wemix a stronger, more secure ecosystem,” he continued . The CEO added that the company will reevaluate its internal security measures per the recommendations of recently appointed Chief Technology Officer (CTO) Bom-som, a former executive at another blockchain firm. “ Exchange security and internal policies need to be properly built to prevent recurrence ,” the new CTO expounded. Cryptopolitan Academy: Tired of market swings? Learn how DeFi can help you build steady passive income. Register Now",News|KRW|Wemix,EN,0,0,EXCHANGE|BLOCKCHAIN|BUSINESS|ASIA|ETH|MARKET,"{'name': 'Cryptopolitan', 'img': 'https://images.cryptocompare.com/news/default/cryptopolitan.png', 'lang': 'EN'}",cryptopolitan,2025-03-17 13:05:26
45,3597747,https://coinpedia.org/?p=56005,1742216680,https://images.cryptocompare.com/news/default/coinpedia.png,"Dogecoin Price Prediction 2025, 2026 – 2030: Will DOGE Price Hit $1?",https://coinpedia.org/price-prediction/dogecoin-price-analysis/,"The post Dogecoin Price Prediction 2025, 2026 – 2030: Will DOGE Price Hit $1? appeared first on Coinpedia Fintech News Story Highlights The price of Dogecoin today is $ 0.17145776 . Dogecoin price may reach a maximum of $1.07 in 2025. With a potential surge, the DOGE price may achieve its $3 mark in 2030. Dogecoin, the memecoin category leader, has been surfing the rough tides of the market. Amidst the turn of events, marketers are hoping for it to match its June 2021 high. As the underlying dynamics shift amid broader market volatility, investors have started wondering, “Will Dogecoin reach $1?” to “Will Dogecoin go up?” Are you wondering the same? Worry not. Coinpedia’s Dogecoin price prediction 2025 to 2030 will clear all such doubts. Look at this well-researched and detailed DOGE price prediction for the upcoming moves. Table of Contents Story Highlights Overview DOGE Price Forecast 2025 Dogecoin Price Prediction 2026 – 2030 Dogecoin Price Targets 2026 Dogecoin Price Projection 2027 DOGE Memecoin Price Prediction 2028 DOGE Price Analysis 2029 Dogecoin Price Prediction 2030 Dogecoin Price Prediction 2031, 2032, 2033, 2040, 2050 Market Analysis CoinPedia’s DOGE Price Prediction Can DOGE Break the $1 Barrier? Dogecoin’s Tokenomics and Long-Term Outlook FAQs Overview Cryptocurrency Dogecoin Token DOGE Price $ 0.17145776 1.76% Market cap $ 25,455,602,759.2738 Circulating Supply 148,465,736,383.71 Trading Volume $ 1,056,264,713.6644 All-time high $0.7376 May 08, 2021 All-time low $0.00008547 May 07, 2015 DOGE Price Forecast 2025 With Elon Musk leading the D.O.G.E department with Vivek Ramaswamy in Donald Trump’s 2.0 administration, the DOGE price is projected to jump back toward its 2021 levels. That’s not all, Dogecoin has witnessed an impressive 400% spike in its active addresses, hinting at growing network activity. If the FOMO around Dogecoin continues to grow and if influencers promote the coin, then its price could reach $1.07 . However, if Dogecoin cannot maintain its current growth rate, its price will likely average out at $0.84 in a highly competitive market. On the other hand, if Dogecoin fails to stay relevant in 2025, the price of DOGE can plunge to a low of $0.62 . Year Potential Low Potential Average Potential High 2025 $0.62 $0.84 $1.07 Also Read: Worldcoin Price Prediction 2025, 2026 – 2030! Dogecoin Price Prediction 2026 – 2030 Year Potential Low ($) Potential Average ($) Potential High ($) 2026 0.80 1.05 1.30 2027 1.05 1.31 1.56 2028 1.34 1.65 1.97 2029 1.59 2.11 2.63 2030 2.52 2.77 3.03 Dogecoin Price Targets 2026 Dogecoin’s forecast for 2026 is anticipated to range between $0.80 to $1.30 , with an average price of approximately $1.05 . Dogecoin Price Projection 2027 Dogecoin’s price for 2027 is expected to fluctuate between $ 1.05 to $ 1.56 , with an average price of around $ 1.31 . DOGE Memecoin Price Prediction 2028 Dogecoin’s price for 2028 is anticipated to lie within the range of $ 1.34 to $ 1.96 , with an average price of about $ 1.65 . DOGE Price Analysis 2029 Dogecoin’s price for 2029 is projected to vary from $ 1.59 to $ 2.63 , with an average price of roughly $ 2.11 . Dogecoin Price Prediction 2030 Dogecoin’s price for 2030 is expected to fluctuate between $ 2.52 to $ 3.03 , with an average price of approximately $ 2.77 . Also Read: Ethereum Price Prediction 2025, 2026 – 2030! Dogecoin Price Prediction 2031, 2032, 2033, 2040, 2050 Based on the historic market sentiments, and trend analysis of the altcoin, here are the possible Dogecoin price targets for the longer time frames. .highcharts-legend { display:none; } document.addEventListener(""DOMContentLoaded"", function () { setTimeout(function() { Highcharts.chart('custom-chart-67d825e90883d', { chart: { type: 'areaspline' }, title: { text: 'Dogecoin (DOGE) Price Prediction', style: { color: '#171717', fontSize: '20px', fontWeight: '500', } }, xAxis: { categories: [""2031"",""2032"",""2033"",""2040"",""2050""], title: { text: 'Year', style: { color: '#171717', fontSize: '16px', fontWeight: '500', display: 'block', align: 'middle' // Ensure it's aligned properly }, margin: 15 } }, yAxis: { title: { text: 'Average Price ($)', style: { color: '#171717', fontSize: '16px', fontWeight: '500', } }, labels: { formatter: function () { return this.value === 0 ? ""0"" : formatNumber(this.value); } } }, responsive: { rules: [{ condition: { maxWidth: 767 // Set breakpoint at 767px }, chartOptions: { title: { style: { fontSize: '13px', fontWeight: '500', lineHeight: '22px' // Corrected 'lineHight' to 'lineHeight' } }, xAxis: { title: { style: { fontSize: '12px', fontWeight: '500' } } }, yAxis: { title: { style: { fontSize: '12px', fontWeight: '500' } } } } }] }, tooltip: { shared: true, formatter: function () { var year = this.x; // Default index if (this.series.chart.xAxis[0].categories) { year = this.series.chart.xAxis[0].categories[this.point.index]; // Map to category label } return ` ${year} ${this.points.map(point => ` \u25CF ${point.series.name}: ${formatNumber(point.y)} ` ).join(' ')}`; } }, credits: { enabled: false }, plotOptions: { areaspline: { color: '#0052CC', fillColor: { linearGradient: { x1: 0, y1: 0, x2: 0, y2: 1 }, stops: [ [0, '#0f549999'], [1, '#0052CC0D'] ] }, marker: { lineWidth: 1, lineColor: null, fillColor: 'white' } } }, series: [{ name: 'Market Value', data: [3.4900000000000002131628207280300557613372802734375,4.46999999999999975131004248396493494510650634765625,5.87000000000000010658141036401502788066864013671875,19.620000000000000994759830064140260219573974609375,104.9500000000000028421709430404007434844970703125] // Dynamic values }] }); }, 1000); function formatNumber(value) { if (value === 0) { return ""0""; } if (value >= 1000000000) { return (value / 1000000000).toFixed(2).replace(/\.00$/, '') + 'B'; } else if (value >= 1000000) { return (value / 1000000).toFixed(2).replace(/\.00$/, '') + 'M'; } else if (value >= 1000) { return (value / 1000).toFixed(2).replace(/\.00$/, '') + 'K'; } else if (value >= 1) { return value.toFixed(2); } else if (value >= 0.1) { return value.toFixed(4); } else if (value >= 0.01) { return value.toFixed(5); } else if (value >= 0.001) { // 0.001 to 0.00999 (6 decimal places) return value.toFixed(6); } else if (value >= 0.0001) { // 0.0001 to 0.000999 (6 decimal places) return value.toFixed(6); } else if (value >= 0.00001) { // 0.00001 to 0.0000999 (8 decimal places) return value.toFixed(8); } else if (value >= 0.000001) { // 0.000001 to 0.00000999 (9 decimal places) return value.toFixed(9); } else if (value >= 0.0000001) { // 0.0000001 to 0.000000999 (10 decimal places) return value.toFixed(10); } else if (value >= 0.00000001) { // 0.00000001 to 0.0000000999 (11 decimal places) return value.toFixed(11); } else if (value >= 0.000000001) { // 0.000000001 to 0.00000000999 (12 decimal places) return value.toFixed(12); } else if (value >= 0.0000000001) { // 0.0000000001 to 0.000000000999 (12 decimal places) return value.toFixed(12); } else { // Less than 0.0000000001 (13 decimal places) return value.toFixed(13); } } }); Year Potential Low ($) Potential Average ($) Potential High ($) 2031 3.01 3.49 3.98 2032 3.79 4.47 5.16 2033 4.96 5.87 6.79 2040 14.22 19.62 25.02 2050 54.99 104.95 154.91 Market Analysis Firm Name 2025 2026 2030 Changelly $0.321 $0.286 $1.22 Coincodex $0.456 $0.313 $0.729 Binance $0.327 $0.343 $0.417 CoinPedia’s DOGE Price Prediction According to CoinPedia’s formulated Dogecoin price projections for 2025, if the trading volume of Dogecoin rises, then we can expect the DOGE price to surge to $1.07 as the year ends. On the other hand, if the market is hit again by external forces like regulations or negative statements by influencers. Hence, the meme coin might trade at a potential low of $ 0.62 . We expect the DOGE price to reach a new swing high of $1.07 by the end of 2025. Year Potential Low Potential Average Potential High 2025 $0.62 $0.84 $1.07 Can DOGE Break the $1 Barrier? Given DOGE’s success, largely driven by hype with some technical progress, crossing $1 by 2025 remains a realistic possibility. A sustained media frenzy and growing endorsement deals could maintain bullish momentum. Expanded merchant adoption would also strengthen confidence in its long-term viability. Dogecoin’s Tokenomics and Long-Term Outlook The future of Dogecoin hinges on its utility. Meme popularity alone may not sustain it indefinitely, but advancements in transaction fees, speed, and business collaborations could help it thrive as a mainstream digital currency. Its large and passionate community will likely continue to drive positive evolution. Conclusion Given Dogecoin’s past price behavior, driven largely by online hype and media coverage, it has the potential to reach over $1 in 2025. DOGE has shown remarkable resilience, and key factors like expanded merchant adoption, community growth, and protocol upgrades could enhance its viability. Also, read Shiba Inu Price Prediction 2025, 2026 – 2030! FAQs Will Dogecoin hit $5? Dogecoin will likely reach $5 in the next decade. Will the Dogecoin price hit $1 in 2025? According to our DOGE price prediction, the meme coin might hit a maximum of $1.07 in 2025. How much is Dogecoin worth today? At the time of writing, the Dogecoin value was $0.1720. How high can the DOGE price go by the end of 2030? With a potential surge, the price may go as high as $3.03 by 2030. Is Dogecoin a good investment? Yes, Dogecoin might definitely be a good investment, if you are looking to invest for the long term. Is Dogecoin dead? No, Dogecoin is not dead right now, the peaks and troughs are normal in the cryptocurrency industry. Major announcements and happenings will eventually drive the price. What is Dogecoin used for? Dogecoin was developed as a digital form of payment system, similar to Bitcoin or Litecoin. How much would the price of Dogecoin be in 2040? As per our latest DOGE price analysis, this memecoin could reach a maximum price of $25.02. How much will the DOGE coin price be in 2050? By 2050, a single Dogecoin price could go as high as $154.91.",Cryptocurrency Price Prediction|Price Prediction,EN,0,0,DOGE|TRADING|MARKET|SHIB|FORKS|BUSINESS,"{'name': 'coinpedia', 'img': 'https://images.cryptocompare.com/news/default/coinpedia.png', 'lang': 'EN'}",coinpedia,2025-03-17 13:04:40
46,41809385,https://en.coinotag.com/breakingnews/unlock-high-returns-with-btc-yield-bitlayers-innovative-cedefi-product-blbtc-launches-for-bitcoin-users/,1742216672,https://resources.cryptocompare.com/news/77/41809385.jpeg,Unlock High Returns with BTC Yield: Bitlayer’s Innovative CeDeFi Product BLBTC Launches for Bitcoin Users,https://en.coinotag.com/breakingnews/unlock-high-returns-with-btc-yield-bitlayers-innovative-cedefi-product-blbtc-launches-for-bitcoin-users/,"On March 17th, Bitlayer unveiled its latest innovation, BTC Yield, leveraging the capabilities of BitVM technology within the Bitcoin ecosystem. This initiative introduces the CeDeFi product, BLBTC, crafted by DeSyn,",BTC|JUP,EN,0,0,BTC|JUP|TECHNOLOGY,"{'name': 'CoinOtag', 'img': 'https://resources.cryptocompare.com/news/77/default.png', 'lang': 'EN'}",coinotag,2025-03-17 13:04:32
47,41809373,https://coinpedia.org/?p=432768,1742216651,https://images.cryptocompare.com/news/default/coinpedia.png,Chainlink Price Analysis: Will LINK Hit $24? Key Levels Revealed,https://coinpedia.org/price-analysis/chainlink-link-price-analysis-is-link-poised-for-a-major-rebound/,"The post Chainlink Price Analysis: Will LINK Hit $24? Key Levels Revealed appeared first on Coinpedia Fintech News As the altcoin market gears up for a potential major rally, Chainlink (LINK) is flashing signals of a possible trend reversal. The large-cap altcoin, with a fully diluted valuation of about $13.8 billion and an average 24-hour trading volume of around $373 million, ended last week with a hammer candlestick – a sign that a price rebound could be on the way. In the past 24 hours, LINK has gained around 1 percent, trading at approximately $13.76 as of Monday, March 17, during the early New York session. However, the price has dropped more than 28 percent since the second inauguration of U.S. President Donald Trump Donald Trump Donald Trump is an American former president politician, businessman, and media personality, who served as the 45th president of the U.S. between 2017 to 2021. Trump earned a Bachelor of science in economics from the University of Pennsylvania in 1968. Trump won the 2016 presidential election as the Republican Party nominee against Democratic Party nominee Hillary Clinton while losing the popular vote. As president, Trump ordered a travel ban on citizens from several Muslim-majority countries, diverted military funding toward building a wall on the U.S.–Mexico border, and implemented a family separation policy. Trump has remained a prominent figure in the Republican Party and is considered a likely candidate for the 2024 presidential election President . Key Technical Levels to Watch From a technical analysis perspective, LINK has been following an overall upward trend, forming higher highs and higher lows over time. On the weekly chart, the price is currently retesting the lower boundary of a rising channel, which could be a sign that a reversal is approaching. If bullish momentum picks up, LINK could rise to $24 in the short term, aligning with the daily 1.618 Fibonacci retracement level. However, if the price falls below $13 and stays there, further losses toward $10 may follow. Chainlink’s Role in Web3 Expansion Beyond price action, the Chainlink network continues to grow and play a key role in the adoption of Web3 technologies. Recently, it has attracted attention from major institutional investors, including World Liberty Financial (WLFI) , a project backed by President Donald Trump. Last week, the Chainlink network reported 11 new integrations across 4 services and 12 different blockchain ecosystems. This expansion highlights its increasing importance in the decentralized finance space. ⬡ Chainlink Adoption Update ⬡ There were 11 integrations of the Chainlink standard across 4 services and 12 different chains: Base, BNB Chain, Ethereum, Fraxtal, HashKey Chain, JANCTION, Lisk, Mode, Optimism, Polygon, Soneium, and Unichain. New integrations include @AITECHio ,… pic.twitter.com/ppO0VGcOuh — Chainlink (@chainlink) March 16, 2025 Whale Investors Are Moving Cautiously Despite Chainlink’s growth, on-chain data suggests that large investors have not been aggressively accumulating LINK in recent weeks. According to data from IntotheBlock , transactions involving more than $100,000 worth of LINK have dropped significantly, from 620 transactions on March 14 to around 121 on Monday. With LINK at a crucial technical level, traders are watching to see if buyers can regain control. While Chainlink’s strong fundamentals and expanding presence in Web3 are positive signs for the long term, short-term price movements will depend on whether it can hold above key support levels. FAQs Chainlink Price Prediction For 2025? LINK price could trade at an average price of $47 during 2025. Chainlink Price Prediction For 2030? LINK price could close the annual trade for 2030 with a price tag of $189 .",Price Analysis|Altcoins,EN,0,0,LINK|TRADING|MARKET|ALTCOIN|BUSINESS|REGULATION,"{'name': 'coinpedia', 'img': 'https://images.cryptocompare.com/news/default/coinpedia.png', 'lang': 'EN'}",coinpedia,2025-03-17 13:04:11
48,41809391,https://en.bitcoinsistemi.com/bitcoin-exchange-okx-announces-discontinuation-of-dex-aggregator-services-new-hack-here-are-the-details/,1742216649,https://resources.cryptocompare.com/news/81/41809391.jpeg,Bitcoin Exchange OKX Announces Discontinuation of DEX Aggregator Services! New Hack? Here Are the Details,https://en.bitcoinsistemi.com/bitcoin-exchange-okx-announces-discontinuation-of-dex-aggregator-services-new-hack-here-are-the-details/,"Crypto exchange OKX has temporarily suspended its decentralized exchange (DEX) aggregator in response to increasing security threats and ongoing attacks on its platform. OKX Temporarily Discontinues DEX Aggregator Due to Security Concerns OKX cited concerns over incomplete blockchain tagging and the need for enhanced security measures to prevent exploitation by malicious actors. The exchange has now implemented a hacker address detection system and a blocking mechanism for suspicious addresses. OKX says it has detected a coordinated effort by the North Korea-linked Lazarus Group to abuse its decentralized finance (DeFi) services. The exchange also reported an increase in competitive attacks aimed at weakening its platform. Blockchain tagging, a process that helps label and track blockchain transactions, was found to be inadequate, causing OKX to discontinue its DEX aggregator while it strengthens its security protocols. The security concerns came as OKX came under scrutiny for its alleged involvement in laundering $100 million from the Bybit hack. In January, one of the largest crypto exchanges, Bybit, suffered a $1.5 billion Ethereum hack, marking the largest theft in crypto history. The attack was attributed to the Lazarus Group, a notorious North Korean hacking collective behind many major cybercrimes. Bybit CEO Ben Zhou recently revealed that around 40,233 ETH ($100 million) from the Bybit hack had flown through OKX’s Web3 platform, with most of the stolen funds now missing and untraceable. Regulatory Pressure in the EU Adding to OKX’s difficulties, Bloomberg reported on March 11 that European Union regulators are investigating OKX’s DeFi platform for potential non-compliance with the EU’s Markets for Crypto Assets (MiCA) regulation. While OKX works to strengthen its security infrastructure, the exchange now faces increased scrutiny from both regulators and the broader crypto community. *This is not investment advice. Continue Reading: Bitcoin Exchange OKX Announces Discontinuation of DEX Aggregator Services! New Hack? Here Are the Details",Exchange|News,EN,0,0,EXCHANGE|BTC|BLOCKCHAIN|ETH|MARKET,"{'name': 'BitcoinSistemi', 'img': 'https://resources.cryptocompare.com/news/81/default.png', 'lang': 'EN'}",bitcoinsistemi,2025-03-17 13:04:09
49,41809407,7af6e82f-04af-4cf6-ac07-4d24afbcea49,1742216630,https://resources.cryptocompare.com/news/5/41809407.jpeg,Digital Asset Investment Outflow Extends Into Fifth Week,https://www.coindesk.com/markets/2025/03/17/digital-asset-investment-outflow-extends-into-fifth-week,"Investors are fleeing digital assets as risky investments lose their popularity amid growing geopolitical and economic uncertainty. Globally, digital asset funds lost $1.7 billion last week alone, according to a report from CoinShares, taking the total outflow over five weeks $6.4 billion. In the U.S., bitcoin (BTC) exchange-traded funds (ETFs) logged the longest streak of weekly outflows since their January 2024 debut, with investors pulling more than $5.4 billion over the past five weeks. While President Donald Trump has shown support for cryptocurrencies, including with the order for the establishment of a Bitcoin Strategic Reserve , that support has so far failed to counteract concerns about tariff-induced trade tensions and monetary policy. Bitcoin has dropped more than 21% over the last three months to around $83,000, while the broader CoinDesk 20 Index ( CD20 ) has lost around 34.6% of its value over the same period.",Markets|Digital Asset Holdings|Bitcoin ETF|Markets|investment,EN,0,0,MARKET|BTC|BUSINESS|FIAT|REGULATION,"{'name': 'CoinDesk', 'img': 'https://images.cryptocompare.com/news/default/coindesk.png', 'lang': 'EN'}",coindesk,2025-03-17 13:03:50
