ticker,date,high,low,open,volumefrom,volumeto,close,conversionType,conversionSymbol
ADA,2024-03-17,0.6947,0.6288,0.6586,56267457.77,37728922.38,0.6808,direct,
ADA,2024-03-18,0.6985,0.6422,0.6808,52892834.17,35240932.97,0.6603,direct,
ADA,2024-03-19,0.6657,0.58,0.6603,89675475.47,55076485.86,0.5862,direct,
ADA,2024-03-20,0.6445,0.5691,0.5862,71829809.04,43691865.34,0.6398,direct,
ADA,2024-03-21,0.6481,0.6178,0.6398,41362550.23,26239068.02,0.6316,direct,
ADA,2024-03-22,0.6425,0.5991,0.6316,38878319.84,24001658.74,0.6148,direct,
ADA,2024-03-23,0.6393,0.6105,0.6148,20408277.31,12814566.44,0.6231,direct,
ADA,2024-03-24,0.6481,0.6226,0.6231,22921306.85,14588416.08,0.6466,direct,
ADA,2024-03-25,0.6682,0.6384,0.6466,43241022.31,28326253.44,0.6566,direct,
ADA,2024-03-26,0.6837,0.6517,0.6566,42759334.91,28488681.21,0.665,direct,
ADA,2024-03-27,0.6709,0.6301,0.665,69353140.65,44999624.86,0.6476,direct,
ADA,2024-03-28,0.6581,0.635,0.6476,32227380.04,20927960.89,0.651,direct,
ADA,2024-03-29,0.6677,0.6353,0.651,41375259.63,27010427.68,0.6645,direct,
ADA,2024-03-30,0.6696,0.642,0.6645,25405305.9,16615097.59,0.6439,direct,
ADA,2024-03-31,0.6536,0.6421,0.6439,19912284.8,12889187.95,0.65,direct,
ADA,2024-04-01,0.6515,0.6054,0.65,42039815.31,26248114.69,0.6217,direct,
ADA,2024-04-02,0.6217,0.5738,0.6217,49955564.11,29423169.49,0.5808,direct,
ADA,2024-04-03,0.5949,0.563,0.5808,31346551.53,18198047.09,0.5693,direct,
ADA,2024-04-04,0.5971,0.5593,0.5693,34647675.25,20085026.68,0.5833,direct,
ADA,2024-04-05,0.5851,0.5599,0.5833,27275105.8,15612986.65,0.5742,direct,
ADA,2024-04-06,0.5895,0.5716,0.5742,14859383.53,8638250.48,0.5837,direct,
ADA,2024-04-07,0.5971,0.5819,0.5837,19380457.72,11435707.32,0.5889,direct,
ADA,2024-04-08,0.6167,0.5794,0.5889,30416320.26,18400640.7,0.6139,direct,
ADA,2024-04-09,0.6239,0.59,0.6139,32693272.45,19803704.35,0.5911,direct,
ADA,2024-04-10,0.5938,0.5582,0.5911,36551688.07,21109860.86,0.5862,direct,
ADA,2024-04-11,0.5944,0.5755,0.5862,20403038.03,11932152.71,0.5858,direct,
ADA,2024-04-12,0.5924,0.4642,0.5858,120025183.78,62499258.66,0.503,direct,
ADA,2024-04-13,0.5165,0.403,0.503,120161567.14,55377663.5,0.4457,direct,
ADA,2024-04-14,0.4782,0.4335,0.4457,81212237.65,37117375.03,0.4682,direct,
ADA,2024-04-15,0.4955,0.4396,0.4682,72057484.52,33718496.96,0.4611,direct,
ADA,2024-04-16,0.4783,0.4397,0.4611,49608283.01,22673656.86,0.4586,direct,
ADA,2024-04-17,0.4648,0.4277,0.4586,37648548.62,16792290.46,0.4442,direct,
ADA,2024-04-18,0.4612,0.4346,0.4442,32360309.78,14558783.2,0.4583,direct,
ADA,2024-04-19,0.476,0.4233,0.4583,54252769.29,24898686.99,0.4683,direct,
ADA,2024-04-20,0.5085,0.4649,0.4683,47603350.49,23320575.83,0.5073,direct,
ADA,2024-04-21,0.5125,0.4879,0.5073,32940782.44,16538750.91,0.4992,direct,
ADA,2024-04-22,0.5226,0.4952,0.4992,41608169.62,21325826.01,0.517,direct,
ADA,2024-04-23,0.5215,0.4972,0.517,49685065.64,25340474.37,0.5,direct,
ADA,2024-04-24,0.5106,0.469,0.5,39380831.49,19273464.75,0.4746,direct,
ADA,2024-04-25,0.4796,0.4623,0.4746,30642331.55,14453155.09,0.4705,direct,
ADA,2024-04-26,0.4788,0.4607,0.4705,21111998.23,9894250.51,0.4628,direct,
ADA,2024-04-27,0.4696,0.446,0.4628,21396006.1,9804290.54,0.4671,direct,
ADA,2024-04-28,0.4779,0.4582,0.4671,17771690.72,8335011.12,0.4597,direct,
ADA,2024-04-29,0.4634,0.4466,0.4597,25828172.88,11744204.36,0.457,direct,
ADA,2024-04-30,0.4629,0.4257,0.457,44748185.44,19662451.73,0.4409,direct,
ADA,2024-05-01,0.4572,0.4181,0.4409,48436745.84,21246052.86,0.4495,direct,
ADA,2024-05-02,0.4621,0.4386,0.4495,42924089.12,19410611.39,0.4578,direct,
ADA,2024-05-03,0.4736,0.4465,0.4578,35373202.78,16253604.98,0.4675,direct,
ADA,2024-05-04,0.4766,0.4625,0.4675,23604735.38,11054282.78,0.4632,direct,
ADA,2024-05-05,0.466,0.452,0.4632,18870049.01,8660992.77,0.4581,direct,
ADA,2024-05-06,0.475,0.4516,0.4581,32287145.7,14915742.44,0.454,direct,
ADA,2024-05-07,0.4562,0.4408,0.454,34423272.76,15504354.74,0.4415,direct,
ADA,2024-05-08,0.4685,0.4366,0.4415,41992547.12,18969254.55,0.4516,direct,
ADA,2024-05-09,0.4644,0.447,0.4516,22961603.11,10487993.15,0.4635,direct,
ADA,2024-05-10,0.4684,0.4433,0.4635,25327180.56,11541804.99,0.4478,direct,
ADA,2024-05-11,0.4509,0.4378,0.4478,20808804.6,9199754.1,0.4386,direct,
ADA,2024-05-12,0.443,0.4332,0.4386,10261906.23,4506748.7,0.4377,direct,
ADA,2024-05-13,0.4528,0.4252,0.4377,31809552.04,14003168.84,0.4366,direct,
ADA,2024-05-14,0.4382,0.4261,0.4366,18390245.73,7956484.16,0.4281,direct,
ADA,2024-05-15,0.4551,0.4262,0.4281,35392736.0,15642750.22,0.4527,direct,
ADA,2024-05-16,0.4629,0.4487,0.4527,38213331.29,17443824.88,0.4598,direct,
ADA,2024-05-17,0.4907,0.4553,0.4598,46816048.36,22239457.3,0.4823,direct,
ADA,2024-05-18,0.4859,0.4758,0.4823,17986572.35,8665910.56,0.4823,direct,
ADA,2024-05-19,0.4837,0.4637,0.4823,24651513.61,11644380.02,0.4672,direct,
ADA,2024-05-20,0.503,0.4609,0.4672,61079800.59,29106249.24,0.502,direct,
ADA,2024-05-21,0.5101,0.4907,0.502,35798886.03,17917443.58,0.4945,direct,
ADA,2024-05-22,0.4951,0.475,0.4945,28015344.47,13550840.4,0.4832,direct,
ADA,2024-05-23,0.4883,0.4449,0.4832,43910246.68,20546404.9,0.4656,direct,
ADA,2024-05-24,0.4695,0.4542,0.4656,22773900.58,10499500.84,0.46,direct,
ADA,2024-05-25,0.4645,0.4572,0.46,12541840.6,5777034.8,0.462,direct,
ADA,2024-05-26,0.4627,0.4549,0.462,13336965.93,6126901.21,0.458,direct,
ADA,2024-05-27,0.4747,0.4564,0.458,19110938.15,8892201.58,0.4681,direct,
ADA,2024-05-28,0.4689,0.4517,0.4681,18549630.54,8496602.1,0.4572,direct,
ADA,2024-05-29,0.4639,0.4503,0.4572,19731662.28,9021749.12,0.4507,direct,
ADA,2024-05-30,0.461,0.4431,0.4507,26807272.26,12055257.65,0.4464,direct,
ADA,2024-05-31,0.4555,0.4434,0.4464,18327742.88,8226478.98,0.4466,direct,
ADA,2024-06-01,0.4529,0.4446,0.4466,8635551.95,3873910.19,0.4495,direct,
ADA,2024-06-02,0.4537,0.4403,0.4495,11957160.39,5359837.54,0.4462,direct,
ADA,2024-06-03,0.4632,0.4433,0.4462,18692077.48,8493740.7,0.4573,direct,
ADA,2024-06-04,0.4659,0.4526,0.4573,23700460.82,10893596.59,0.4616,direct,
ADA,2024-06-05,0.4672,0.4572,0.4616,18981447.11,8762000.2,0.4614,direct,
ADA,2024-06-06,0.4621,0.4496,0.4614,23794807.82,10891842.84,0.4581,direct,
ADA,2024-06-07,0.4898,0.4294,0.4581,67889674.38,31490330.36,0.4492,direct,
ADA,2024-06-08,0.4492,0.4323,0.4492,22276288.55,9783395.57,0.4368,direct,
ADA,2024-06-09,0.4461,0.4318,0.4368,11995761.47,5279850.26,0.444,direct,
ADA,2024-06-10,0.451,0.435,0.444,26618643.59,11800435.86,0.4404,direct,
ADA,2024-06-11,0.4414,0.4129,0.4404,41379600.32,17632761.79,0.4219,direct,
ADA,2024-06-12,0.4441,0.4146,0.4219,30652664.56,13284605.87,0.4377,direct,
ADA,2024-06-13,0.4388,0.4191,0.4377,22015689.98,9410336.71,0.4209,direct,
ADA,2024-06-14,0.4244,0.4001,0.4209,31981641.79,13167153.66,0.4119,direct,
ADA,2024-06-15,0.4154,0.408,0.4119,12334695.77,5076926.04,0.4137,direct,
ADA,2024-06-16,0.4188,0.409,0.4137,9863349.04,4090915.0,0.4165,direct,
ADA,2024-06-17,0.4205,0.3909,0.4165,33644572.13,13666297.54,0.4011,direct,
ADA,2024-06-18,0.4024,0.3655,0.4011,75522055.16,28395693.03,0.3834,direct,
ADA,2024-06-19,0.3978,0.3802,0.3834,37951623.97,14730931.09,0.3843,direct,
ADA,2024-06-20,0.3974,0.3771,0.3843,37877684.47,14684442.34,0.3841,direct,
ADA,2024-06-21,0.3907,0.3735,0.3841,31265331.99,11960569.72,0.3759,direct,
ADA,2024-06-22,0.3906,0.3713,0.3759,28863497.16,11024748.33,0.3845,direct,
ADA,2024-06-23,0.3928,0.3789,0.3845,16056397.83,6199798.62,0.3799,direct,
ADA,2024-06-24,0.3814,0.3639,0.3799,48787801.48,18192360.34,0.3776,direct,
ADA,2024-06-25,0.3972,0.377,0.3776,25744570.14,10037158.7,0.3917,direct,
ADA,2024-06-26,0.3962,0.3829,0.3917,26076824.09,10158500.71,0.3847,direct,
ADA,2024-06-27,0.3937,0.3776,0.3847,25521155.31,9877357.71,0.3907,direct,
ADA,2024-06-28,0.3962,0.3848,0.3907,28222171.25,11015083.15,0.3852,direct,
ADA,2024-06-29,0.4032,0.3829,0.3852,17844993.81,7011962.82,0.3836,direct,
ADA,2024-06-30,0.3938,0.3782,0.3836,16356339.4,6306506.14,0.3919,direct,
ADA,2024-07-01,0.4081,0.3911,0.3919,23493572.46,9418483.95,0.4028,direct,
ADA,2024-07-02,0.4191,0.4025,0.4028,21422952.17,8841478.24,0.4179,direct,
ADA,2024-07-03,0.4228,0.3999,0.4179,30766182.43,12631711.63,0.4066,direct,
ADA,2024-07-04,0.4134,0.3615,0.4066,38362308.29,14768512.0,0.362,direct,
ADA,2024-07-05,0.3622,0.3182,0.362,97636968.25,33220903.92,0.3499,direct,
ADA,2024-07-06,0.38,0.3468,0.3499,32853377.32,11828908.92,0.3708,direct,
ADA,2024-07-07,0.3713,0.3448,0.3708,21949563.0,7907286.4,0.3467,direct,
ADA,2024-07-08,0.3799,0.3309,0.3467,47666331.42,17161733.19,0.3692,direct,
ADA,2024-07-09,0.3806,0.3628,0.3692,23959479.64,8943281.01,0.3754,direct,
ADA,2024-07-10,0.39,0.372,0.3754,22950699.99,8800562.47,0.3887,direct,
ADA,2024-07-11,0.405,0.3847,0.3887,31728893.4,12557400.48,0.3961,direct,
ADA,2024-07-12,0.418,0.3934,0.3961,35231380.42,14308790.36,0.4166,direct,
ADA,2024-07-13,0.4466,0.4119,0.4166,36327560.99,15587403.35,0.4419,direct,
ADA,2024-07-14,0.4453,0.4249,0.4419,24103477.67,10438752.68,0.432,direct,
ADA,2024-07-15,0.4459,0.4313,0.432,40745268.01,17837371.66,0.4453,direct,
ADA,2024-07-16,0.4528,0.427,0.4453,33652962.56,14829937.98,0.4383,direct,
ADA,2024-07-17,0.4567,0.4357,0.4383,29423075.5,13111513.87,0.4361,direct,
ADA,2024-07-18,0.4497,0.42,0.4361,20853480.83,9021815.21,0.4234,direct,
ADA,2024-07-19,0.4432,0.4147,0.4234,22326929.59,9577286.24,0.4392,direct,
ADA,2024-07-20,0.442,0.4279,0.4392,13615805.35,5930255.7,0.4376,direct,
ADA,2024-07-21,0.4488,0.4172,0.4376,18408960.45,7970278.52,0.4469,direct,
ADA,2024-07-22,0.4502,0.424,0.4469,27855574.4,12104675.2,0.4264,direct,
ADA,2024-07-23,0.4296,0.4034,0.4264,26353075.43,10994852.43,0.4102,direct,
ADA,2024-07-24,0.4214,0.4039,0.4102,35147271.49,14503431.33,0.4064,direct,
ADA,2024-07-25,0.4083,0.3817,0.4064,35840203.09,14094175.96,0.3947,direct,
ADA,2024-07-26,0.4199,0.3945,0.3947,23407087.59,9634519.92,0.4173,direct,
ADA,2024-07-27,0.4292,0.4132,0.4173,25076536.41,10536580.29,0.4175,direct,
ADA,2024-07-28,0.4206,0.4047,0.4175,9657591.1,3967154.03,0.4073,direct,
ADA,2024-07-29,0.427,0.4032,0.4073,22897043.22,9492828.24,0.4032,direct,
ADA,2024-07-30,0.4075,0.3942,0.4032,18910603.23,7603817.55,0.4013,direct,
ADA,2024-07-31,0.4077,0.3872,0.4013,24067102.35,9618220.21,0.3881,direct,
ADA,2024-08-01,0.3955,0.3682,0.3881,34614404.96,13197202.68,0.3925,direct,
ADA,2024-08-02,0.3949,0.3586,0.3925,41582758.13,15553412.53,0.3633,direct,
ADA,2024-08-03,0.3726,0.3491,0.3633,27991072.28,10045067.25,0.3645,direct,
ADA,2024-08-04,0.3675,0.3339,0.3645,36504139.61,12738829.22,0.344,direct,
ADA,2024-08-05,0.3456,0.2771,0.344,150864372.49,46121236.24,0.312,direct,
ADA,2024-08-06,0.337,0.3116,0.312,35218512.51,11584088.3,0.3312,direct,
ADA,2024-08-07,0.341,0.3158,0.3312,35034655.01,11474835.64,0.324,direct,
ADA,2024-08-08,0.3535,0.3189,0.324,28779441.06,9731220.64,0.3518,direct,
ADA,2024-08-09,0.3546,0.3368,0.3518,27202667.29,9422220.83,0.3485,direct,
ADA,2024-08-10,0.3523,0.3445,0.3485,10156328.47,3525820.49,0.3458,direct,
ADA,2024-08-11,0.3565,0.3272,0.3458,16568968.65,5649905.55,0.3277,direct,
ADA,2024-08-12,0.3445,0.3267,0.3277,17577203.9,5914529.42,0.3391,direct,
ADA,2024-08-13,0.3451,0.331,0.3391,16412497.56,5565866.22,0.34,direct,
ADA,2024-08-14,0.3457,0.3313,0.34,18725629.84,6327077.65,0.3354,direct,
ADA,2024-08-15,0.3418,0.3207,0.3354,25120194.15,8286446.11,0.3249,direct,
ADA,2024-08-16,0.3453,0.3205,0.3249,25528224.04,8445187.02,0.3303,direct,
ADA,2024-08-17,0.3388,0.3276,0.3303,12844509.7,4284599.71,0.3373,direct,
ADA,2024-08-18,0.3399,0.333,0.3373,12945739.92,4367037.47,0.3343,direct,
ADA,2024-08-19,0.3377,0.328,0.3343,14688493.68,4898492.06,0.3368,direct,
ADA,2024-08-20,0.3512,0.3357,0.3368,26438770.28,9073582.46,0.3436,direct,
ADA,2024-08-21,0.3774,0.3429,0.3436,48441352.27,17443838.37,0.369,direct,
ADA,2024-08-22,0.3776,0.3645,0.369,26854218.1,9985507.62,0.3764,direct,
ADA,2024-08-23,0.3927,0.374,0.3764,44109928.14,16871531.73,0.3916,direct,
ADA,2024-08-24,0.4015,0.3881,0.3916,26443758.68,10427782.03,0.3939,direct,
ADA,2024-08-25,0.3942,0.3779,0.3939,22347973.64,8617153.11,0.385,direct,
ADA,2024-08-26,0.388,0.3662,0.385,29639746.16,11089520.18,0.3662,direct,
ADA,2024-08-27,0.3728,0.3425,0.3662,32940572.67,11911555.41,0.3505,direct,
ADA,2024-08-28,0.3605,0.3408,0.3505,31536697.41,11073613.3,0.3501,direct,
ADA,2024-08-29,0.3676,0.3472,0.3501,29378916.19,10499230.02,0.3579,direct,
ADA,2024-08-30,0.3621,0.3378,0.3579,33187671.92,11615332.83,0.3471,direct,
ADA,2024-08-31,0.3504,0.3446,0.3471,12232078.21,4247252.87,0.345,direct,
ADA,2024-09-01,0.3457,0.3274,0.345,28586088.69,9668217.29,0.3315,direct,
ADA,2024-09-02,0.3373,0.3251,0.3315,23185825.43,7681038.2,0.3363,direct,
ADA,2024-09-03,0.3396,0.3175,0.3363,27764954.38,9058080.92,0.3185,direct,
ADA,2024-09-04,0.3293,0.3054,0.3185,50284662.39,16001754.94,0.3234,direct,
ADA,2024-09-05,0.3399,0.3197,0.3234,30662891.8,10027609.4,0.3251,direct,
ADA,2024-09-06,0.3317,0.3035,0.3251,31479777.06,10021874.72,0.3148,direct,
ADA,2024-09-07,0.3279,0.3147,0.3148,13863762.6,4475470.51,0.3254,direct,
ADA,2024-09-08,0.3409,0.3239,0.3254,15617341.83,5227834.7,0.3391,direct,
ADA,2024-09-09,0.3489,0.3376,0.3391,25336483.64,8688534.06,0.3434,direct,
ADA,2024-09-10,0.3457,0.3374,0.3434,12969283.83,4436276.42,0.3431,direct,
ADA,2024-09-11,0.3572,0.3301,0.3431,27383504.41,9369747.93,0.3532,direct,
ADA,2024-09-12,0.3615,0.3522,0.3532,24421099.12,8707456.73,0.3563,direct,
ADA,2024-09-13,0.3649,0.3504,0.3563,20825838.36,7464965.36,0.3609,direct,
ADA,2024-09-14,0.362,0.3515,0.3609,13981614.74,4981503.8,0.3544,direct,
ADA,2024-09-15,0.3563,0.3343,0.3544,17680224.57,6125881.34,0.3386,direct,
ADA,2024-09-16,0.3386,0.3264,0.3386,19734336.48,6548479.21,0.3303,direct,
ADA,2024-09-17,0.3431,0.3285,0.3303,21485628.43,7197402.13,0.3338,direct,
ADA,2024-09-18,0.3443,0.3273,0.3338,19113047.23,6375329.17,0.3442,direct,
ADA,2024-09-19,0.3565,0.3442,0.3442,33934850.28,11905803.1,0.351,direct,
ADA,2024-09-20,0.3612,0.349,0.351,23956834.74,8520103.15,0.3523,direct,
ADA,2024-09-21,0.3598,0.3506,0.3523,16614333.31,5911909.16,0.3585,direct,
ADA,2024-09-22,0.3593,0.3431,0.3585,16499215.57,5797310.97,0.3517,direct,
ADA,2024-09-23,0.3657,0.3457,0.3517,32146435.71,11498007.52,0.3638,direct,
ADA,2024-09-24,0.3916,0.3586,0.3638,47858347.75,18041130.86,0.3877,direct,
ADA,2024-09-25,0.3938,0.379,0.3877,39631313.49,15262280.64,0.381,direct,
ADA,2024-09-26,0.404,0.3781,0.381,44006353.33,17374188.83,0.4018,direct,
ADA,2024-09-27,0.4157,0.3996,0.4018,36603112.36,14853068.09,0.4019,direct,
ADA,2024-09-28,0.4061,0.3924,0.4019,18042981.88,7232909.64,0.4006,direct,
ADA,2024-09-29,0.4043,0.3929,0.4006,13756948.0,5492713.08,0.3978,direct,
ADA,2024-09-30,0.3978,0.3708,0.3978,29921308.15,11490486.7,0.3733,direct,
ADA,2024-10-01,0.3881,0.3427,0.3733,58792745.53,21356780.96,0.3522,direct,
ADA,2024-10-02,0.3626,0.3358,0.3522,39168595.98,13707449.78,0.3433,direct,
ADA,2024-10-03,0.3495,0.332,0.3433,36684379.19,12514101.94,0.3454,direct,
ADA,2024-10-04,0.3561,0.3429,0.3454,22722620.11,7965842.96,0.3516,direct,
ADA,2024-10-05,0.3557,0.3455,0.3516,10961157.33,3853780.56,0.3509,direct,
ADA,2024-10-06,0.3585,0.3478,0.3509,14009863.57,4947444.78,0.3573,direct,
ADA,2024-10-07,0.3683,0.3504,0.3573,28576146.6,10266895.44,0.3514,direct,
ADA,2024-10-08,0.3579,0.3409,0.3514,25381327.59,8839044.16,0.3445,direct,
ADA,2024-10-09,0.3477,0.3339,0.3445,18422049.89,6273514.52,0.3392,direct,
ADA,2024-10-10,0.3415,0.3313,0.3392,16422707.05,5529710.32,0.3394,direct,
ADA,2024-10-11,0.3549,0.338,0.3394,17631667.94,6118303.55,0.3515,direct,
ADA,2024-10-12,0.3566,0.3509,0.3515,12819619.64,4531788.15,0.353,direct,
ADA,2024-10-13,0.3595,0.3444,0.353,15750025.92,5523423.03,0.3486,direct,
ADA,2024-10-14,0.3653,0.3422,0.3486,36064697.17,12903783.48,0.3643,direct,
ADA,2024-10-15,0.371,0.348,0.3643,33696323.78,12104509.49,0.359,direct,
ADA,2024-10-16,0.3609,0.3511,0.359,28629676.19,10182010.9,0.352,direct,
ADA,2024-10-17,0.3587,0.3394,0.352,30741219.52,10690651.02,0.3432,direct,
ADA,2024-10-18,0.3529,0.3425,0.3432,22876518.12,7966143.37,0.3505,direct,
ADA,2024-10-19,0.357,0.3492,0.3505,12874571.53,4532711.76,0.3514,direct,
ADA,2024-10-20,0.3656,0.3482,0.3514,20035391.91,7164669.93,0.3649,direct,
ADA,2024-10-21,0.3724,0.3531,0.3649,34002870.77,12335633.7,0.3607,direct,
ADA,2024-10-22,0.3678,0.3549,0.3607,28778454.51,10435947.33,0.3641,direct,
ADA,2024-10-23,0.3688,0.3421,0.3641,31892806.73,11296124.64,0.3494,direct,
ADA,2024-10-24,0.3546,0.3395,0.3494,32292796.35,11153440.32,0.3463,direct,
ADA,2024-10-25,0.3469,0.3171,0.3463,49955546.41,16839395.63,0.3258,direct,
ADA,2024-10-26,0.3345,0.3205,0.3258,24860549.96,8175654.33,0.3334,direct,
ADA,2024-10-27,0.3419,0.3305,0.3334,12647411.81,4260079.1,0.3395,direct,
ADA,2024-10-28,0.3478,0.3301,0.3395,25389462.49,8588803.74,0.3435,direct,
ADA,2024-10-29,0.3569,0.3426,0.3435,35147315.33,12300473.91,0.3561,direct,
ADA,2024-10-30,0.3637,0.3507,0.3561,32225116.48,11509363.26,0.3551,direct,
ADA,2024-10-31,0.3611,0.3402,0.3551,26712345.02,9346598.98,0.3413,direct,
ADA,2024-11-01,0.3616,0.3338,0.3413,35347912.03,12407938.91,0.3574,direct,
ADA,2024-11-02,0.3636,0.3452,0.3574,19636880.22,6983573.56,0.348,direct,
ADA,2024-11-03,0.3481,0.3276,0.348,24094912.63,8083461.91,0.334,direct,
ADA,2024-11-04,0.3366,0.3202,0.334,25851232.28,8498419.39,0.3262,direct,
ADA,2024-11-05,0.3382,0.326,0.3262,25090111.32,8352336.77,0.3335,direct,
ADA,2024-11-06,0.3659,0.3335,0.3335,71718372.88,25617547.92,0.3633,direct,
ADA,2024-11-07,0.407,0.3617,0.3633,88510556.78,34047646.62,0.4069,direct,
ADA,2024-11-08,0.459,0.4044,0.4069,147653151.75,64003007.37,0.4449,direct,
ADA,2024-11-09,0.4983,0.4277,0.4449,70108034.63,31555306.88,0.4967,direct,
ADA,2024-11-10,0.6795,0.4883,0.4967,357356876.02,208491217.15,0.5903,direct,
ADA,2024-11-11,0.6248,0.5651,0.5903,195394514.15,116874186.3,0.6137,direct,
ADA,2024-11-12,0.6544,0.5557,0.6137,199357369.11,117957438.58,0.5716,direct,
ADA,2024-11-13,0.6105,0.5198,0.5716,169982703.45,96083782.09,0.579,direct,
ADA,2024-11-14,0.6,0.542,0.579,119051869.81,67851911.64,0.579,direct,
ADA,2024-11-15,0.7073,0.575,0.579,285041118.05,184856949.4,0.7071,direct,
ADA,2024-11-16,0.8191,0.7028,0.7071,288004774.9,216449200.37,0.742,direct,
ADA,2024-11-17,0.7737,0.6908,0.742,123224480.99,88952501.91,0.7027,direct,
ADA,2024-11-18,0.7834,0.701,0.7027,155887113.25,116477987.64,0.7332,direct,
ADA,2024-11-19,0.7653,0.7213,0.7332,96032052.89,71186353.27,0.7396,direct,
ADA,2024-11-20,0.8487,0.7394,0.7396,208255679.16,168312244.18,0.8008,direct,
ADA,2024-11-21,0.8245,0.7678,0.8008,140309840.74,111270515.23,0.8227,direct,
ADA,2024-11-22,1.046,0.8136,0.8227,366383463.0,341470924.41,1.019,direct,
ADA,2024-11-23,1.154,1.017,1.019,316776123.56,344280160.53,1.067,direct,
ADA,2024-11-24,1.099,0.9406,1.067,208604171.98,211511243.93,1.024,direct,
ADA,2024-11-25,1.079,0.9274,1.024,173067770.7,174020023.84,0.9435,direct,
ADA,2024-11-26,0.9905,0.8728,0.9435,158608630.49,147572168.98,0.9603,direct,
ADA,2024-11-27,1.042,0.9315,0.9603,130507213.57,130318298.19,1.013,direct,
ADA,2024-11-28,1.049,0.9707,1.013,67613467.95,68057155.6,1.032,direct,
ADA,2024-11-29,1.1,1.028,1.032,122136685.17,129576048.1,1.076,direct,
ADA,2024-11-30,1.15,1.051,1.076,116749946.8,127646386.55,1.079,direct,
ADA,2024-12-01,1.164,1.038,1.079,134224858.03,147508970.29,1.15,direct,
ADA,2024-12-02,1.243,1.057,1.15,311197925.56,363258807.83,1.202,direct,
ADA,2024-12-03,1.327,1.141,1.202,284426549.72,353300766.69,1.192,direct,
ADA,2024-12-04,1.242,1.141,1.192,150882819.58,180327312.32,1.189,direct,
ADA,2024-12-05,1.246,1.117,1.189,182185641.28,217645502.76,1.161,direct,
ADA,2024-12-06,1.239,1.136,1.161,122211936.49,145923511.38,1.229,direct,
ADA,2024-12-07,1.238,1.19,1.229,70165972.07,85011850.92,1.211,direct,
ADA,2024-12-08,1.225,1.174,1.211,86184646.41,103026613.12,1.195,direct,
ADA,2024-12-09,1.195,0.9062,1.195,249841968.41,265682294.73,1.005,direct,
ADA,2024-12-10,1.041,0.9102,1.005,258104158.05,254860247.65,1.022,direct,
ADA,2024-12-11,1.116,0.9722,1.022,137254576.25,144797075.09,1.087,direct,
ADA,2024-12-12,1.182,1.073,1.087,132947026.16,151169611.92,1.123,direct,
ADA,2024-12-13,1.131,1.077,1.123,75862052.02,83759424.56,1.121,direct,
ADA,2024-12-14,1.133,1.043,1.121,60036883.32,65137195.6,1.061,direct,
ADA,2024-12-15,1.112,1.039,1.061,50191162.13,54165256.61,1.099,direct,
ADA,2024-12-16,1.121,1.047,1.099,85672096.2,93375775.75,1.078,direct,
ADA,2024-12-17,1.111,1.042,1.078,75235994.49,81064333.51,1.052,direct,
ADA,2024-12-18,1.061,0.9637,1.052,108688109.92,110095662.18,0.9682,direct,
ADA,2024-12-19,0.9884,0.8464,0.9682,175287262.92,161372608.97,0.8801,direct,
ADA,2024-12-20,0.9589,0.761,0.8801,224162181.39,192123357.45,0.9496,direct,
ADA,2024-12-21,0.9975,0.8861,0.9496,96704190.89,90428338.73,0.9046,direct,
ADA,2024-12-22,0.9241,0.8581,0.9046,61515536.93,54843101.41,0.8825,direct,
ADA,2024-12-23,0.9412,0.8614,0.8825,90544884.46,81135361.41,0.9253,direct,
ADA,2024-12-24,0.9496,0.8907,0.9253,59551902.78,54995221.65,0.9353,direct,
ADA,2024-12-25,0.9392,0.8992,0.9353,34177652.25,31403247.78,0.9169,direct,
ADA,2024-12-26,0.9273,0.8502,0.9169,44084951.45,38617604.74,0.8602,direct,
ADA,2024-12-27,0.9133,0.8545,0.8602,49752232.54,43823907.63,0.8758,direct,
ADA,2024-12-28,0.8981,0.8652,0.8758,23937166.62,21047927.86,0.8881,direct,
ADA,2024-12-29,0.9106,0.8501,0.8881,39177172.88,34334089.75,0.8574,direct,
ADA,2024-12-30,0.9028,0.8284,0.8574,74273120.89,64030535.2,0.86,direct,
ADA,2024-12-31,0.8775,0.8387,0.86,44889676.07,38365582.99,0.8435,direct,
ADA,2025-01-01,0.9332,0.8368,0.8435,62008685.34,55060638.45,0.9204,direct,
ADA,2025-01-02,0.9811,0.9202,0.9204,62547218.17,59590556.49,0.9604,direct,
ADA,2025-01-03,1.118,0.9563,0.9604,141331270.37,150576215.21,1.089,direct,
ADA,2025-01-04,1.114,1.056,1.089,56532530.01,60960673.7,1.07,direct,
ADA,2025-01-05,1.112,1.052,1.07,69772802.67,75667491.61,1.091,direct,
ADA,2025-01-06,1.116,1.063,1.091,76911428.55,84000522.52,1.094,direct,
ADA,2025-01-07,1.151,0.9878,1.094,131821213.26,141150551.13,0.9892,direct,
ADA,2025-01-08,1.024,0.9098,0.9892,116316022.05,111701035.45,0.9468,direct,
ADA,2025-01-09,0.9618,0.8803,0.9468,99254278.44,90861875.1,0.9045,direct,
ADA,2025-01-10,0.9739,0.9042,0.9045,66986909.74,62746307.51,0.9303,direct,
ADA,2025-01-11,1.016,0.9135,0.9303,54467588.38,52285351.6,0.9948,direct,
ADA,2025-01-12,1.036,0.961,0.9948,63729448.7,63781370.85,0.9672,direct,
ADA,2025-01-13,0.9931,0.8774,0.9672,111731320.73,103340415.03,0.9441,direct,
ADA,2025-01-14,1.01,0.9381,0.9441,78330080.73,76407554.31,0.9968,direct,
ADA,2025-01-15,1.089,0.9832,0.9968,123278843.83,128457012.77,1.076,direct,
ADA,2025-01-16,1.145,1.027,1.076,130167094.12,142017463.8,1.089,direct,
ADA,2025-01-17,1.167,1.086,1.089,106192256.96,119793757.8,1.134,direct,
ADA,2025-01-18,1.147,1.05,1.134,92607172.61,100045607.6,1.103,direct,
ADA,2025-01-19,1.151,0.9625,1.103,187413207.23,197018954.14,0.9919,direct,
ADA,2025-01-20,1.1,0.9602,0.9919,171057175.35,176354521.38,1.008,direct,
ADA,2025-01-21,1.029,0.9505,1.008,100608969.79,99794092.41,1.006,direct,
ADA,2025-01-22,1.02,0.9758,1.006,62426165.37,62221207.54,0.9821,direct,
ADA,2025-01-23,1.012,0.951,0.9821,88546917.4,86491144.4,0.9865,direct,
ADA,2025-01-24,1.009,0.9638,0.9865,61313131.94,60618614.52,0.9715,direct,
ADA,2025-01-25,0.9915,0.9644,0.9715,30907821.34,30263857.73,0.9764,direct,
ADA,2025-01-26,1.0,0.9517,0.9764,40644834.61,39914917.86,0.9528,direct,
ADA,2025-01-27,0.9583,0.8566,0.9528,121868199.52,110653490.87,0.9343,direct,
ADA,2025-01-28,0.9682,0.9028,0.9343,57577061.39,54338195.44,0.9164,direct,
ADA,2025-01-29,0.9764,0.9021,0.9164,71727029.17,66948610.67,0.9399,direct,
ADA,2025-01-30,0.9882,0.9367,0.9399,44810364.25,43249476.11,0.9596,direct,
ADA,2025-01-31,0.9834,0.9348,0.9596,51043594.23,48807656.32,0.9423,direct,
ADA,2025-02-01,0.957,0.8877,0.9423,41217341.29,37964475.06,0.8946,direct,
ADA,2025-02-02,0.9112,0.7524,0.8946,172420376.7,143149531.11,0.8043,direct,
ADA,2025-02-03,0.8266,0.5455,0.8043,419694804.42,298302763.81,0.8129,direct,
ADA,2025-02-04,0.8206,0.7156,0.8129,158006136.17,120141526.2,0.744,direct,
ADA,2025-02-05,0.7763,0.7252,0.744,81437706.97,61198403.02,0.7324,direct,
ADA,2025-02-06,0.7658,0.6987,0.7324,71432676.55,51895805.86,0.7053,direct,
ADA,2025-02-07,0.7533,0.6906,0.7053,80366755.04,58031953.25,0.7076,direct,
ADA,2025-02-08,0.7171,0.6817,0.7076,41845484.83,29173499.03,0.7008,direct,
ADA,2025-02-09,0.7159,0.6503,0.7008,70549764.91,48306942.4,0.6819,direct,
ADA,2025-02-10,0.7243,0.6637,0.6819,56897497.69,39688306.35,0.7121,direct,
ADA,2025-02-11,0.8224,0.7106,0.7121,182223442.95,141666402.39,0.7782,direct,
ADA,2025-02-12,0.8077,0.747,0.7782,101920559.43,79169555.83,0.7999,direct,
ADA,2025-02-13,0.8307,0.7698,0.7999,71776627.15,56987426.16,0.8107,direct,
ADA,2025-02-14,0.8289,0.7901,0.8107,60054401.23,48596640.25,0.8,direct,
ADA,2025-02-15,0.8139,0.7749,0.8,38100833.21,30193006.09,0.7811,direct,
ADA,2025-02-16,0.789,0.7621,0.7811,32131865.99,24934022.84,0.7714,direct,
ADA,2025-02-17,0.8288,0.7709,0.7714,96680020.37,77772253.59,0.809,direct,
ADA,2025-02-18,0.8138,0.7352,0.809,80773193.43,62015968.22,0.7536,direct,
ADA,2025-02-19,0.776,0.7322,0.7536,58249436.72,44231981.81,0.7738,direct,
ADA,2025-02-20,0.8112,0.7705,0.7738,50978642.9,40348797.52,0.8038,direct,
ADA,2025-02-21,0.8188,0.7502,0.8038,73233342.03,57505497.38,0.7617,direct,
ADA,2025-02-22,0.7842,0.7571,0.7617,30398542.54,23472727.74,0.7737,direct,
ADA,2025-02-23,0.7882,0.76,0.7737,31142403.3,23979182.14,0.7696,direct,
ADA,2025-02-24,0.7774,0.6701,0.7696,96187205.95,69031655.38,0.6814,direct,
ADA,2025-02-25,0.6944,0.6304,0.6814,150198473.78,99593593.12,0.6825,direct,
ADA,2025-02-26,0.6945,0.6307,0.6825,92905858.53,61708234.21,0.6463,direct,
ADA,2025-02-27,0.6791,0.625,0.6463,57173730.78,37420188.21,0.645,direct,
ADA,2025-02-28,0.6462,0.5797,0.645,106582507.86,65169623.9,0.6327,direct,
ADA,2025-03-01,0.6765,0.6251,0.6327,44413950.98,28713435.63,0.659,direct,
ADA,2025-03-02,1.168,0.6448,0.659,629279544.06,620855871.11,1.136,direct,
ADA,2025-03-03,1.172,0.824,1.136,542666735.11,525963422.64,0.8571,direct,
ADA,2025-03-04,0.9558,0.7577,0.8571,539289865.41,460494427.45,0.9408,direct,
ADA,2025-03-05,1.027,0.9139,0.9408,334347266.78,322115073.11,0.9742,direct,
ADA,2025-03-06,0.9884,0.8854,0.9742,230274045.23,214960807.91,0.9065,direct,
ADA,2025-03-07,0.9205,0.8066,0.9065,292466202.16,248800876.92,0.8181,direct,
ADA,2025-03-08,0.8387,0.7932,0.8181,95789483.22,78054905.24,0.8049,direct,
ADA,2025-03-09,0.8172,0.7089,0.8049,168966472.87,128196649.74,0.721,direct,
ADA,2025-03-10,0.7783,0.6579,0.721,216773624.8,154255817.29,0.6705,direct,
ADA,2025-03-11,0.7448,0.6476,0.6705,223199419.56,158365823.71,0.7238,direct,
ADA,2025-03-12,0.7684,0.711,0.7238,151467961.72,111246886.57,0.7357,direct,
ADA,2025-03-13,0.7401,0.6888,0.7357,157385822.86,112546821.64,0.7026,direct,
ADA,2025-03-14,0.7512,0.6963,0.7026,103347186.88,75014914.91,0.7372,direct,
ADA,2025-03-15,0.7594,0.7311,0.7372,59202350.26,44231065.24,0.7467,direct,
ADA,2025-03-16,0.7471,0.6949,0.7467,83000708.61,59101893.32,0.7048,direct,
ADA,2025-03-17,0.7296,0.7025,0.7048,45867901.3,32984965.76,0.7242,direct,
BNB,2024-03-17,607.08,564.9,575.86,81145.06,46354386.89,571.25,multiply,BTC
BNB,2024-03-18,580.56,546.22,571.25,86032.03,47777366.52,555.34,multiply,BTC
BNB,2024-03-19,513.72,489.26,555.34,101713.9,51610184.14,507.41,multiply,BTC
BNB,2024-03-20,574.62,546.79,507.41,71610.18,39870338.8,556.77,multiply,BTC
BNB,2024-03-21,558.66,531.28,556.77,59808.66,33114839.84,553.68,multiply,BTC
BNB,2024-03-22,570.4,537.66,553.68,94607.08,52411876.74,554.0,multiply,BTC
BNB,2024-03-23,561.45,546.21,554.0,39828.71,21979318.65,551.85,multiply,BTC
BNB,2024-03-24,584.58,567.17,551.85,26243.02,14900156.18,567.78,multiply,BTC
BNB,2024-03-25,612.89,582.76,567.78,60716.9,35646587.43,587.09,multiply,BTC
BNB,2024-03-26,591.91,574.06,587.09,37325.9,21659805.98,580.29,multiply,BTC
BNB,2024-03-27,577.0,565.89,580.29,35954.7,20638525.64,574.01,multiply,BTC
BNB,2024-03-28,599.8,579.84,574.01,43518.76,25390917.64,583.45,multiply,BTC
BNB,2024-03-29,619.84,575.73,583.45,93804.13,57494034.97,612.92,multiply,BTC
BNB,2024-03-30,610.79,594.64,612.92,37718.97,22668212.45,600.98,multiply,BTC
BNB,2024-03-31,620.85,606.59,600.98,26633.31,16164932.42,606.94,multiply,BTC
BNB,2024-04-01,595.4,575.75,606.94,51949.71,29935323.93,576.24,multiply,BTC
BNB,2024-04-02,558.3,540.17,576.24,54903.46,30271652.62,551.36,multiply,BTC
BNB,2024-04-03,563.72,550.06,551.36,36626.41,20576927.39,561.81,multiply,BTC
BNB,2024-04-04,608.29,583.21,561.81,75477.78,44215629.3,585.81,multiply,BTC
BNB,2024-04-05,590.66,573.56,585.81,46846.4,27091621.5,578.31,multiply,BTC
BNB,2024-04-06,593.83,583.63,578.31,21475.52,12578175.58,585.7,multiply,BTC
BNB,2024-04-07,591.27,577.26,585.7,22902.04,13368177.37,583.71,multiply,BTC
BNB,2024-04-08,603.62,585.0,583.71,38711.95,22696286.38,586.29,multiply,BTC
BNB,2024-04-09,582.28,562.64,586.29,47071.61,27317631.57,580.34,multiply,BTC
BNB,2024-04-10,628.38,589.68,580.34,61046.64,37226657.07,609.81,multiply,BTC
BNB,2024-04-11,611.68,589.83,609.81,49687.29,30044822.23,604.68,multiply,BTC
BNB,2024-04-12,601.67,578.03,604.68,119254.0,71062933.39,595.9,multiply,BTC
BNB,2024-04-13,570.56,531.31,595.9,118125.88,65446562.9,554.04,multiply,BTC
BNB,2024-04-14,578.67,560.78,554.04,54464.66,30886751.49,567.1,multiply,BTC
BNB,2024-04-15,558.84,543.49,567.1,56007.14,30965200.16,552.88,multiply,BTC
BNB,2024-04-16,556.87,537.28,552.88,38529.26,20727909.51,537.98,multiply,BTC
BNB,2024-04-17,538.62,513.93,537.98,77539.58,41412943.24,534.09,multiply,BTC
BNB,2024-04-18,573.13,548.48,534.09,68721.79,37954590.72,552.29,multiply,BTC
BNB,2024-04-19,562.69,547.43,552.29,56162.57,31143388.4,554.52,multiply,BTC
BNB,2024-04-20,575.13,563.17,554.52,27076.76,15468877.56,571.3,multiply,BTC
BNB,2024-04-21,582.65,567.91,571.3,31400.66,18208005.71,579.86,multiply,BTC
BNB,2024-04-22,615.06,596.14,579.86,58999.41,35684631.4,604.83,multiply,BTC
BNB,2024-04-23,620.98,597.4,604.83,81589.94,49457394.54,606.17,multiply,BTC
BNB,2024-04-24,615.39,580.88,606.17,60468.18,36799701.19,608.58,multiply,BTC
BNB,2024-04-25,619.8,604.84,608.58,48332.22,29628984.15,613.03,multiply,BTC
BNB,2024-04-26,610.22,595.56,613.03,36617.55,21887258.28,597.73,multiply,BTC
BNB,2024-04-27,624.29,591.44,597.53,34577.64,20596738.79,595.67,multiply,ETH
BNB,2024-04-28,603.53,589.96,595.97,21894.46,13136665.26,600.0,multiply,BTC
BNB,2024-04-29,609.3,592.25,600.0,32164.22,19063627.5,592.7,multiply,BTC
BNB,2024-04-30,584.21,557.83,592.7,80023.83,46255665.18,578.02,multiply,BTC
BNB,2024-05-01,566.34,548.68,578.02,60397.64,33881785.79,560.98,multiply,BTC
BNB,2024-05-02,571.05,557.75,560.98,38181.55,21399590.46,560.47,multiply,BTC
BNB,2024-05-03,602.62,585.13,560.47,40525.27,23806984.46,587.46,multiply,BTC
BNB,2024-05-04,598.08,585.75,587.46,34623.59,20280724.17,585.75,multiply,BTC
BNB,2024-05-05,595.87,586.46,585.75,20129.63,11919856.27,592.15,multiply,BTC
BNB,2024-05-06,590.88,578.62,592.15,29846.37,17554481.12,588.16,multiply,BTC
BNB,2024-05-07,583.41,573.5,588.16,31448.29,18133578.59,576.62,multiply,BTC
BNB,2024-05-08,589.59,565.18,576.62,35300.57,20765344.02,588.24,multiply,BTC
BNB,2024-05-09,618.85,594.94,588.24,66208.81,39507467.15,596.71,multiply,BTC
BNB,2024-05-10,589.67,570.95,596.71,43460.67,25450480.09,585.6,multiply,BTC
BNB,2024-05-11,593.15,581.1,585.6,25632.7,15175915.18,592.05,multiply,BTC
BNB,2024-05-12,599.23,592.84,592.05,28130.45,16723412.86,594.5,multiply,BTC
BNB,2024-05-13,610.13,591.44,594.5,33891.5,20053240.98,591.69,multiply,BTC
BNB,2024-05-14,587.11,562.12,591.69,41675.91,23621903.8,566.8,multiply,BTC
BNB,2024-05-15,610.85,581.24,566.8,62248.85,36189459.81,581.37,multiply,BTC
BNB,2024-05-16,579.62,561.81,581.37,63178.68,35968309.54,569.31,multiply,BTC
BNB,2024-05-17,587.5,580.2,569.31,34501.87,20052524.86,581.2,multiply,BTC
BNB,2024-05-18,584.28,574.04,581.2,16736.71,9713916.2,580.4,multiply,BTC
BNB,2024-05-19,576.2,568.38,580.4,13902.61,7986763.87,574.48,multiply,BTC
BNB,2024-05-20,619.3,598.09,574.48,44885.51,26919106.62,599.73,multiply,BTC
BNB,2024-05-21,624.05,583.57,599.73,87275.78,53974370.46,618.43,multiply,BTC
BNB,2024-05-22,618.93,605.52,618.43,37954.44,23312829.85,614.23,multiply,BTC
BNB,2024-05-23,622.07,583.5,614.25,49719.02,29763240.41,598.63,multiply,ETH
BNB,2024-05-24,611.86,596.16,598.95,25511.36,15312152.4,600.21,multiply,BTC
BNB,2024-05-25,622.98,590.06,600.21,27663.12,16662295.05,602.33,multiply,BTC
BNB,2024-05-26,601.33,594.89,602.33,9739.56,5843988.34,600.03,multiply,BTC
BNB,2024-05-27,612.2,600.82,600.03,18758.37,11318572.99,603.39,multiply,BTC
BNB,2024-05-28,604.8,593.39,603.39,34223.02,20574014.82,601.17,multiply,BTC
BNB,2024-05-29,597.85,589.95,601.17,39067.15,23242853.81,594.95,multiply,BTC
BNB,2024-05-30,602.95,589.49,594.95,15387.92,9155098.15,594.95,multiply,BTC
BNB,2024-05-31,597.08,583.79,594.95,23029.19,13661755.15,593.24,multiply,BTC
BNB,2024-06-01,607.87,593.99,593.24,20515.54,12335995.97,601.3,multiply,BTC
BNB,2024-06-02,605.65,595.22,601.3,19145.41,11538394.3,602.67,multiply,BTC
BNB,2024-06-03,635.16,608.33,602.67,84321.74,52803450.65,626.21,multiply,BTC
BNB,2024-06-04,687.71,639.24,626.21,97163.65,66635031.88,685.8,multiply,BTC
BNB,2024-06-05,717.58,688.63,685.8,75622.09,52850270.28,698.87,multiply,BTC
BNB,2024-06-06,721.17,691.02,698.87,48096.22,34174980.46,710.55,multiply,BTC
BNB,2024-06-07,696.77,666.96,710.55,38977.14,26647429.55,683.67,multiply,BTC
BNB,2024-06-08,693.73,678.83,683.67,20348.97,13889615.98,682.57,multiply,BTC
BNB,2024-06-09,686.51,670.42,682.57,26817.1,18045916.2,672.93,multiply,BTC
BNB,2024-06-10,672.88,613.39,672.93,81772.39,51101576.47,624.92,multiply,BTC
BNB,2024-06-11,620.08,599.08,624.92,73914.93,44534389.83,602.51,multiply,BTC
BNB,2024-06-12,624.6,603.17,602.51,30484.89,18878477.76,619.27,multiply,BTC
BNB,2024-06-13,606.76,594.01,619.27,36255.37,21729583.83,599.35,multiply,BTC
BNB,2024-06-14,603.89,589.83,599.35,44786.29,27004610.03,602.97,multiply,BTC
BNB,2024-06-15,608.74,602.32,602.97,15608.02,9485706.31,607.75,multiply,BTC
BNB,2024-06-16,612.08,606.35,607.75,16880.1,10302690.79,610.35,multiply,BTC
BNB,2024-06-17,611.76,600.99,610.35,33507.19,20246801.45,604.25,multiply,BTC
BNB,2024-06-18,596.0,578.6,604.25,100824.47,59335930.23,588.51,multiply,BTC
BNB,2024-06-19,601.83,586.51,588.51,22557.84,13511615.19,598.98,multiply,BTC
BNB,2024-06-20,598.81,583.63,598.98,29060.06,17071536.7,587.46,multiply,BTC
BNB,2024-06-21,589.58,578.55,587.46,25153.69,14742952.17,586.11,multiply,BTC
BNB,2024-06-22,590.97,582.75,586.11,9857.09,5824642.26,590.91,multiply,BTC
BNB,2024-06-23,581.77,574.0,590.91,19401.07,11201172.08,577.35,multiply,BTC
BNB,2024-06-24,570.89,545.45,577.35,74254.22,42171433.95,567.93,multiply,BTC
BNB,2024-06-25,585.09,574.46,567.93,20341.92,11761059.72,578.17,multiply,BTC
BNB,2024-06-26,575.4,565.48,578.17,28814.19,16504297.13,572.78,multiply,BTC
BNB,2024-06-27,581.73,573.78,572.78,23216.02,13489635.52,581.05,multiply,BTC
BNB,2024-06-28,573.08,563.67,581.05,22737.27,12878045.32,566.38,multiply,BTC
BNB,2024-06-29,572.81,568.86,566.38,18214.57,10373661.36,569.53,multiply,BTC
BNB,2024-06-30,589.81,580.47,569.53,29267.78,17018459.63,581.47,multiply,BTC
BNB,2024-07-01,583.1,573.74,581.47,23582.82,13589704.87,576.25,multiply,BTC
BNB,2024-07-02,579.81,567.09,576.25,31675.08,18345738.2,579.19,multiply,BTC
BNB,2024-07-03,563.97,554.05,579.19,28060.75,15604391.05,556.09,multiply,BTC
BNB,2024-07-04,527.92,511.15,556.09,55729.16,28609678.31,513.37,multiply,BTC
BNB,2024-07-05,510.78,477.07,513.37,106638.71,53079472.38,497.75,multiply,BTC
BNB,2024-07-06,531.18,511.37,497.75,26230.58,13804670.09,526.28,multiply,BTC
BNB,2024-07-07,505.43,486.99,526.28,23862.9,11708960.62,490.68,multiply,BTC
BNB,2024-07-08,519.01,491.16,490.68,84973.39,43374203.8,510.44,multiply,BTC
BNB,2024-07-09,523.88,515.69,510.44,33421.89,17279999.82,517.03,multiply,BTC
BNB,2024-07-10,526.75,510.01,517.03,42924.53,22516240.9,524.55,multiply,BTC
BNB,2024-07-11,532.88,519.01,524.55,63597.53,33386824.42,524.97,multiply,BTC
BNB,2024-07-12,534.77,527.07,524.97,48553.95,25926067.65,533.96,multiply,BTC
BNB,2024-07-13,547.29,530.41,533.96,41440.32,22068895.74,532.55,multiply,BTC
BNB,2024-07-14,548.22,539.52,532.55,40584.87,22116163.99,544.94,multiply,BTC
BNB,2024-07-15,593.25,571.49,544.94,62734.17,36725574.72,585.42,multiply,BTC
BNB,2024-07-16,589.5,575.05,585.42,50034.7,28847308.62,576.55,multiply,BTC
BNB,2024-07-17,570.84,564.5,576.55,34813.49,19803921.15,568.86,multiply,BTC
BNB,2024-07-18,572.63,564.7,568.86,36850.39,21073485.91,571.87,multiply,BTC
BNB,2024-07-19,603.78,587.43,571.87,75863.54,45050727.06,593.84,multiply,BTC
BNB,2024-07-20,599.1,593.39,593.84,23008.43,13654579.81,593.46,multiply,BTC
BNB,2024-07-21,610.25,601.87,593.46,54674.87,32940514.16,602.48,multiply,BTC
BNB,2024-07-22,601.08,586.89,602.48,379987.14,223242915.35,587.5,multiply,BTC
BNB,2024-07-23,584.89,573.15,587.5,48197.23,28053240.11,582.05,multiply,BTC
BNB,2024-07-24,580.53,571.97,582.05,32364.07,18598042.23,574.65,multiply,BTC
BNB,2024-07-25,579.51,568.46,574.65,55431.05,31634342.59,570.7,multiply,BTC
BNB,2024-07-26,589.59,579.2,570.7,35986.66,20911841.98,581.1,multiply,BTC
BNB,2024-07-27,586.97,573.79,581.1,66828.02,38876417.4,581.74,multiply,BTC
BNB,2024-07-28,586.5,582.4,581.74,18581.52,10849791.82,583.9,multiply,BTC
BNB,2024-07-29,575.33,565.45,583.9,80812.91,46408035.88,574.27,multiply,BTC
BNB,2024-07-30,588.21,566.77,574.27,68830.95,40477818.43,588.08,multiply,BTC
BNB,2024-07-31,577.68,568.83,588.08,61242.23,35287600.84,576.2,multiply,BTC
BNB,2024-08-01,584.44,574.38,576.2,86524.46,49731875.72,574.77,multiply,BTC
BNB,2024-08-02,547.21,537.38,574.77,82706.61,44851586.74,542.3,multiply,BTC
BNB,2024-08-03,535.74,525.42,542.3,71454.22,37829773.18,529.43,multiply,BTC
BNB,2024-08-04,509.39,489.27,529.43,85635.82,42526471.81,496.6,multiply,BTC
BNB,2024-08-05,465.59,438.85,496.6,260354.17,120951588.17,464.57,multiply,BTC
BNB,2024-08-06,493.7,481.14,464.57,54963.35,26660908.31,485.07,multiply,BTC
BNB,2024-08-07,480.24,466.79,485.07,37276.04,17700101.37,474.84,multiply,BTC
BNB,2024-08-08,531.68,512.06,474.84,38733.52,20034560.69,517.24,multiply,BTC
BNB,2024-08-09,512.88,507.34,517.24,30330.14,15439449.9,509.05,multiply,BTC
BNB,2024-08-10,524.88,508.98,509.05,17398.96,9104855.26,523.3,multiply,BTC
BNB,2024-08-11,513.2,502.74,523.3,28321.92,14261980.75,503.57,multiply,BTC
BNB,2024-08-12,519.11,508.01,503.57,50003.25,25915680.94,518.28,multiply,BTC
BNB,2024-08-13,545.43,515.3,518.28,46577.16,24422024.67,524.33,multiply,BTC
BNB,2024-08-14,524.0,504.51,524.33,25709.86,13458320.1,523.47,multiply,BTC
BNB,2024-08-15,523.04,507.56,523.47,41272.68,21428151.88,519.18,multiply,BTC
BNB,2024-08-16,532.28,514.61,519.18,27928.85,14518936.26,519.85,multiply,BTC
BNB,2024-08-17,547.98,522.75,519.85,22271.56,12067794.44,541.85,multiply,BTC
BNB,2024-08-18,542.11,523.3,542.07,23927.51,12721300.68,531.66,multiply,ETH
BNB,2024-08-19,561.52,538.93,531.27,43082.06,24068573.98,558.67,multiply,BTC
BNB,2024-08-20,572.39,549.02,558.67,55325.45,31510987.92,569.56,multiply,BTC
BNB,2024-08-21,591.15,565.03,569.56,50744.58,28933190.77,570.17,multiply,BTC
BNB,2024-08-22,588.41,561.12,570.17,52280.83,30481777.74,583.04,multiply,BTC
BNB,2024-08-23,619.86,584.99,583.04,42699.87,25280163.25,592.04,multiply,BTC
BNB,2024-08-24,593.29,576.15,592.04,92095.1,53486235.87,580.77,multiply,BTC
BNB,2024-08-25,583.01,572.02,580.77,34633.32,19886604.03,574.2,multiply,BTC
BNB,2024-08-26,562.45,545.16,574.2,27126.26,14876894.27,548.43,multiply,BTC
BNB,2024-08-27,535.39,518.57,548.43,34118.76,18204029.2,533.55,multiply,BTC
BNB,2024-08-28,539.78,526.25,533.55,32410.47,17404442.89,537.0,multiply,BTC
BNB,2024-08-29,543.29,527.86,537.0,29443.54,15793709.03,536.41,multiply,BTC
BNB,2024-08-30,540.08,530.15,536.41,24448.33,13084184.68,535.18,multiply,BTC
BNB,2024-08-31,538.28,532.08,535.18,11629.41,6198779.52,533.03,multiply,BTC
BNB,2024-09-01,518.0,508.26,533.03,21764.36,11154164.43,512.5,multiply,BTC
BNB,2024-09-02,537.36,516.12,512.5,26941.44,14183982.98,526.47,multiply,BTC
BNB,2024-09-03,524.18,511.13,526.47,24456.08,12684357.25,518.66,multiply,BTC
BNB,2024-09-04,526.07,504.44,518.66,41552.83,21098432.98,507.75,multiply,BTC
BNB,2024-09-05,504.72,491.07,507.75,24672.89,12390545.82,502.19,multiply,BTC
BNB,2024-09-06,493.14,481.06,502.19,56949.87,27740264.09,487.1,multiply,BTC
BNB,2024-09-07,494.61,486.7,487.1,24635.57,12159555.07,493.58,multiply,BTC
BNB,2024-09-08,509.66,498.8,493.58,25498.71,12832058.95,503.24,multiply,BTC
BNB,2024-09-09,527.2,515.96,503.24,29877.92,15499349.39,518.76,multiply,BTC
BNB,2024-09-10,527.02,516.82,518.76,21866.54,11306151.3,517.05,multiply,BTC
BNB,2024-09-11,531.96,513.66,517.05,33791.56,17919582.51,530.3,multiply,BTC
BNB,2024-09-12,551.52,537.51,530.3,53843.26,29316945.02,544.49,multiply,BTC
BNB,2024-09-13,577.51,556.26,544.49,43306.13,24110253.23,556.74,multiply,BTC
BNB,2024-09-14,554.64,551.22,556.74,16936.51,9375413.6,553.56,multiply,BTC
BNB,2024-09-15,559.34,543.25,553.56,23228.57,12856638.73,553.48,multiply,BTC
BNB,2024-09-16,547.64,531.46,553.48,37583.5,20054975.09,533.61,multiply,BTC
BNB,2024-09-17,556.35,540.78,533.61,26708.59,14590163.4,546.27,multiply,BTC
BNB,2024-09-18,565.37,555.98,546.27,23924.97,13390510.49,559.69,multiply,BTC
BNB,2024-09-19,570.64,560.37,559.69,30324.22,17195302.57,567.05,multiply,BTC
BNB,2024-09-20,572.32,563.72,567.05,25246.77,14367756.66,569.09,multiply,BTC
BNB,2024-09-21,591.12,570.46,569.09,27513.09,16200641.15,588.83,multiply,BTC
BNB,2024-09-22,597.47,584.94,588.83,25641.66,15093425.32,588.63,multiply,BTC
BNB,2024-09-23,615.81,586.04,588.63,53719.06,32481898.2,604.66,multiply,BTC
BNB,2024-09-24,619.56,604.71,604.66,36875.09,22348684.19,606.06,multiply,BTC
BNB,2024-09-25,597.1,583.96,606.06,29990.05,17615351.9,587.37,multiply,BTC
BNB,2024-09-26,609.53,595.26,587.37,32614.75,19454563.21,596.5,multiply,BTC
BNB,2024-09-27,617.31,602.05,596.5,34494.16,20941842.74,607.11,multiply,BTC
BNB,2024-09-28,615.54,598.09,607.11,25516.72,15338546.49,601.12,multiply,BTC
BNB,2024-09-29,599.63,594.05,601.12,19188.53,11429178.82,595.63,multiply,BTC
BNB,2024-09-30,575.22,563.95,595.63,34333.48,19475233.34,567.24,multiply,BTC
BNB,2024-10-01,553.86,535.62,567.24,42731.19,23376086.8,547.05,multiply,BTC
BNB,2024-10-02,547.41,535.83,547.05,26919.56,14602270.38,542.44,multiply,BTC
BNB,2024-10-03,546.29,537.18,542.44,20977.15,11425241.96,544.65,multiply,BTC
BNB,2024-10-04,559.78,553.51,544.65,15236.72,8463898.32,555.49,multiply,BTC
BNB,2024-10-05,564.55,554.69,555.49,14276.1,8036572.21,562.94,multiply,BTC
BNB,2024-10-06,577.46,566.34,562.94,14173.79,8083254.85,570.3,multiply,BTC
BNB,2024-10-07,566.42,559.95,570.3,21948.38,12381494.43,564.12,multiply,BTC
BNB,2024-10-08,585.01,560.28,564.12,47945.24,27833888.2,580.53,multiply,BTC
BNB,2024-10-09,570.77,558.54,580.53,43605.48,24857144.06,570.05,multiply,BTC
BNB,2024-10-10,568.02,558.5,570.05,29724.59,16742668.72,563.26,multiply,BTC
BNB,2024-10-11,585.23,568.35,563.26,32510.83,18646092.74,573.53,multiply,BTC
BNB,2024-10-12,584.32,575.66,573.53,16285.25,9387145.61,576.42,multiply,BTC
BNB,2024-10-13,577.32,570.15,576.42,13164.33,7529677.76,571.98,multiply,BTC
BNB,2024-10-14,603.14,586.82,571.98,44290.43,26092846.95,589.13,multiply,BTC
BNB,2024-10-15,608.08,591.58,589.13,39168.78,23286955.11,594.53,multiply,BTC
BNB,2024-10-16,603.12,592.3,594.53,50249.76,30194675.16,600.89,multiply,BTC
BNB,2024-10-17,603.98,590.03,600.89,30392.68,18012488.8,592.66,multiply,BTC
BNB,2024-10-18,603.17,597.22,592.66,29277.25,17539016.49,599.07,multiply,BTC
BNB,2024-10-19,600.7,597.42,599.07,6558.87,3921522.14,597.9,multiply,BTC
BNB,2024-10-20,606.42,601.45,597.9,14803.61,8967979.42,605.8,multiply,BTC
BNB,2024-10-21,601.51,587.03,605.8,37855.77,22655810.46,598.48,multiply,BTC
BNB,2024-10-22,601.39,591.15,598.48,25770.86,15291700.75,593.37,multiply,BTC
BNB,2024-10-23,587.66,579.93,593.37,19520.7,11406510.58,584.33,multiply,BTC
BNB,2024-10-24,601.07,592.07,584.33,19738.87,11727130.9,594.11,multiply,BTC
BNB,2024-10-25,584.29,571.37,594.11,30849.12,17714590.94,574.23,multiply,BTC
BNB,2024-10-26,584.7,575.12,574.23,10856.37,6325203.16,582.63,multiply,BTC
BNB,2024-10-27,592.55,587.25,582.63,8491.77,4998907.08,588.68,multiply,BTC
BNB,2024-10-28,607.45,595.98,588.68,30759.39,18478174.65,600.73,multiply,BTC
BNB,2024-10-29,628.41,602.3,600.73,35531.86,21542868.54,606.3,multiply,BTC
BNB,2024-10-30,604.77,595.0,606.3,17792.06,10592758.46,595.36,multiply,BTC
BNB,2024-10-31,579.98,564.96,595.36,48990.07,28203672.85,575.7,multiply,BTC
BNB,2024-11-01,580.17,565.03,575.7,23666.28,13552952.44,572.67,multiply,BTC
BNB,2024-11-02,574.6,563.85,572.67,7925.72,4506280.44,568.56,multiply,BTC
BNB,2024-11-03,567.23,554.44,568.56,19364.36,10799038.6,557.68,multiply,BTC
BNB,2024-11-04,557.62,549.01,557.68,12860.27,7100475.25,552.12,multiply,BTC
BNB,2024-11-05,566.89,560.71,552.12,22334.37,12580519.85,563.28,multiply,BTC
BNB,2024-11-06,614.53,583.14,563.28,98491.03,58372419.81,592.67,multiply,BTC
BNB,2024-11-07,616.79,592.42,592.67,27828.93,16659738.93,598.65,multiply,BTC
BNB,2024-11-08,609.13,591.06,598.65,24150.25,14442530.62,598.03,multiply,BTC
BNB,2024-11-09,641.5,599.23,598.03,49611.27,30999858.03,624.86,multiply,BTC
BNB,2024-11-10,658.48,622.28,624.86,67678.35,42485199.34,627.75,multiply,BTC
BNB,2024-11-11,704.3,638.62,627.75,69433.28,45857250.37,660.45,multiply,BTC
BNB,2024-11-12,661.36,616.28,660.45,59369.59,37163477.73,625.97,multiply,BTC
BNB,2024-11-13,645.34,609.6,625.97,53679.06,33363885.14,621.54,multiply,BTC
BNB,2024-11-14,635.79,594.05,621.54,72315.84,45030551.06,622.69,multiply,BTC
BNB,2024-11-15,649.25,612.55,622.69,32380.51,20055930.1,619.38,multiply,BTC
BNB,2024-11-16,629.52,613.84,619.38,19549.48,12181040.77,623.09,multiply,BTC
BNB,2024-11-17,642.8,608.2,623.09,24273.38,15020470.62,618.8,multiply,BTC
BNB,2024-11-18,629.98,609.98,618.8,28023.43,17352442.79,619.21,multiply,BTC
BNB,2024-11-19,632.79,607.1,619.21,27099.87,16710216.11,616.62,multiply,BTC
BNB,2024-11-20,630.74,604.03,616.62,20049.43,12150224.57,606.01,multiply,BTC
BNB,2024-11-21,637.28,609.42,606.01,51444.45,32029792.04,622.61,multiply,BTC
BNB,2024-11-22,643.97,617.13,622.61,30375.3,19250914.6,633.77,multiply,BTC
BNB,2024-11-23,677.51,625.6,633.77,74632.63,48572547.92,650.82,multiply,BTC
BNB,2024-11-24,687.01,647.31,650.82,57127.47,37729645.13,660.45,multiply,BTC
BNB,2024-11-25,637.65,620.25,660.45,29498.64,18760353.36,635.97,multiply,BTC
BNB,2024-11-26,630.83,598.11,635.97,32024.46,19633903.41,613.09,multiply,BTC
BNB,2024-11-27,675.58,639.0,612.85,27325.99,17621281.42,644.85,multiply,ETH
BNB,2024-11-28,666.34,638.7,644.83,38928.4,25459287.38,654.0,multiply,BTC
BNB,2024-11-29,671.27,651.96,654.0,20758.48,13596406.87,654.98,multiply,BTC
BNB,2024-11-30,674.16,645.7,654.98,30626.47,20029525.3,653.99,multiply,BTC
BNB,2024-12-01,663.79,649.69,654.52,21637.39,14202051.93,656.37,multiply,ETH
BNB,2024-12-02,657.31,636.13,656.42,31428.99,20363347.06,647.92,multiply,BTC
BNB,2024-12-03,749.3,637.16,647.92,104056.99,76512163.66,735.29,multiply,BTC
BNB,2024-12-04,810.46,725.43,735.29,143880.81,106535325.84,740.44,multiply,BTC
BNB,2024-12-05,737.22,668.51,740.44,105698.01,75881352.53,717.91,multiply,BTC
BNB,2024-12-06,751.73,720.76,717.91,44727.0,32711227.35,731.35,multiply,BTC
BNB,2024-12-07,761.44,730.16,731.35,36251.63,27197686.12,750.25,multiply,BTC
BNB,2024-12-08,765.8,742.33,750.25,18212.38,13523253.56,742.53,multiply,BTC
BNB,2024-12-09,721.76,664.92,742.53,47121.82,32497192.73,689.64,multiply,BTC
BNB,2024-12-10,697.0,659.11,689.64,41317.95,27983894.11,677.28,multiply,BTC
BNB,2024-12-11,715.71,695.97,677.28,40082.28,28529011.36,711.76,multiply,BTC
BNB,2024-12-12,720.2,699.19,711.76,34433.61,24313444.44,706.1,multiply,BTC
BNB,2024-12-13,730.09,709.4,706.1,31778.53,23065858.28,725.83,multiply,BTC
BNB,2024-12-14,731.01,708.4,725.83,17683.5,12657909.85,715.8,multiply,BTC
BNB,2024-12-15,737.13,717.92,715.8,14039.46,10087987.43,718.55,multiply,BTC
BNB,2024-12-16,731.38,712.5,718.55,26768.92,19294235.13,720.77,multiply,BTC
BNB,2024-12-17,732.58,708.17,720.77,25040.35,17969292.87,717.61,multiply,BTC
BNB,2024-12-18,693.62,673.79,717.61,24946.71,17116159.21,686.11,multiply,BTC
BNB,2024-12-19,676.9,655.37,686.11,32521.0,21626970.11,665.02,multiply,BTC
BNB,2024-12-20,681.94,650.66,665.02,40408.6,27410152.35,678.32,multiply,BTC
BNB,2024-12-21,685.33,653.44,678.32,29885.52,19815998.08,663.06,multiply,BTC
BNB,2024-12-22,656.85,643.44,663.06,13931.13,9045951.5,649.33,multiply,BTC
BNB,2024-12-23,703.58,643.88,649.33,42819.83,29689099.94,693.35,multiply,BTC
BNB,2024-12-24,728.41,692.02,693.35,24880.53,17328312.5,696.46,multiply,BTC
BNB,2024-12-25,718.05,700.96,696.46,14754.02,10363922.17,702.45,multiply,BTC
BNB,2024-12-26,701.34,673.21,702.45,27437.45,18893711.43,688.61,multiply,BTC
BNB,2024-12-27,693.75,672.0,688.61,27149.94,18756041.38,690.83,multiply,BTC
BNB,2024-12-28,732.2,697.19,690.83,32571.88,23480316.42,720.88,multiply,BTC
BNB,2024-12-29,712.31,692.85,720.88,19145.97,13277781.28,693.5,multiply,BTC
BNB,2024-12-30,704.48,685.03,693.5,21837.91,15376316.93,704.11,multiply,BTC
BNB,2024-12-31,714.64,692.59,704.11,13245.5,9283861.15,700.91,multiply,BTC
BNB,2025-01-01,716.63,702.47,700.91,9886.94,6984466.07,706.43,multiply,BTC
BNB,2025-01-02,725.59,699.72,706.43,22101.2,15595331.43,705.63,multiply,BTC
BNB,2025-01-03,717.47,706.58,705.63,29143.92,20824110.73,714.53,multiply,BTC
BNB,2025-01-04,722.46,710.18,714.53,14072.96,10038608.69,713.33,multiply,BTC
BNB,2025-01-05,715.18,705.84,713.33,6269.18,4445977.08,709.18,multiply,BTC
BNB,2025-01-06,748.4,723.14,709.18,21591.06,15759007.65,729.89,multiply,BTC
BNB,2025-01-07,707.29,689.45,729.89,19560.07,13652650.79,697.99,multiply,BTC
BNB,2025-01-08,698.82,680.38,697.99,25518.61,17757604.78,695.87,multiply,BTC
BNB,2025-01-09,694.3,677.45,695.87,22402.12,15354667.91,685.41,multiply,BTC
BNB,2025-01-10,704.55,688.26,685.41,19220.5,13316073.33,692.81,multiply,BTC
BNB,2025-01-11,700.57,691.02,692.81,8964.27,6243682.92,696.51,multiply,BTC
BNB,2025-01-12,698.4,688.76,696.51,6874.68,4764872.22,693.1,multiply,BTC
BNB,2025-01-13,699.71,682.89,693.1,22462.21,15462359.07,688.37,multiply,BTC
BNB,2025-01-14,704.16,691.52,688.37,13922.77,9728647.09,698.76,multiply,BTC
BNB,2025-01-15,728.6,708.8,698.76,15107.55,10797858.24,714.73,multiply,BTC
BNB,2025-01-16,721.45,707.35,714.73,17734.78,12557187.65,708.05,multiply,BTC
BNB,2025-01-17,740.13,710.87,708.05,20198.31,14581292.8,721.91,multiply,BTC
BNB,2025-01-18,724.34,700.21,721.91,18294.12,12966446.48,708.78,multiply,BTC
BNB,2025-01-19,693.61,660.31,708.78,35607.5,24297670.64,682.38,multiply,BTC
BNB,2025-01-20,693.9,652.32,682.38,56954.9,38822655.0,681.64,multiply,BTC
BNB,2025-01-21,715.91,687.89,681.64,24833.79,17190960.99,692.24,multiply,BTC
BNB,2025-01-22,696.14,674.99,692.24,17879.84,12430151.49,695.2,multiply,BTC
BNB,2025-01-23,701.35,673.7,695.2,36777.45,25377066.79,690.02,multiply,BTC
BNB,2025-01-24,697.49,672.22,690.02,16073.53,10936472.69,680.4,multiply,BTC
BNB,2025-01-25,688.52,679.3,680.4,6770.66,4646814.54,686.32,multiply,BTC
BNB,2025-01-26,676.19,661.52,686.32,6230.74,4156263.57,667.06,multiply,BTC
BNB,2025-01-27,682.92,660.77,667.06,34114.1,23182358.23,679.55,multiply,BTC
BNB,2025-01-28,677.9,660.48,679.55,17325.13,11449852.13,660.88,multiply,BTC
BNB,2025-01-29,690.51,666.76,660.88,11050.82,7380812.19,667.9,multiply,BTC
BNB,2025-01-30,678.92,671.59,667.9,8266.95,5601357.48,677.56,multiply,BTC
BNB,2025-01-31,682.99,661.69,677.56,12367.53,8377216.69,677.36,multiply,BTC
BNB,2025-02-01,668.52,652.22,677.36,12700.67,8292551.13,652.92,multiply,BTC
BNB,2025-02-02,645.27,607.67,652.92,26224.31,16191898.87,617.44,multiply,BTC
BNB,2025-02-03,642.39,558.18,617.44,70116.15,43327555.96,617.94,multiply,BTC
BNB,2025-02-04,597.82,561.93,617.94,22336.44,12793969.12,572.78,multiply,BTC
BNB,2025-02-05,571.11,556.9,572.78,13057.45,7436989.3,569.56,multiply,BTC
BNB,2025-02-06,580.35,563.94,569.56,15826.78,9053657.83,572.05,multiply,BTC
BNB,2025-02-07,583.25,567.71,572.05,11690.87,6756638.41,577.94,multiply,BTC
BNB,2025-02-08,632.13,572.63,578.04,37326.13,22867601.67,612.64,multiply,ETH
BNB,2025-02-09,644.23,607.09,612.52,43675.17,26906549.51,616.06,multiply,BTC
BNB,2025-02-10,625.88,601.42,616.06,22706.88,14048000.27,618.67,multiply,BTC
BNB,2025-02-11,645.66,602.75,618.67,41102.24,26392412.48,642.12,multiply,BTC
BNB,2025-02-12,711.16,642.16,642.12,64166.21,44721608.83,696.97,multiply,BTC
BNB,2025-02-13,736.15,664.83,696.97,121459.47,80762064.72,664.93,multiply,BTC
BNB,2025-02-14,689.09,654.58,664.93,34952.08,23062830.82,659.84,multiply,BTC
BNB,2025-02-15,671.36,654.58,659.84,15447.77,10232378.5,662.39,multiply,BTC
BNB,2025-02-16,679.66,645.82,662.39,22535.73,15171441.68,673.22,multiply,BTC
BNB,2025-02-17,675.13,661.82,673.22,19135.39,12774072.05,667.56,multiply,BTC
BNB,2025-02-18,666.45,637.38,667.56,22283.99,14437747.86,647.9,multiply,BTC
BNB,2025-02-19,665.47,646.72,647.9,18212.92,11905415.29,653.68,multiply,BTC
BNB,2025-02-20,667.28,652.52,653.68,11749.19,7715152.28,656.65,multiply,BTC
BNB,2025-02-21,651.23,636.8,656.65,16283.94,10540327.59,647.28,multiply,BTC
BNB,2025-02-22,679.93,648.92,647.28,24987.34,16707198.3,668.63,multiply,BTC
BNB,2025-02-23,669.3,653.99,668.63,10286.83,6770070.24,658.13,multiply,BTC
BNB,2025-02-24,626.2,604.51,658.13,18318.12,11249551.91,614.12,multiply,BTC
BNB,2025-02-25,627.44,580.66,614.12,48004.15,29894386.6,622.75,multiply,BTC
BNB,2025-02-26,613.97,588.39,622.75,41482.86,25340060.86,610.86,multiply,BTC
BNB,2025-02-27,614.7,596.5,610.86,26059.71,15762911.24,604.88,multiply,BTC
BNB,2025-02-28,610.75,585.11,604.88,36082.26,21209608.34,587.81,multiply,BTC
BNB,2025-03-01,620.46,578.56,587.98,21522.09,13076885.42,607.6,multiply,ETH
BNB,2025-03-02,670.96,616.0,607.86,43601.13,27207595.87,624.01,multiply,BTC
BNB,2025-03-03,579.42,556.85,624.01,34788.46,20025209.74,575.63,multiply,BTC
BNB,2025-03-04,602.85,574.4,575.63,26788.38,15639753.15,583.83,multiply,BTC
BNB,2025-03-05,619.42,595.68,583.83,16111.44,9639524.7,598.3,multiply,BTC
BNB,2025-03-06,604.88,588.78,598.3,13810.64,8237058.29,596.43,multiply,BTC
BNB,2025-03-07,599.64,570.75,596.43,30389.28,18064544.2,594.44,multiply,BTC
BNB,2025-03-08,603.92,590.21,594.44,9960.17,5907792.91,593.14,multiply,BTC
BNB,2025-03-09,557.61,538.23,593.14,19325.25,10716621.69,554.54,multiply,BTC
BNB,2025-03-10,544.59,526.76,554.54,24944.2,13247279.71,531.08,multiply,BTC
BNB,2025-03-11,576.12,547.77,531.08,36522.03,20144832.79,551.58,multiply,BTC
BNB,2025-03-12,582.64,555.62,551.58,29782.45,16968836.9,569.76,multiply,BTC
BNB,2025-03-13,599.92,550.06,569.76,52593.42,30481571.67,579.57,multiply,BTC
BNB,2025-03-14,601.32,578.22,579.57,21660.89,12734097.04,587.88,multiply,BTC
BNB,2025-03-15,619.93,589.99,587.88,26113.5,16186382.47,619.85,multiply,BTC
BNB,2025-03-16,610.04,588.74,619.85,16455.73,9909645.45,602.2,multiply,BTC
BNB,2025-03-17,643.7,602.1,602.1,2281.99,1435276.45,629.0,direct,
BTC,2024-03-17,68873.88,64529.3,65260.55,29362.49,1962751757.05,68364.45,direct,
BTC,2024-03-18,68925.18,66584.49,68364.45,38542.52,2602930945.01,67609.44,direct,
BTC,2024-03-19,68116.53,61529.15,67609.44,75848.91,4863914201.82,61924.02,direct,
BTC,2024-03-20,68139.33,60782.8,61924.02,69671.19,4466872469.25,67857.3,direct,
BTC,2024-03-21,68229.38,64548.09,67857.3,38234.75,2542747734.72,65493.22,direct,
BTC,2024-03-22,66643.64,62321.3,65493.22,37343.35,2395884490.04,63816.99,direct,
BTC,2024-03-23,66005.71,63025.99,63816.99,19360.47,1250716141.79,64004.42,direct,
BTC,2024-03-24,67623.78,63802.82,64004.42,19120.87,1253420264.9,67208.33,direct,
BTC,2024-03-25,71202.65,66400.46,67208.33,46100.6,3184570068.52,69892.26,direct,
BTC,2024-03-26,71558.85,69294.69,69892.26,32990.33,2319265484.04,69990.22,direct,
BTC,2024-03-27,71762.06,68384.71,69990.22,40450.72,2817965870.72,69434.46,direct,
BTC,2024-03-28,71593.93,68864.89,69434.46,31346.01,2214217706.88,70789.57,direct,
BTC,2024-03-29,70925.04,69059.03,70789.57,17382.89,1216001428.98,69903.72,direct,
BTC,2024-03-30,70356.07,69586.01,69903.72,7371.14,515940317.66,69629.99,direct,
BTC,2024-03-31,71389.78,69601.39,69629.99,10567.65,745658086.55,71312.91,direct,
BTC,2024-04-01,71325.61,68074.92,71312.91,28892.19,2005923775.26,69686.37,direct,
BTC,2024-04-02,69703.1,64571.71,69686.37,48905.67,3234216304.99,65466.81,direct,
BTC,2024-04-03,66925.93,64514.87,65466.81,27792.87,1835055534.78,65986.11,direct,
BTC,2024-04-04,69343.32,65081.42,65986.11,36673.5,2475521298.64,68523.79,direct,
BTC,2024-04-05,68772.34,65994.65,68523.79,32904.8,2219856764.99,67860.53,direct,
BTC,2024-04-06,69672.09,67483.82,67860.53,11314.76,772361130.33,68913.79,direct,
BTC,2024-04-07,70303.08,68877.35,68913.79,13691.75,951477284.85,69357.32,direct,
BTC,2024-04-08,72750.51,69064.41,69357.32,36459.33,2607488940.79,71629.36,direct,
BTC,2024-04-09,71748.92,68213.24,71629.36,34538.71,2411758700.3,69129.48,direct,
BTC,2024-04-10,71150.5,67480.7,69129.48,37142.44,2563902180.98,70628.54,direct,
BTC,2024-04-11,71297.81,69558.05,70628.54,24988.45,1758820969.32,70026.43,direct,
BTC,2024-04-12,71246.69,65257.57,70026.43,49331.17,3367653179.18,67158.3,direct,
BTC,2024-04-13,68422.6,61079.47,67158.3,56915.71,3689543158.77,64021.36,direct,
BTC,2024-04-14,65874.88,62229.8,64021.36,40968.04,2627998512.52,65765.64,direct,
BTC,2024-04-15,66902.94,62328.07,65765.64,40978.19,2658417494.41,63447.27,direct,
BTC,2024-04-16,64385.46,61667.72,63447.27,35542.55,2234500815.41,63824.7,direct,
BTC,2024-04-17,64503.77,59682.79,63824.7,41504.19,2562816108.8,61283.74,direct,
BTC,2024-04-18,64181.25,60829.27,61283.74,31452.84,1972785716.37,63511.2,direct,
BTC,2024-04-19,65491.94,59607.49,63511.2,46058.39,2923364930.21,63848.26,direct,
BTC,2024-04-20,65453.07,63140.68,63848.26,13464.03,866105478.99,64979.21,direct,
BTC,2024-04-21,65724.22,64271.77,64979.21,13150.64,854324202.42,64955.82,direct,
BTC,2024-04-22,67257.68,64536.42,64955.82,22839.75,1510230897.53,66854.24,direct,
BTC,2024-04-23,67211.15,65835.93,66854.24,17575.6,1169300050.32,66415.06,direct,
BTC,2024-04-24,67067.52,63556.97,66415.06,28785.93,1878460968.73,64263.95,direct,
BTC,2024-04-25,65279.7,62759.65,64263.95,26730.52,1713069016.97,64488.49,direct,
BTC,2024-04-26,64795.15,63307.56,64488.49,19914.4,1275865834.83,63750.63,direct,
BTC,2024-04-27,63904.85,62408.97,63750.63,12684.85,799665556.56,63434.44,direct,
BTC,2024-04-28,64335.08,62769.01,63434.44,10104.62,642628554.25,63111.34,direct,
BTC,2024-04-29,64192.54,61768.51,63111.34,21849.86,1370557060.16,63847.54,direct,
BTC,2024-04-30,64721.13,59097.29,63847.54,41212.82,2518380270.05,60633.97,direct,
BTC,2024-05-01,60788.52,56516.09,60633.97,52053.76,3014503800.73,58277.44,direct,
BTC,2024-05-02,59628.08,56936.28,58277.44,29471.89,1724718703.27,59083.85,direct,
BTC,2024-05-03,63355.83,58835.76,59083.85,35180.41,2147038663.01,62917.45,direct,
BTC,2024-05-04,64539.14,62587.84,62917.45,16206.9,1029192793.92,63904.51,direct,
BTC,2024-05-05,64634.43,62923.47,63904.51,12595.62,803966989.59,64037.5,direct,
BTC,2024-05-06,65517.33,62715.9,64037.5,24082.55,1537928462.74,63168.44,direct,
BTC,2024-05-07,64403.15,62274.09,63168.44,20907.17,1326416673.48,62323.36,direct,
BTC,2024-05-08,63004.6,60867.52,62323.36,18593.4,1155791451.43,61179.81,direct,
BTC,2024-05-09,63429.98,60623.94,61179.81,18440.55,1140626858.17,63077.18,direct,
BTC,2024-05-10,63469.13,60181.24,63077.18,25390.35,1565941805.66,60790.82,direct,
BTC,2024-05-11,61489.54,60474.73,60790.82,8298.11,505608099.69,60823.19,direct,
BTC,2024-05-12,61838.51,60600.9,60823.19,8214.5,502848342.69,61459.22,direct,
BTC,2024-05-13,63445.72,60758.38,61459.22,21250.01,1327733464.12,62932.29,direct,
BTC,2024-05-14,63097.07,61094.77,62932.29,26392.04,1636519845.72,61548.48,direct,
BTC,2024-05-15,66467.29,61325.48,61548.48,40708.36,2625073579.59,66245.16,direct,
BTC,2024-05-16,66760.54,64600.05,66245.16,24275.96,1596664354.59,65250.53,direct,
BTC,2024-05-17,67489.24,65120.39,65250.53,23340.48,1552274385.82,67051.35,direct,
BTC,2024-05-18,67397.7,66633.01,67051.35,8752.24,586174043.35,66927.56,direct,
BTC,2024-05-19,67696.21,65878.18,66927.56,9725.64,650338446.5,66268.25,direct,
BTC,2024-05-20,71546.4,66071.74,66268.25,38260.49,2624709812.32,71430.23,direct,
BTC,2024-05-21,71964.79,69158.99,71430.23,30747.6,2169803609.99,70141.17,direct,
BTC,2024-05-22,70643.89,68952.24,70141.17,22981.44,1603267534.2,69123.56,direct,
BTC,2024-05-23,70037.76,66370.0,69123.56,28168.79,1922285401.83,67946.35,direct,
BTC,2024-05-24,69264.17,66613.35,67946.35,18239.62,1242012319.42,68548.33,direct,
BTC,2024-05-25,69599.81,68498.87,68548.33,5972.0,412212332.66,69288.95,direct,
BTC,2024-05-26,69511.53,68156.05,69288.95,5502.87,379159635.92,68488.29,direct,
BTC,2024-05-27,70613.89,68227.32,68488.29,13110.64,909946343.46,69386.83,direct,
BTC,2024-05-28,69533.54,67206.37,69386.83,22223.83,1514489243.92,68330.84,direct,
BTC,2024-05-29,68858.38,67099.33,68330.84,16353.37,1108570253.28,67576.81,direct,
BTC,2024-05-30,69520.94,67107.22,67576.81,20828.64,1424914242.82,68346.19,direct,
BTC,2024-05-31,69012.82,66605.09,68346.19,19922.04,1349659294.8,67482.25,direct,
BTC,2024-06-01,67831.31,67383.55,67482.25,4400.74,297719480.73,67721.6,direct,
BTC,2024-06-02,68409.58,67279.96,67721.6,6731.43,456585602.02,67738.74,direct,
BTC,2024-06-03,70283.97,67584.62,67738.74,22783.46,1575608100.17,68799.6,direct,
BTC,2024-06-04,71090.99,68553.54,68799.6,29746.55,2084571763.56,70548.51,direct,
BTC,2024-06-05,71782.2,70371.34,70548.51,21737.62,1545204312.75,71117.68,direct,
BTC,2024-06-06,71642.27,70113.83,71117.68,16078.4,1141567996.37,70772.35,direct,
BTC,2024-06-07,71943.4,68439.15,70772.35,28318.21,1992355199.22,69330.51,direct,
BTC,2024-06-08,69547.91,69152.66,69330.51,5753.02,399100009.36,69303.58,direct,
BTC,2024-06-09,69837.26,69131.01,69303.58,5137.66,357128157.69,69639.42,direct,
BTC,2024-06-10,70172.0,69166.61,69639.42,12116.49,843477987.58,69505.57,direct,
BTC,2024-06-11,69550.65,66054.78,69505.57,31800.9,2141818771.53,67319.41,direct,
BTC,2024-06-12,70021.47,66896.79,67319.41,31159.85,2139401386.85,68247.0,direct,
BTC,2024-06-13,68428.43,66224.61,68247.0,23051.5,1550737143.4,66742.54,direct,
BTC,2024-06-14,67317.79,65026.62,66742.54,24684.72,1633598669.38,66006.13,direct,
BTC,2024-06-15,66419.48,65832.26,66006.13,6139.62,406250537.71,66188.81,direct,
BTC,2024-06-16,66916.83,66012.05,66188.81,6512.06,433017008.55,66631.59,direct,
BTC,2024-06-17,67264.71,65062.53,66631.59,28974.78,1917243316.16,66481.73,direct,
BTC,2024-06-18,66570.67,64033.69,66481.73,35263.17,2293594296.72,65158.02,direct,
BTC,2024-06-19,65708.56,64656.84,65158.02,13478.88,878187235.08,64950.82,direct,
BTC,2024-06-20,66462.52,64527.9,64950.82,22559.77,1473091625.51,64847.89,direct,
BTC,2024-06-21,65018.39,63350.87,64847.89,22310.94,1427909531.59,64119.34,direct,
BTC,2024-06-22,64500.0,63924.68,64119.34,5570.5,358155105.44,64250.18,direct,
BTC,2024-06-23,64504.84,63154.88,64250.18,6504.7,416250575.81,63181.02,direct,
BTC,2024-06-24,63335.53,58443.98,63181.02,48177.24,2938115761.51,60270.95,direct,
BTC,2024-06-25,62385.37,60232.04,60270.95,31697.13,1946492862.08,61796.56,direct,
BTC,2024-06-26,62471.55,60684.69,61796.56,23423.63,1436803387.64,60824.43,direct,
BTC,2024-06-27,62341.3,60562.27,60824.43,22562.67,1385461549.94,61630.1,direct,
BTC,2024-06-28,62168.03,59907.92,61630.1,24288.31,1481619028.88,60324.3,direct,
BTC,2024-06-29,61129.31,60294.22,60324.3,9214.26,560710968.57,60905.3,direct,
BTC,2024-06-30,62949.76,60637.5,60905.3,12626.61,778765578.43,62685.88,direct,
BTC,2024-07-01,63800.98,62462.2,62685.88,25708.72,1623104957.15,62841.27,direct,
BTC,2024-07-02,63219.74,61453.08,62841.27,20510.77,1278702453.96,62044.48,direct,
BTC,2024-07-03,62198.73,59373.07,62044.48,27365.92,1653064013.62,60157.2,direct,
BTC,2024-07-04,60428.43,56728.63,60157.2,40351.82,2342236881.51,57041.11,direct,
BTC,2024-07-05,57494.97,53528.09,57041.11,57490.15,3198812323.21,56646.24,direct,
BTC,2024-07-06,58495.08,56035.03,56646.24,18766.95,1072779742.28,58255.65,direct,
BTC,2024-07-07,58452.39,55734.13,58255.65,18402.28,1053256457.42,55866.6,direct,
BTC,2024-07-08,58166.93,54305.08,55866.6,43439.51,2441024283.07,56709.76,direct,
BTC,2024-07-09,58289.53,56296.1,56709.76,29452.6,1692558128.7,58047.2,direct,
BTC,2024-07-10,59463.57,57165.19,58047.2,28064.27,1631984559.89,57725.78,direct,
BTC,2024-07-11,59494.11,57072.63,57725.78,29764.17,1729366992.27,57348.75,direct,
BTC,2024-07-12,58543.78,56554.34,57348.75,27242.71,1567843358.24,57913.68,direct,
BTC,2024-07-13,59866.89,57784.15,57913.68,13963.3,819172857.7,59231.06,direct,
BTC,2024-07-14,61424.95,59222.6,59231.06,20080.87,1207899406.9,60818.77,direct,
BTC,2024-07-15,64936.75,60688.12,60818.77,43679.34,2752990856.54,64765.55,direct,
BTC,2024-07-16,65399.48,62434.72,64765.55,38850.8,2492930912.34,65087.61,direct,
BTC,2024-07-17,66131.67,63872.53,65087.61,28170.64,1830962929.69,64096.64,direct,
BTC,2024-07-18,65118.55,63235.08,64096.64,21904.27,1405605268.54,63981.43,direct,
BTC,2024-07-19,67468.45,63305.25,63981.43,33756.81,2214983951.52,66708.49,direct,
BTC,2024-07-20,67626.82,66291.51,66708.49,12566.25,840850489.36,67163.86,direct,
BTC,2024-07-21,68370.58,65840.58,67163.86,18123.31,1219084237.52,68176.98,direct,
BTC,2024-07-22,68490.59,66594.51,68176.98,26712.99,1805561349.3,67567.71,direct,
BTC,2024-07-23,67774.86,65465.88,67567.71,29465.67,1958486045.34,65939.83,direct,
BTC,2024-07-24,67120.99,65112.45,65939.83,21576.01,1426727978.64,65375.53,direct,
BTC,2024-07-25,66154.31,63429.11,65375.53,29473.48,1902596712.12,65794.0,direct,
BTC,2024-07-26,68219.43,65734.24,65794.0,24567.97,1654021251.63,67925.17,direct,
BTC,2024-07-27,69416.52,66675.48,67925.17,26420.73,1801405015.15,67904.55,direct,
BTC,2024-07-28,68306.74,67054.94,67904.55,11980.7,812380984.29,68252.75,direct,
BTC,2024-07-29,70027.05,66436.99,68252.75,33524.03,2292001706.95,66782.78,direct,
BTC,2024-07-30,66989.18,65293.95,66782.78,24376.6,1614525200.12,66180.04,direct,
BTC,2024-07-31,66826.66,64508.96,66180.04,24304.84,1601329476.94,64617.83,direct,
BTC,2024-08-01,65590.04,62238.44,64617.83,37045.09,2364449721.14,65300.21,direct,
BTC,2024-08-02,65548.28,61165.12,65300.21,40943.43,2601345982.92,61422.3,direct,
BTC,2024-08-03,62154.66,59838.49,61422.3,26176.07,1596127875.28,60679.28,direct,
BTC,2024-08-04,61075.03,57174.97,60679.28,28092.97,1665780997.48,58135.89,direct,
BTC,2024-08-05,58275.19,49202.81,58135.89,117153.32,6220425122.88,54031.82,direct,
BTC,2024-08-06,57077.92,53987.77,54031.82,44255.76,2473716223.17,56057.67,direct,
BTC,2024-08-07,57753.96,54580.16,56057.67,39691.91,2232435439.52,55130.45,direct,
BTC,2024-08-08,62717.23,54751.57,55130.45,48215.66,2834182014.44,61708.53,direct,
BTC,2024-08-09,61752.64,59573.13,61708.53,32998.38,2000603963.46,60868.88,direct,
BTC,2024-08-10,61478.08,60270.33,60868.88,11935.68,725371248.47,60940.82,direct,
BTC,2024-08-11,61842.63,58331.17,60940.82,18214.18,1093722861.0,58725.0,direct,
BTC,2024-08-12,60708.39,57677.54,58725.0,33285.38,1967504137.76,59360.89,direct,
BTC,2024-08-13,61603.92,58440.76,59360.89,28787.92,1727785105.35,60609.73,direct,
BTC,2024-08-14,61788.76,58461.76,60609.73,30973.89,1858459018.71,58698.05,direct,
BTC,2024-08-15,59869.57,56132.98,58698.05,34692.53,2023439063.25,57552.92,direct,
BTC,2024-08-16,59851.62,57106.84,57552.92,29186.89,1708248208.47,58893.67,direct,
BTC,2024-08-17,59708.69,58815.46,58893.67,9691.68,574723583.6,59497.94,direct,
BTC,2024-08-18,60280.79,58433.69,59497.94,13915.75,830090221.14,58439.22,direct,
BTC,2024-08-19,59632.55,57828.14,58439.22,24222.4,1420739617.67,59464.41,direct,
BTC,2024-08-20,61442.89,58588.82,59464.41,31292.98,1877438049.21,59027.55,direct,
BTC,2024-08-21,61851.26,58806.66,59027.55,38408.34,2311932103.1,61170.8,direct,
BTC,2024-08-22,61426.96,59756.43,61170.8,28924.51,1754742660.96,60387.29,direct,
BTC,2024-08-23,64982.66,60351.28,60387.29,42020.68,2623908332.37,64087.8,direct,
BTC,2024-08-24,64523.11,63591.53,64087.8,15286.56,979836005.58,64180.77,direct,
BTC,2024-08-25,65058.66,63828.67,64180.77,12753.39,819671993.67,64264.62,direct,
BTC,2024-08-26,64504.12,62816.08,64264.62,27037.83,1719932426.98,62850.27,direct,
BTC,2024-08-27,63220.85,58045.32,62850.27,39241.27,2403744129.11,59441.73,direct,
BTC,2024-08-28,60232.58,57868.47,59441.73,38043.04,2251640371.44,59043.5,direct,
BTC,2024-08-29,61191.57,58735.81,59043.5,34345.83,2058113286.38,59369.85,direct,
BTC,2024-08-30,59926.33,57725.72,59369.85,35023.22,2063630420.49,59129.05,direct,
BTC,2024-08-31,59456.66,58759.04,59129.05,8035.77,474924657.65,58989.17,direct,
BTC,2024-09-01,59085.64,57217.94,58989.17,22352.53,1298154355.3,57313.44,direct,
BTC,2024-09-02,59431.04,57135.27,57313.44,23766.29,1383666270.94,59147.8,direct,
BTC,2024-09-03,59825.44,57411.84,59147.8,26568.4,1548986994.4,57481.84,direct,
BTC,2024-09-04,58532.47,55625.58,57481.84,43027.18,2458579314.87,57975.52,direct,
BTC,2024-09-05,58329.93,55651.61,57975.52,38784.5,2198240196.62,56167.4,direct,
BTC,2024-09-06,57004.28,52552.05,56167.4,69521.39,3807917186.59,53954.33,direct,
BTC,2024-09-07,54852.05,53742.58,53954.33,17050.67,925092003.79,54167.82,direct,
BTC,2024-09-08,55321.44,53631.93,54167.82,19159.79,1042880564.27,54879.33,direct,
BTC,2024-09-09,58005.33,54591.28,54879.33,42637.41,2385673385.77,57056.31,direct,
BTC,2024-09-10,58050.66,56397.36,57056.31,33391.45,1908344975.36,57642.43,direct,
BTC,2024-09-11,58002.86,55554.25,57642.43,55576.26,3160608627.55,57354.27,direct,
BTC,2024-09-12,58573.29,57330.99,57354.27,40914.83,2373500502.95,58140.61,direct,
BTC,2024-09-13,60666.01,57637.58,58140.61,40546.37,2401277043.91,60548.12,direct,
BTC,2024-09-14,60653.12,59433.38,60548.12,15042.25,903199598.39,60013.26,direct,
BTC,2024-09-15,60409.32,58697.69,60013.26,19176.34,1146142289.52,59139.21,direct,
BTC,2024-09-16,59215.73,57486.82,59139.21,33106.34,1927790314.93,58210.01,direct,
BTC,2024-09-17,61356.68,57624.63,58210.01,40712.51,2440680770.1,60321.59,direct,
BTC,2024-09-18,61794.54,59185.2,60321.59,48151.29,2902628124.61,61775.68,direct,
BTC,2024-09-19,63881.87,61582.28,61775.68,46829.96,2939807292.07,62963.41,direct,
BTC,2024-09-20,64131.22,62345.57,62963.41,34617.55,2188110863.96,63211.47,direct,
BTC,2024-09-21,63548.08,62767.25,63211.47,12142.67,766364347.61,63363.17,direct,
BTC,2024-09-22,64015.58,62394.47,63363.17,18884.06,1190921326.46,63587.45,direct,
BTC,2024-09-23,64749.32,62584.5,63587.45,27280.27,1734107185.41,63341.97,direct,
BTC,2024-09-24,64698.02,62710.48,63341.97,32160.64,2045185242.06,64276.65,direct,
BTC,2024-09-25,64823.35,62938.97,64276.65,23967.21,1526541478.78,63144.83,direct,
BTC,2024-09-26,65861.15,62660.36,63144.83,43302.56,2800234985.9,65183.68,direct,
BTC,2024-09-27,66547.69,64839.11,65183.68,36162.6,2378877920.32,65790.28,direct,
BTC,2024-09-28,66267.41,65442.19,65790.28,10383.49,682765288.62,65868.67,direct,
BTC,2024-09-29,66081.97,65440.3,65868.67,11532.92,758322138.61,65611.98,direct,
BTC,2024-09-30,65627.43,62846.03,65611.98,42396.01,2712227231.34,63314.81,direct,
BTC,2024-10-01,64112.99,60156.13,63314.81,67326.52,4189744833.01,60790.06,direct,
BTC,2024-10-02,62383.28,59976.82,60790.06,55652.18,3402156876.74,60641.8,direct,
BTC,2024-10-03,61478.71,59846.16,60641.8,50457.09,3058499959.35,60746.35,direct,
BTC,2024-10-04,62480.52,60458.33,60746.35,38904.7,2395319327.7,62094.06,direct,
BTC,2024-10-05,62377.77,61689.84,62094.06,10082.43,625465514.89,62059.19,direct,
BTC,2024-10-06,62976.08,61815.61,62059.19,13418.93,838451338.95,62821.76,direct,
BTC,2024-10-07,64458.38,62129.23,62821.76,41062.64,2602786910.05,62209.84,direct,
BTC,2024-10-08,63185.68,61832.71,62209.84,33506.88,2090901005.09,62129.17,direct,
BTC,2024-10-09,62513.84,60252.65,62129.17,37528.72,2311387233.46,60585.22,direct,
BTC,2024-10-10,61251.26,58869.24,60585.22,42405.42,2553922274.06,60280.38,direct,
BTC,2024-10-11,63418.56,60039.18,60280.38,36112.65,2236421715.94,62517.42,direct,
BTC,2024-10-12,63469.71,62473.78,62517.42,15673.6,987509499.19,63197.03,direct,
BTC,2024-10-13,63276.36,62036.49,63197.03,16786.01,1051974824.5,62854.48,direct,
BTC,2024-10-14,66494.04,62438.82,62854.48,50393.51,3279898050.67,66068.25,direct,
BTC,2024-10-15,67938.85,64791.36,66068.25,51909.81,3442311150.59,67064.69,direct,
BTC,2024-10-16,68401.67,66752.45,67064.69,42024.2,2841013476.69,67614.71,direct,
BTC,2024-10-17,67931.28,66643.91,67614.71,32062.99,2154293295.5,67408.87,direct,
BTC,2024-10-18,69016.74,67167.07,67408.87,36869.58,2516405877.34,68425.63,direct,
BTC,2024-10-19,68681.33,68009.42,68425.63,7712.36,526753638.72,68370.04,direct,
BTC,2024-10-20,69385.31,68094.66,68370.04,11999.25,824334290.12,69020.94,direct,
BTC,2024-10-21,69501.44,66811.42,69020.94,36536.85,2480399716.7,67358.14,direct,
BTC,2024-10-22,67800.62,66540.7,67358.14,32484.74,2184452853.61,67390.32,direct,
BTC,2024-10-23,67436.29,65171.54,67390.32,32488.79,2154644447.87,66612.97,direct,
BTC,2024-10-24,68812.4,66456.7,66612.97,31715.51,2144280257.66,68163.56,direct,
BTC,2024-10-25,68745.57,65510.53,68163.56,43824.41,2952724943.71,66577.77,direct,
BTC,2024-10-26,67366.46,66343.25,66577.77,14159.11,946447393.67,67014.72,direct,
BTC,2024-10-27,68254.55,66852.5,67014.72,12105.31,818581011.16,67945.14,direct,
BTC,2024-10-28,70241.74,67541.0,67945.14,42091.94,2902994091.1,69925.83,direct,
BTC,2024-10-29,73612.24,69725.05,69925.83,58289.36,4194343293.57,72723.67,direct,
BTC,2024-10-30,72945.06,71408.4,72723.67,38392.15,2769522546.26,72331.96,direct,
BTC,2024-10-31,72675.24,69585.02,72331.96,39358.14,2794856636.84,70207.54,direct,
BTC,2024-11-01,71616.01,68755.75,70207.54,49030.12,3429441961.46,69473.41,direct,
BTC,2024-11-02,69884.38,69006.88,69473.41,10811.2,750733288.76,69354.01,direct,
BTC,2024-11-03,69364.8,67457.91,69354.01,29674.18,2028670648.54,68747.04,direct,
BTC,2024-11-04,69453.56,66793.64,68747.04,43141.35,2939056973.62,67811.95,direct,
BTC,2024-11-05,70540.03,67432.99,67811.95,47211.37,3274519976.93,69378.09,direct,
BTC,2024-11-06,76482.2,69295.92,69378.09,116207.84,8601347745.99,75643.57,direct,
BTC,2024-11-07,76963.92,74472.09,75643.57,58490.52,4433063855.56,75922.41,direct,
BTC,2024-11-08,77289.29,75656.7,75922.41,48629.32,3714364388.44,76562.31,direct,
BTC,2024-11-09,76949.29,75763.57,76562.31,15808.47,1208160963.89,76716.41,direct,
BTC,2024-11-10,81520.53,76545.66,76716.41,57715.18,4582398468.87,80429.43,direct,
BTC,2024-11-11,89644.7,80283.65,80429.43,104407.32,8845679630.06,88758.31,direct,
BTC,2024-11-12,90006.57,85125.04,88758.31,117605.91,10326697667.45,88040.54,direct,
BTC,2024-11-13,93479.86,86252.86,88040.54,124766.84,11250681620.25,90498.51,direct,
BTC,2024-11-14,91817.29,86679.1,90498.51,81846.21,7309565757.27,87334.19,direct,
BTC,2024-11-15,91897.76,87118.43,87334.19,71049.87,6353615968.72,91058.92,direct,
BTC,2024-11-16,91810.87,90092.82,91058.92,27488.76,2501576427.85,90630.94,direct,
BTC,2024-11-17,91436.45,88728.28,90630.94,30966.65,2791320512.2,89877.16,direct,
BTC,2024-11-18,92649.98,87547.97,89877.16,66007.84,6006522738.03,90514.83,direct,
BTC,2024-11-19,94056.9,90414.27,90514.83,64909.54,5995386487.48,92418.48,direct,
BTC,2024-11-20,95056.1,91612.46,92418.48,70180.2,6579886464.89,94379.92,direct,
BTC,2024-11-21,99056.4,94152.97,94379.92,89243.49,8678686263.5,98436.25,direct,
BTC,2024-11-22,99772.99,97207.77,98436.25,74286.51,7337283037.5,99010.89,direct,
BTC,2024-11-23,99023.88,97219.23,99010.89,29017.14,2853544178.0,97765.04,direct,
BTC,2024-11-24,98670.34,95781.2,97765.04,30269.68,2940396079.61,98018.2,direct,
BTC,2024-11-25,98974.51,92592.66,98018.2,68259.16,6533804395.53,93019.38,direct,
BTC,2024-11-26,95007.52,90730.54,93019.38,77087.79,7150066318.55,91903.89,direct,
BTC,2024-11-27,97373.56,91757.22,91903.89,47765.92,4533983270.73,95957.51,direct,
BTC,2024-11-28,96672.28,94677.17,95957.51,24214.5,2311939499.68,95670.41,direct,
BTC,2024-11-29,98735.69,95391.39,95670.41,39884.8,3883366949.57,97510.92,direct,
BTC,2024-11-30,97514.26,96137.13,97510.92,12565.01,1215861238.63,96473.51,direct,
BTC,2024-12-01,97896.77,95752.22,96473.51,17120.23,1659820134.72,97276.47,direct,
BTC,2024-12-02,98219.29,94419.96,97276.47,52454.21,5040855658.82,95859.75,direct,
BTC,2024-12-03,96304.02,93590.91,95859.75,52781.2,5033493735.21,95928.37,direct,
BTC,2024-12-04,99226.36,94663.42,95928.37,59092.55,5727735676.06,98751.87,direct,
BTC,2024-12-05,104028.51,91741.97,98751.87,119875.78,12041439286.7,97053.82,direct,
BTC,2024-12-06,102088.57,96427.0,97053.82,56899.66,5653979066.29,99897.97,direct,
BTC,2024-12-07,100578.8,99025.63,99897.97,17306.94,1728102575.48,99926.38,direct,
BTC,2024-12-08,101430.6,98730.22,99926.38,17851.82,1785051035.31,101189.81,direct,
BTC,2024-12-09,101290.02,94567.01,101189.81,69981.57,6847958219.35,97338.34,direct,
BTC,2024-12-10,98316.66,94284.0,97338.34,68661.05,6621616095.14,96657.88,direct,
BTC,2024-12-11,101979.09,95730.76,96657.88,55047.48,5482015399.12,101203.07,direct,
BTC,2024-12-12,102598.04,99311.56,101203.07,47200.64,4765401240.36,100041.98,direct,
BTC,2024-12-13,101947.1,99232.64,100041.98,34639.86,3492131954.88,101429.78,direct,
BTC,2024-12-14,102653.76,100606.28,101429.78,16577.72,1683710017.37,101402.95,direct,
BTC,2024-12-15,105140.47,101228.16,101402.95,24799.66,2557994217.64,104424.54,direct,
BTC,2024-12-16,107829.08,103299.75,104424.54,60439.19,6398449052.08,106089.2,direct,
BTC,2024-12-17,108369.13,105308.99,106089.2,40879.26,4365460605.55,106140.14,direct,
BTC,2024-12-18,106502.15,99946.11,106140.14,75094.41,7727995790.43,100147.26,direct,
BTC,2024-12-19,102767.84,95555.55,100147.26,80969.49,8011759334.63,97381.1,direct,
BTC,2024-12-20,98131.87,92144.03,97381.1,84967.2,8141536426.69,97769.49,direct,
BTC,2024-12-21,99529.45,96379.46,97769.49,29797.52,2907358271.75,97223.39,direct,
BTC,2024-12-22,97387.01,94186.04,97223.39,29661.75,2842280143.72,95098.66,direct,
BTC,2024-12-23,96428.13,92378.53,95098.66,57639.3,5422281368.55,94771.64,direct,
BTC,2024-12-24,99439.54,93437.9,94771.64,40945.61,3967574825.79,98606.93,direct,
BTC,2024-12-25,99484.75,97568.85,98606.93,21801.56,2147049998.69,99356.06,direct,
BTC,2024-12-26,99888.75,95098.08,99356.06,38437.52,3704007593.19,95680.19,direct,
BTC,2024-12-27,97351.17,93270.34,95680.19,47149.3,4479654695.05,94170.09,direct,
BTC,2024-12-28,95542.25,94008.53,94170.09,14159.69,1339743546.48,95140.15,direct,
BTC,2024-12-29,95175.67,92850.44,95140.15,17921.9,1684134735.83,93564.85,direct,
BTC,2024-12-30,94910.24,91310.52,93564.85,56846.06,5287498462.5,92646.21,direct,
BTC,2024-12-31,96139.7,91894.97,92646.21,38897.74,3659994868.24,93391.98,direct,
BTC,2025-01-01,94953.5,92728.81,93391.98,19153.02,1798161467.81,94392.51,direct,
BTC,2025-01-02,97766.59,94197.85,94392.51,38283.3,3693985155.25,96900.96,direct,
BTC,2025-01-03,98963.23,96021.74,96900.96,28427.3,2773288955.93,98135.8,direct,
BTC,2025-01-04,98757.16,97522.47,98135.8,9919.49,972181437.3,98213.69,direct,
BTC,2025-01-05,98818.4,97248.4,98213.69,9872.68,967941540.09,98346.97,direct,
BTC,2025-01-06,102530.34,97908.09,98346.97,46146.96,4654078182.67,102282.2,direct,
BTC,2025-01-07,102747.54,96112.95,102282.2,54319.14,5348079997.25,96942.47,direct,
BTC,2025-01-08,97251.53,92488.45,96942.47,57721.92,5480363249.42,95051.06,direct,
BTC,2025-01-09,95345.44,91197.56,95051.06,50519.28,4696698492.32,92548.12,direct,
BTC,2025-01-10,95845.36,92206.53,92548.12,55479.83,5217667771.49,94710.29,direct,
BTC,2025-01-11,94985.54,93826.56,94710.29,9594.23,905586720.06,94569.95,direct,
BTC,2025-01-12,95388.08,93675.7,94569.95,10865.93,1027482279.92,94505.67,direct,
BTC,2025-01-13,95894.16,89153.4,94505.67,67978.59,6274787648.38,94517.66,direct,
BTC,2025-01-14,97357.87,94324.09,94517.66,44347.27,4263471095.02,96526.87,direct,
BTC,2025-01-15,100719.11,96466.75,96526.87,43167.2,4261664752.23,100510.84,direct,
BTC,2025-01-16,100867.35,97275.38,100510.84,43426.87,4314930790.39,99979.43,direct,
BTC,2025-01-17,105926.06,99941.15,99979.43,54200.85,5613810480.0,104111.13,direct,
BTC,2025-01-18,104927.11,102234.37,104111.13,25366.61,2633222970.99,104431.52,direct,
BTC,2025-01-19,106317.18,99537.53,104431.52,41597.34,4325905602.1,101212.56,direct,
BTC,2025-01-20,109340.21,99449.75,101212.56,68840.35,7208305685.37,102148.74,direct,
BTC,2025-01-21,107252.77,100069.04,102148.74,84552.76,8798621119.3,106155.61,direct,
BTC,2025-01-22,106398.57,103321.48,106155.61,43996.49,4603973397.2,103669.08,direct,
BTC,2025-01-23,106865.3,101221.0,103669.08,94063.64,9801561614.73,103933.88,direct,
BTC,2025-01-24,107170.86,102751.09,103933.88,40201.93,4233037157.97,104854.78,direct,
BTC,2025-01-25,105282.15,104107.08,104854.78,11835.64,1239370331.55,104733.15,direct,
BTC,2025-01-26,105475.33,102487.8,104733.15,14118.63,1469434497.98,102576.93,direct,
BTC,2025-01-27,103230.24,97712.77,102576.93,94472.14,9486896779.23,102065.72,direct,
BTC,2025-01-28,103787.72,100221.08,102065.72,44096.37,4510250877.49,101284.47,direct,
BTC,2025-01-29,104796.98,101279.83,101284.47,47080.07,4842279589.43,103742.97,direct,
BTC,2025-01-30,106472.04,103297.81,103742.97,36659.17,3857857706.34,104739.58,direct,
BTC,2025-01-31,106101.91,101514.21,104739.58,42222.31,4378171064.39,102412.41,direct,
BTC,2025-02-01,102768.26,100270.22,102412.41,15691.73,1595801666.26,100619.87,direct,
BTC,2025-02-02,101436.9,96158.45,100619.87,56620.33,5562003741.78,97665.06,direct,
BTC,2025-02-03,102575.82,91142.87,97665.06,119095.77,11504010038.06,101451.28,direct,
BTC,2025-02-04,101800.32,95090.81,101451.28,63348.17,6271562966.61,97794.88,direct,
BTC,2025-02-05,99208.65,96175.47,97794.88,42695.62,4171560523.14,96633.71,direct,
BTC,2025-02-06,99180.75,95691.57,96633.71,44725.1,4349625340.99,96564.27,direct,
BTC,2025-02-07,100202.29,95630.04,96564.27,51939.12,5075285222.44,96532.73,direct,
BTC,2025-02-08,96906.35,95685.31,96532.73,12529.37,1207354073.88,96475.59,direct,
BTC,2025-02-09,97340.86,94752.27,96475.59,18638.48,1791686347.07,96485.6,direct,
BTC,2025-02-10,98363.35,95276.7,96485.6,28119.4,2731410651.57,97458.59,direct,
BTC,2025-02-11,98499.44,94852.37,97458.59,29002.62,2800036234.45,95781.05,direct,
BTC,2025-02-12,98127.45,94087.33,95781.05,40118.73,3853980407.7,97874.61,direct,
BTC,2025-02-13,98104.11,95225.08,97874.61,23246.76,2236344585.75,96632.78,direct,
BTC,2025-02-14,98869.28,96282.72,96632.78,20187.22,1966704817.61,97508.71,direct,
BTC,2025-02-15,97979.54,97245.24,97508.71,5831.48,569120592.04,97596.21,direct,
BTC,2025-02-16,97728.27,96069.15,97596.21,6632.76,643146269.46,96132.69,direct,
BTC,2025-02-17,97046.2,95226.61,96132.69,14565.31,1398128550.67,95790.31,direct,
BTC,2025-02-18,96736.69,93361.47,95790.31,26359.54,2502902525.93,95630.67,direct,
BTC,2025-02-19,96885.35,95032.61,95630.67,17048.51,1637124692.48,96640.99,direct,
BTC,2025-02-20,98763.14,96430.11,96640.99,21068.47,2057024374.7,98345.66,direct,
BTC,2025-02-21,99519.21,94775.25,98345.66,40404.88,3928905117.72,96150.27,direct,
BTC,2025-02-22,96973.86,95771.79,96150.27,11673.75,1126120706.18,96580.46,direct,
BTC,2025-02-23,96674.04,95255.75,96580.46,7473.29,718043733.58,96274.12,direct,
BTC,2025-02-24,96514.26,91349.77,96274.12,31216.13,2945422583.03,91536.97,direct,
BTC,2025-02-25,92540.35,85944.14,91536.97,73085.74,6473414678.86,88609.26,direct,
BTC,2025-02-26,89320.19,82199.13,88609.26,59111.39,5069737664.07,84128.38,direct,
BTC,2025-02-27,87008.08,82601.58,84128.38,46301.47,3929681159.63,84657.34,direct,
BTC,2025-02-28,85114.25,78203.72,84657.34,79539.18,6502539275.13,84322.57,direct,
BTC,2025-03-01,86537.62,83798.96,84322.57,18530.02,1577375765.18,86050.58,direct,
BTC,2025-03-02,95106.04,85047.82,86050.58,48038.07,4350642164.47,94275.76,direct,
BTC,2025-03-03,94415.65,85071.66,94275.76,65233.7,5844734403.0,86158.95,direct,
BTC,2025-03-04,88941.97,81449.43,86158.95,67017.22,5671376306.72,87255.42,direct,
BTC,2025-03-05,91001.98,86341.87,87255.42,38856.74,3457722668.91,90610.8,direct,
BTC,2025-03-06,92808.83,87818.33,90610.8,38977.52,3512025157.48,89931.91,direct,
BTC,2025-03-07,91275.25,84649.25,89931.91,70464.28,6196139350.73,86766.61,direct,
BTC,2025-03-08,86860.89,85206.97,86766.61,10574.16,910862167.44,86225.0,direct,
BTC,2025-03-09,86509.85,80006.76,86225.0,23565.36,1952362587.51,80719.05,direct,
BTC,2025-03-10,84037.25,77420.92,80719.05,54996.98,4414695361.63,78561.62,direct,
BTC,2025-03-11,83608.26,76581.52,78561.62,46456.32,3744822903.84,82919.47,direct,
BTC,2025-03-12,84410.29,80596.11,82919.47,33320.8,2750448405.11,83665.14,direct,
BTC,2025-03-13,84307.29,79915.4,83665.14,25813.81,2112762232.49,81081.43,direct,
BTC,2025-03-14,85315.9,80787.81,81081.43,27692.23,2317052000.16,83995.47,direct,
BTC,2025-03-15,84688.82,83628.73,83995.47,6081.09,512466916.19,84355.92,direct,
BTC,2025-03-16,85083.1,81992.19,84355.92,13119.21,1094031604.62,82572.37,direct,
BTC,2025-03-17,83960.63,82525.55,82572.37,8154.81,679326315.34,83544.78,direct,
DOGE,2024-03-17,0.159,0.1367,0.1424,886857243.55,132273329.34,0.1542,direct,
DOGE,2024-03-18,0.1542,0.14,0.1542,703508992.5,102886254.01,0.1435,direct,
DOGE,2024-03-19,0.1452,0.1252,0.1435,1482706299.05,195674707.18,0.1287,direct,
DOGE,2024-03-20,0.1533,0.1228,0.1287,1661269016.53,227846920.04,0.1521,direct,
DOGE,2024-03-21,0.1598,0.1466,0.1521,1255024360.52,191752590.86,0.1554,direct,
DOGE,2024-03-22,0.165,0.1453,0.1554,1201006500.08,185339092.84,0.1529,direct,
DOGE,2024-03-23,0.1751,0.1517,0.1529,1284929065.8,211549847.01,0.1619,direct,
DOGE,2024-03-24,0.18,0.1612,0.1619,1221220828.38,210552410.1,0.1765,direct,
DOGE,2024-03-25,0.1869,0.1701,0.1765,1208031481.41,214369873.07,0.1753,direct,
DOGE,2024-03-26,0.1871,0.1743,0.1753,1095219257.08,197456157.76,0.1823,direct,
DOGE,2024-03-27,0.1915,0.1789,0.1823,1837321662.43,341407524.3,0.1903,direct,
DOGE,2024-03-28,0.2288,0.1891,0.1903,2535750781.39,533190621.4,0.22,direct,
DOGE,2024-03-29,0.2248,0.2079,0.22,1172288237.57,251667003.85,0.2131,direct,
DOGE,2024-03-30,0.2169,0.1967,0.2131,866880350.31,178844850.87,0.1992,direct,
DOGE,2024-03-31,0.2243,0.1992,0.1992,875921100.85,186642519.87,0.22,direct,
DOGE,2024-04-01,0.22,0.1972,0.22,1282096508.85,263979561.65,0.2052,direct,
DOGE,2024-04-02,0.2052,0.1801,0.2052,1699676823.5,319240558.71,0.1825,direct,
DOGE,2024-04-03,0.1875,0.1701,0.1825,1255932486.24,226050902.1,0.1753,direct,
DOGE,2024-04-04,0.1884,0.172,0.1753,952027699.92,172075444.41,0.1801,direct,
DOGE,2024-04-05,0.1808,0.1675,0.1801,908340612.73,158289528.24,0.1773,direct,
DOGE,2024-04-06,0.1879,0.1765,0.1773,636631641.96,116376530.6,0.1858,direct,
DOGE,2024-04-07,0.2053,0.1855,0.1858,1037003728.87,204664849.21,0.1988,direct,
DOGE,2024-04-08,0.2089,0.1955,0.1988,788978788.77,160229236.09,0.2026,direct,
DOGE,2024-04-09,0.2034,0.1857,0.2026,857062803.07,166404099.42,0.1891,direct,
DOGE,2024-04-10,0.2021,0.1799,0.1891,922294519.72,177521244.53,0.1998,direct,
DOGE,2024-04-11,0.2036,0.1897,0.1998,680892298.47,133004909.41,0.1938,direct,
DOGE,2024-04-12,0.2013,0.1608,0.1938,1504706919.33,273900581.05,0.1744,direct,
DOGE,2024-04-13,0.1759,0.1301,0.1744,2367551009.73,369505028.37,0.1527,direct,
DOGE,2024-04-14,0.165,0.1444,0.1527,1506182605.91,231392255.87,0.1623,direct,
DOGE,2024-04-15,0.1691,0.1505,0.1623,1386602041.22,220552913.04,0.1612,direct,
DOGE,2024-04-16,0.1625,0.1463,0.1612,866720177.05,133665685.03,0.1561,direct,
DOGE,2024-04-17,0.1587,0.1443,0.1561,748532843.87,112637647.63,0.1476,direct,
DOGE,2024-04-18,0.1575,0.141,0.1476,761535622.96,113486418.68,0.1523,direct,
DOGE,2024-04-19,0.1572,0.139,0.1523,955620522.97,142805611.8,0.1564,direct,
DOGE,2024-04-20,0.1651,0.1507,0.1564,736758507.54,116686637.57,0.1627,direct,
DOGE,2024-04-21,0.1659,0.1551,0.1627,517415570.23,82990034.06,0.1582,direct,
DOGE,2024-04-22,0.1635,0.1565,0.1582,481796003.25,77228210.27,0.1613,direct,
DOGE,2024-04-23,0.163,0.1569,0.1613,389015858.93,62435643.43,0.1598,direct,
DOGE,2024-04-24,0.1644,0.1493,0.1598,736261326.32,116252757.87,0.1513,direct,
DOGE,2024-04-25,0.1544,0.1475,0.1513,363390659.27,54809036.14,0.1513,direct,
DOGE,2024-04-26,0.1518,0.1468,0.1513,340876777.84,50897878.79,0.1479,direct,
DOGE,2024-04-27,0.1496,0.1427,0.1479,317518426.72,46360059.94,0.1477,direct,
DOGE,2024-04-28,0.151,0.146,0.1477,158144192.74,23560922.41,0.1467,direct,
DOGE,2024-04-29,0.148,0.1397,0.1467,425829077.98,60593620.97,0.1434,direct,
DOGE,2024-04-30,0.1459,0.1291,0.1434,660348573.78,89725061.07,0.1333,direct,
DOGE,2024-05-01,0.1338,0.1199,0.1333,1154685131.2,145888997.88,0.1301,direct,
DOGE,2024-05-02,0.1344,0.124,0.1301,638180405.3,83360772.69,0.1319,direct,
DOGE,2024-05-03,0.1481,0.1312,0.1319,641341113.21,89107101.82,0.1461,direct,
DOGE,2024-05-04,0.1699,0.1458,0.1461,1229653524.63,195320111.5,0.1601,direct,
DOGE,2024-05-05,0.1635,0.1546,0.1601,545181524.94,87196329.2,0.161,direct,
DOGE,2024-05-06,0.169,0.1541,0.161,719358251.49,115724357.94,0.1565,direct,
DOGE,2024-05-07,0.1599,0.1493,0.1565,502180853.15,78076107.52,0.15,direct,
DOGE,2024-05-08,0.1519,0.142,0.15,492794946.53,72559151.05,0.1432,direct,
DOGE,2024-05-09,0.1542,0.1431,0.1432,463375698.33,68650459.64,0.1522,direct,
DOGE,2024-05-10,0.1539,0.1423,0.1522,500204686.06,73583889.19,0.1439,direct,
DOGE,2024-05-11,0.1462,0.1425,0.1439,141042120.2,20334316.35,0.143,direct,
DOGE,2024-05-12,0.1444,0.1396,0.143,222383874.32,31541279.67,0.1412,direct,
DOGE,2024-05-13,0.1573,0.1358,0.1412,964436752.43,143034521.68,0.1486,direct,
DOGE,2024-05-14,0.1551,0.1442,0.1486,799098095.33,119353242.59,0.1454,direct,
DOGE,2024-05-15,0.157,0.1452,0.1454,740810478.61,112411731.74,0.1554,direct,
DOGE,2024-05-16,0.1593,0.1487,0.1554,473534135.05,72711410.55,0.1497,direct,
DOGE,2024-05-17,0.1567,0.1493,0.1497,418823745.91,64149055.47,0.1556,direct,
DOGE,2024-05-18,0.157,0.1514,0.1556,205236467.77,31621218.4,0.1531,direct,
DOGE,2024-05-19,0.156,0.1474,0.1531,235349739.67,35626881.13,0.1491,direct,
DOGE,2024-05-20,0.1663,0.1478,0.1491,635158589.25,99492399.05,0.1658,direct,
DOGE,2024-05-21,0.1737,0.1607,0.1658,970213629.9,161792759.86,0.1702,direct,
DOGE,2024-05-22,0.1746,0.1617,0.1702,661938330.76,111372940.84,0.1662,direct,
DOGE,2024-05-23,0.1693,0.152,0.1662,720087377.23,115731886.3,0.1596,direct,
DOGE,2024-05-24,0.1732,0.1551,0.1596,960898927.06,157937168.83,0.1638,direct,
DOGE,2024-05-25,0.1742,0.1627,0.1638,452654506.79,75982764.91,0.1739,direct,
DOGE,2024-05-26,0.1749,0.1654,0.1739,448647169.29,76289604.77,0.1661,direct,
DOGE,2024-05-27,0.1735,0.1641,0.1661,481264237.88,81116298.74,0.1689,direct,
DOGE,2024-05-28,0.1696,0.1614,0.1689,435160912.31,71726170.42,0.1648,direct,
DOGE,2024-05-29,0.1707,0.1621,0.1648,490890595.22,81547594.11,0.1637,direct,
DOGE,2024-05-30,0.1655,0.1563,0.1637,507558156.42,81853141.41,0.1594,direct,
DOGE,2024-05-31,0.1625,0.1543,0.1594,300264519.4,47604648.84,0.1589,direct,
DOGE,2024-06-01,0.1616,0.1583,0.1589,134705909.94,21551170.12,0.1602,direct,
DOGE,2024-06-02,0.1612,0.1546,0.1602,150324233.06,23699717.6,0.1571,direct,
DOGE,2024-06-03,0.1635,0.1557,0.1571,338407420.12,54309215.19,0.1583,direct,
DOGE,2024-06-04,0.1619,0.157,0.1583,191437905.19,30591459.72,0.1614,direct,
DOGE,2024-06-05,0.1648,0.1613,0.1614,219000571.88,35689124.85,0.1632,direct,
DOGE,2024-06-06,0.1656,0.1583,0.1632,230631444.77,37386842.45,0.1601,direct,
DOGE,2024-06-07,0.1621,0.1402,0.1601,573037576.72,86818750.04,0.1482,direct,
DOGE,2024-06-08,0.1487,0.1435,0.1482,256522528.63,37561807.15,0.1459,direct,
DOGE,2024-06-09,0.1491,0.145,0.1459,153047221.24,22449720.16,0.1468,direct,
DOGE,2024-06-10,0.1479,0.1433,0.1468,247278559.46,35913647.74,0.1447,direct,
DOGE,2024-06-11,0.1451,0.1337,0.1447,502779405.21,70047942.99,0.1381,direct,
DOGE,2024-06-12,0.1507,0.1346,0.1381,625038004.15,90361315.59,0.1462,direct,
DOGE,2024-06-13,0.1464,0.1401,0.1462,361524494.64,51696959.03,0.141,direct,
DOGE,2024-06-14,0.1433,0.1319,0.141,429405147.2,58838405.36,0.1349,direct,
DOGE,2024-06-15,0.1374,0.1341,0.1349,178962816.12,24360757.57,0.1367,direct,
DOGE,2024-06-16,0.1375,0.1347,0.1367,135092549.27,18405181.55,0.137,direct,
DOGE,2024-06-17,0.1381,0.1261,0.137,452121282.45,59642865.9,0.1288,direct,
DOGE,2024-06-18,0.1292,0.1141,0.1288,699699447.78,84415334.02,0.1222,direct,
DOGE,2024-06-19,0.1268,0.1214,0.1222,397625178.57,49218533.96,0.1225,direct,
DOGE,2024-06-20,0.1287,0.1213,0.1225,326013443.92,40491839.46,0.1245,direct,
DOGE,2024-06-21,0.1256,0.1213,0.1245,245544421.94,30357542.7,0.1241,direct,
DOGE,2024-06-22,0.1255,0.1229,0.1241,146235637.65,18181774.58,0.1237,direct,
DOGE,2024-06-23,0.1263,0.1212,0.1237,173274153.07,21440847.93,0.1221,direct,
DOGE,2024-06-24,0.1238,0.1136,0.1221,431129306.19,50932000.97,0.1189,direct,
DOGE,2024-06-25,0.1285,0.1188,0.1189,490561691.43,61185515.51,0.1261,direct,
DOGE,2024-06-26,0.1286,0.1216,0.1261,317571751.54,39331879.55,0.1227,direct,
DOGE,2024-06-27,0.1283,0.1205,0.1227,345885265.64,42984174.16,0.1269,direct,
DOGE,2024-06-28,0.1283,0.122,0.1269,288797355.78,36196652.43,0.1228,direct,
DOGE,2024-06-29,0.1242,0.1212,0.1228,88520445.28,10886784.39,0.1217,direct,
DOGE,2024-06-30,0.1255,0.1203,0.1217,113022157.0,13871257.06,0.1243,direct,
DOGE,2024-07-01,0.1273,0.1231,0.1243,187000945.46,23394472.25,0.1234,direct,
DOGE,2024-07-02,0.1252,0.1223,0.1234,143844756.59,17782684.44,0.1251,direct,
DOGE,2024-07-03,0.1253,0.1167,0.1251,266447679.96,31851828.64,0.1184,direct,
DOGE,2024-07-04,0.119,0.104,0.1184,606982391.33,66970080.95,0.1049,direct,
DOGE,2024-07-05,0.1068,0.09166,0.1049,1057761602.33,105302810.65,0.1056,direct,
DOGE,2024-07-06,0.1142,0.1047,0.1056,379141943.11,41368563.66,0.1135,direct,
DOGE,2024-07-07,0.1135,0.1036,0.1135,258615609.56,28102535.92,0.1041,direct,
DOGE,2024-07-08,0.1114,0.09879,0.1041,431662984.89,45520469.24,0.1076,direct,
DOGE,2024-07-09,0.1095,0.1058,0.1076,279268420.96,30117746.82,0.1075,direct,
DOGE,2024-07-10,0.1105,0.1058,0.1075,292776963.75,31830402.8,0.108,direct,
DOGE,2024-07-11,0.1125,0.1062,0.108,197395628.99,21440343.73,0.1066,direct,
DOGE,2024-07-12,0.1084,0.1048,0.1066,172960773.55,18463995.26,0.1077,direct,
DOGE,2024-07-13,0.113,0.1073,0.1077,238462594.34,26357122.3,0.1123,direct,
DOGE,2024-07-14,0.1169,0.1112,0.1123,207494671.67,23583582.76,0.1154,direct,
DOGE,2024-07-15,0.1256,0.1146,0.1154,347674712.44,41635443.67,0.125,direct,
DOGE,2024-07-16,0.1279,0.119,0.125,372089262.49,46279459.02,0.1248,direct,
DOGE,2024-07-17,0.1278,0.1202,0.1248,298911232.64,37041799.59,0.1218,direct,
DOGE,2024-07-18,0.1239,0.1172,0.1218,234752703.12,28349934.6,0.1195,direct,
DOGE,2024-07-19,0.1261,0.1174,0.1195,292361110.83,35909982.33,0.1255,direct,
DOGE,2024-07-20,0.1358,0.1244,0.1255,486133117.99,63919328.47,0.1343,direct,
DOGE,2024-07-21,0.1437,0.1258,0.1343,517535481.02,70186727.28,0.1402,direct,
DOGE,2024-07-22,0.1426,0.1359,0.1402,545325369.81,75960490.92,0.1378,direct,
DOGE,2024-07-23,0.1393,0.1281,0.1378,388572384.98,51541485.49,0.1303,direct,
DOGE,2024-07-24,0.1348,0.1269,0.1303,222980817.56,29231028.86,0.1279,direct,
DOGE,2024-07-25,0.1287,0.1201,0.1279,353671091.46,43790272.15,0.1252,direct,
DOGE,2024-07-26,0.1349,0.1251,0.1252,352976029.81,46221135.33,0.1342,direct,
DOGE,2024-07-27,0.1387,0.1302,0.1342,435710122.18,58509287.42,0.1314,direct,
DOGE,2024-07-28,0.1319,0.1282,0.1314,177334846.79,23065150.46,0.13,direct,
DOGE,2024-07-29,0.135,0.1277,0.13,361758080.08,47638593.55,0.1284,direct,
DOGE,2024-07-30,0.1306,0.1233,0.1284,246540280.52,31467589.84,0.1255,direct,
DOGE,2024-07-31,0.1273,0.1212,0.1255,220119941.93,27369437.59,0.1219,direct,
DOGE,2024-08-01,0.123,0.112,0.1219,316524433.1,37279609.15,0.119,direct,
DOGE,2024-08-02,0.1196,0.1101,0.119,295977345.1,33762727.76,0.1114,direct,
DOGE,2024-08-03,0.1146,0.1052,0.1114,356113840.89,39003583.11,0.1081,direct,
DOGE,2024-08-04,0.1093,0.09904,0.1081,338136835.1,35261091.45,0.1037,direct,
DOGE,2024-08-05,0.1042,0.08051,0.1037,1485328120.47,135136244.37,0.09435,direct,
DOGE,2024-08-06,0.1015,0.09411,0.09435,461169812.24,45153729.73,0.09652,direct,
DOGE,2024-08-07,0.1021,0.09433,0.09652,472886939.94,46336380.83,0.09557,direct,
DOGE,2024-08-08,0.108,0.09357,0.09557,442811372.21,45247515.5,0.1075,direct,
DOGE,2024-08-09,0.1078,0.1016,0.1075,292318844.18,30433737.54,0.1039,direct,
DOGE,2024-08-10,0.1059,0.1029,0.1039,138385390.74,14478871.87,0.1052,direct,
DOGE,2024-08-11,0.111,0.1001,0.1052,374995744.45,39886633.13,0.1006,direct,
DOGE,2024-08-12,0.1086,0.1002,0.1006,425296731.37,44744044.97,0.1079,direct,
DOGE,2024-08-13,0.1091,0.1034,0.1079,237836793.63,25181368.31,0.1064,direct,
DOGE,2024-08-14,0.1071,0.1015,0.1064,181435401.67,18923496.57,0.1024,direct,
DOGE,2024-08-15,0.1049,0.09798,0.1024,271657458.45,27470711.39,0.1002,direct,
DOGE,2024-08-16,0.1021,0.09748,0.1002,195274752.6,19549200.97,0.1004,direct,
DOGE,2024-08-17,0.1037,0.1001,0.1004,91965246.08,9393393.88,0.1028,direct,
DOGE,2024-08-18,0.1044,0.1,0.1028,124483746.93,12772958.17,0.1001,direct,
DOGE,2024-08-19,0.1019,0.0986,0.1001,183463148.18,18340683.32,0.1014,direct,
DOGE,2024-08-20,0.1057,0.1011,0.1014,414196589.51,43045787.34,0.1029,direct,
DOGE,2024-08-21,0.108,0.1021,0.1029,228675245.34,24009082.46,0.1062,direct,
DOGE,2024-08-22,0.1069,0.104,0.1062,138813976.75,14645525.08,0.1053,direct,
DOGE,2024-08-23,0.1155,0.1053,0.1053,470540765.54,52039551.51,0.113,direct,
DOGE,2024-08-24,0.115,0.1108,0.113,307405778.65,34716410.58,0.1126,direct,
DOGE,2024-08-25,0.1129,0.1079,0.1126,225925727.36,24890006.11,0.1097,direct,
DOGE,2024-08-26,0.1103,0.1045,0.1097,226295223.83,24287206.94,0.1052,direct,
DOGE,2024-08-27,0.1065,0.09647,0.1052,343558010.14,35163552.73,0.09892,direct,
DOGE,2024-08-28,0.1019,0.09684,0.09892,323378845.96,32192998.85,0.09968,direct,
DOGE,2024-08-29,0.1026,0.09829,0.09968,196609909.87,19749311.06,0.1004,direct,
DOGE,2024-08-30,0.1029,0.09703,0.1004,286078432.66,28746541.76,0.1018,direct,
DOGE,2024-08-31,0.1023,0.1004,0.1018,135998454.7,13793466.63,0.1013,direct,
DOGE,2024-09-01,0.1015,0.09399,0.1013,193513199.97,18929887.95,0.09512,direct,
DOGE,2024-09-02,0.09984,0.0941,0.09512,197172954.71,19140134.95,0.0991,direct,
DOGE,2024-09-03,0.1008,0.09649,0.0991,189163233.74,18628226.14,0.09677,direct,
DOGE,2024-09-04,0.0995,0.09196,0.09677,333093334.57,32121197.31,0.09799,direct,
DOGE,2024-09-05,0.09916,0.09601,0.09799,225842585.46,22074773.0,0.09839,direct,
DOGE,2024-09-06,0.09941,0.08893,0.09839,392986407.68,36846762.33,0.09254,direct,
DOGE,2024-09-07,0.0957,0.09174,0.09254,232509435.48,21913401.4,0.0954,direct,
DOGE,2024-09-08,0.09695,0.09385,0.0954,144170057.09,13784463.78,0.09615,direct,
DOGE,2024-09-09,0.1049,0.09576,0.09615,391893256.1,39484360.55,0.1038,direct,
DOGE,2024-09-10,0.1046,0.1015,0.1038,198845968.16,20463973.21,0.1028,direct,
DOGE,2024-09-11,0.103,0.09786,0.1028,248317126.4,24997271.05,0.1013,direct,
DOGE,2024-09-12,0.1033,0.1005,0.1013,213782254.67,21826146.14,0.1027,direct,
DOGE,2024-09-13,0.1085,0.1018,0.1027,418495427.4,44342951.4,0.1071,direct,
DOGE,2024-09-14,0.1078,0.1044,0.1071,190926102.69,20254008.85,0.1054,direct,
DOGE,2024-09-15,0.1064,0.1022,0.1054,178709489.11,18778646.49,0.1028,direct,
DOGE,2024-09-16,0.1032,0.09834,0.1028,226156784.07,22750797.45,0.09965,direct,
DOGE,2024-09-17,0.1026,0.09869,0.09965,324990634.3,32843972.29,0.1011,direct,
DOGE,2024-09-18,0.1039,0.09937,0.1011,243565502.12,24674878.44,0.1039,direct,
DOGE,2024-09-19,0.1071,0.1035,0.1039,287684909.58,30238304.37,0.105,direct,
DOGE,2024-09-20,0.1075,0.1036,0.105,284691242.61,30053392.34,0.1055,direct,
DOGE,2024-09-21,0.1105,0.1041,0.1055,250625229.21,27028744.23,0.11,direct,
DOGE,2024-09-22,0.11,0.1038,0.11,189827994.89,20275100.43,0.1063,direct,
DOGE,2024-09-23,0.1092,0.1041,0.1063,273001593.9,29308946.49,0.1081,direct,
DOGE,2024-09-24,0.1106,0.1068,0.1081,267925696.13,29092698.7,0.1098,direct,
DOGE,2024-09-25,0.1111,0.108,0.1098,247347358.77,27112912.15,0.1085,direct,
DOGE,2024-09-26,0.1206,0.107,0.1085,621431232.68,71720210.21,0.1182,direct,
DOGE,2024-09-27,0.1288,0.117,0.1182,682299246.62,84405016.52,0.1235,direct,
DOGE,2024-09-28,0.1321,0.1201,0.1235,574664546.26,73157264.54,0.1281,direct,
DOGE,2024-09-29,0.1304,0.1243,0.1281,331880370.14,42187321.65,0.1243,direct,
DOGE,2024-09-30,0.1246,0.1132,0.1243,444641435.97,53185872.67,0.1142,direct,
DOGE,2024-10-01,0.1193,0.1026,0.1142,628965917.69,69631786.35,0.1069,direct,
DOGE,2024-10-02,0.1095,0.1023,0.1069,421514964.19,44667998.39,0.1046,direct,
DOGE,2024-10-03,0.1068,0.1011,0.1046,337194913.75,35075617.77,0.1051,direct,
DOGE,2024-10-04,0.1106,0.1048,0.1051,365672872.2,39567594.35,0.1092,direct,
DOGE,2024-10-05,0.1102,0.1075,0.1092,178094455.65,19428493.25,0.1094,direct,
DOGE,2024-10-06,0.1129,0.1084,0.1094,171360359.31,18979792.18,0.1115,direct,
DOGE,2024-10-07,0.1155,0.1082,0.1115,460690590.57,51827215.13,0.1084,direct,
DOGE,2024-10-08,0.1098,0.1052,0.1084,253922393.78,27283950.32,0.1071,direct,
DOGE,2024-10-09,0.1114,0.106,0.1071,307191547.46,33454016.15,0.1079,direct,
DOGE,2024-10-10,0.1085,0.103,0.1079,320973854.97,33878063.41,0.1059,direct,
DOGE,2024-10-11,0.1114,0.1056,0.1059,264663357.67,28892658.94,0.1107,direct,
DOGE,2024-10-12,0.1121,0.1093,0.1107,169402973.26,18822390.16,0.1114,direct,
DOGE,2024-10-13,0.1121,0.1086,0.1114,151030576.42,16705597.71,0.1113,direct,
DOGE,2024-10-14,0.1177,0.1093,0.1113,431969794.51,49203580.83,0.1166,direct,
DOGE,2024-10-15,0.1192,0.1102,0.1166,487205463.98,56106759.2,0.1174,direct,
DOGE,2024-10-16,0.1298,0.1158,0.1174,1073694786.08,133771550.52,0.1257,direct,
DOGE,2024-10-17,0.1309,0.1204,0.1257,768528832.85,95966264.87,0.1296,direct,
DOGE,2024-10-18,0.1408,0.1296,0.1296,1031428219.15,139898677.13,0.1372,direct,
DOGE,2024-10-19,0.1469,0.137,0.1372,713610111.22,102410885.26,0.1441,direct,
DOGE,2024-10-20,0.1456,0.1372,0.1441,465746595.17,65690285.87,0.1421,direct,
DOGE,2024-10-21,0.1497,0.1381,0.1421,792047930.68,114311427.61,0.1436,direct,
DOGE,2024-10-22,0.1484,0.1364,0.1436,691798170.51,98024539.78,0.1396,direct,
DOGE,2024-10-23,0.1408,0.133,0.1396,551179100.62,75828419.28,0.1399,direct,
DOGE,2024-10-24,0.1437,0.1362,0.1399,458834748.84,64523716.73,0.1418,direct,
DOGE,2024-10-25,0.1426,0.1276,0.1418,581619834.36,78957768.85,0.1314,direct,
DOGE,2024-10-26,0.1379,0.1305,0.1314,279161405.1,37495242.6,0.1373,direct,
DOGE,2024-10-27,0.1461,0.1359,0.1373,457241671.18,64652440.68,0.1441,direct,
DOGE,2024-10-28,0.1624,0.141,0.1441,1254764906.08,190028546.82,0.1614,direct,
DOGE,2024-10-29,0.1797,0.1604,0.1614,1349764091.08,229652737.34,0.1758,direct,
DOGE,2024-10-30,0.1778,0.1644,0.1758,677281406.51,115811665.84,0.1683,direct,
DOGE,2024-10-31,0.1735,0.1562,0.1683,722769764.93,119882500.28,0.1614,direct,
DOGE,2024-11-01,0.1689,0.1541,0.1614,775672348.78,124792132.56,0.1591,direct,
DOGE,2024-11-02,0.1636,0.1555,0.1591,371644855.04,59223047.02,0.1595,direct,
DOGE,2024-11-03,0.1598,0.1422,0.1595,838290856.08,125033028.48,0.1513,direct,
DOGE,2024-11-04,0.1601,0.1481,0.1513,936419199.44,145676164.3,0.1582,direct,
DOGE,2024-11-05,0.1794,0.1579,0.1582,1453732821.66,247118934.03,0.17,direct,
DOGE,2024-11-06,0.2191,0.1691,0.17,3500094223.17,689878544.04,0.1967,direct,
DOGE,2024-11-07,0.2044,0.1856,0.1967,1209771344.23,234630268.6,0.1934,direct,
DOGE,2024-11-08,0.2075,0.1906,0.1934,1203468014.49,238251374.53,0.2021,direct,
DOGE,2024-11-09,0.22,0.1976,0.2021,1066626855.44,222636994.85,0.2191,direct,
DOGE,2024-11-10,0.2984,0.2168,0.2191,3512464598.36,897508411.54,0.2779,direct,
DOGE,2024-11-11,0.3519,0.2729,0.2779,3572032324.62,1103586089.1,0.3519,direct,
DOGE,2024-11-12,0.4393,0.3274,0.3519,5495694628.49,2090190899.44,0.3804,direct,
DOGE,2024-11-13,0.4344,0.353,0.3804,4169316482.57,1642064656.81,0.3997,direct,
DOGE,2024-11-14,0.4162,0.352,0.3997,2268352245.3,884490409.98,0.3626,direct,
DOGE,2024-11-15,0.3849,0.3519,0.3626,1686642104.45,620660020.85,0.3816,direct,
DOGE,2024-11-16,0.3916,0.3601,0.3816,997033835.65,373551282.44,0.3643,direct,
DOGE,2024-11-17,0.3754,0.3394,0.3643,966061401.36,345897081.84,0.3671,direct,
DOGE,2024-11-18,0.3821,0.3577,0.3671,1317975910.18,489747878.76,0.3715,direct,
DOGE,2024-11-19,0.4204,0.3667,0.3715,1737520079.09,684714985.97,0.3912,direct,
DOGE,2024-11-20,0.3971,0.3653,0.3912,1045672453.03,400762683.29,0.378,direct,
DOGE,2024-11-21,0.3955,0.3694,0.378,1036812228.63,398512320.16,0.387,direct,
DOGE,2024-11-22,0.4201,0.3811,0.387,1772003018.26,711953818.2,0.4132,direct,
DOGE,2024-11-23,0.4806,0.4046,0.4132,2665295095.25,1184073546.04,0.4306,direct,
DOGE,2024-11-24,0.4549,0.4,0.4306,1496339948.08,636945476.62,0.4307,direct,
DOGE,2024-11-25,0.4378,0.3803,0.4307,1458309067.74,599111584.42,0.3927,direct,
DOGE,2024-11-26,0.4088,0.3647,0.3927,1213943108.28,467375812.53,0.387,direct,
DOGE,2024-11-27,0.4084,0.3802,0.387,751367623.55,297514879.05,0.4014,direct,
DOGE,2024-11-28,0.4293,0.3912,0.4014,681347052.73,276615441.73,0.4017,direct,
DOGE,2024-11-29,0.4378,0.3995,0.4017,939084586.92,394160558.29,0.4264,direct,
DOGE,2024-11-30,0.4358,0.4137,0.4264,803170430.13,341047483.81,0.4218,direct,
DOGE,2024-12-01,0.45,0.4167,0.4218,998182049.58,432804817.66,0.4406,direct,
DOGE,2024-12-02,0.4638,0.4005,0.4406,1430723258.11,615305827.73,0.4247,direct,
DOGE,2024-12-03,0.4297,0.3882,0.4247,1020962829.04,419284263.44,0.4066,direct,
DOGE,2024-12-04,0.4378,0.4003,0.4066,907018023.8,380024302.55,0.4333,direct,
DOGE,2024-12-05,0.4658,0.4079,0.4333,2064370606.37,907198597.31,0.4274,direct,
DOGE,2024-12-06,0.4423,0.4204,0.4274,796187833.69,344843994.57,0.4354,direct,
DOGE,2024-12-07,0.4665,0.4313,0.4354,959119416.21,433944365.88,0.4534,direct,
DOGE,2024-12-08,0.4845,0.4466,0.4534,924273641.74,429447703.65,0.4668,direct,
DOGE,2024-12-09,0.4678,0.382,0.4668,1443219856.16,618528952.0,0.4142,direct,
DOGE,2024-12-10,0.423,0.3653,0.4142,1495292624.18,588656151.51,0.394,direct,
DOGE,2024-12-11,0.4194,0.3754,0.394,901504018.74,362649953.97,0.4143,direct,
DOGE,2024-12-12,0.4241,0.4011,0.4143,587889893.6,242623120.66,0.4062,direct,
DOGE,2024-12-13,0.4122,0.3993,0.4062,728829203.98,294433964.04,0.4091,direct,
DOGE,2024-12-14,0.4141,0.3874,0.4091,358934777.33,143175192.89,0.3982,direct,
DOGE,2024-12-15,0.4111,0.3923,0.3982,299264038.98,120007812.39,0.4064,direct,
DOGE,2024-12-16,0.4149,0.3923,0.4064,498599245.19,201906885.94,0.402,direct,
DOGE,2024-12-17,0.4102,0.3912,0.402,325943575.68,130592397.81,0.3942,direct,
DOGE,2024-12-18,0.3963,0.3495,0.3942,679131272.01,253576243.57,0.3581,direct,
DOGE,2024-12-19,0.3671,0.3,0.3581,1608885292.26,530735051.67,0.314,direct,
DOGE,2024-12-20,0.3287,0.262,0.314,2048052135.85,613896691.68,0.3177,direct,
DOGE,2024-12-21,0.3499,0.314,0.3177,861434715.35,283734353.26,0.3202,direct,
DOGE,2024-12-22,0.3243,0.3046,0.3202,497554761.6,156798947.21,0.3123,direct,
DOGE,2024-12-23,0.3284,0.3027,0.3123,700083108.51,220234103.79,0.3245,direct,
DOGE,2024-12-24,0.3402,0.3158,0.3245,444744399.63,146626027.24,0.3369,direct,
DOGE,2024-12-25,0.3419,0.3263,0.3369,302122555.62,100551671.92,0.3341,direct,
DOGE,2024-12-26,0.3377,0.3082,0.3341,335337990.15,107090222.96,0.3124,direct,
DOGE,2024-12-27,0.3244,0.3085,0.3124,315016855.61,99072532.88,0.3114,direct,
DOGE,2024-12-28,0.3268,0.311,0.3114,163560598.24,52056957.42,0.3238,direct,
DOGE,2024-12-29,0.3291,0.3113,0.3238,221540761.0,70731718.22,0.3137,direct,
DOGE,2024-12-30,0.3227,0.306,0.3137,371611006.75,117394930.0,0.3134,direct,
DOGE,2024-12-31,0.3286,0.3088,0.3134,351202841.49,111968664.98,0.3154,direct,
DOGE,2025-01-01,0.3268,0.3114,0.3154,251131350.84,80142446.71,0.3244,direct,
DOGE,2025-01-02,0.3446,0.324,0.3244,411786898.63,138179812.59,0.3386,direct,
DOGE,2025-01-03,0.3893,0.3357,0.3386,577801313.69,211226011.64,0.3797,direct,
DOGE,2025-01-04,0.3987,0.3766,0.3797,453685224.4,175664000.93,0.3948,direct,
DOGE,2025-01-05,0.3978,0.3752,0.3948,223566831.64,86063718.54,0.3822,direct,
DOGE,2025-01-06,0.3954,0.376,0.3822,310208389.87,120108994.22,0.388,direct,
DOGE,2025-01-07,0.3984,0.3471,0.388,688049008.33,253883930.44,0.348,direct,
DOGE,2025-01-08,0.3555,0.3246,0.348,702486903.87,239880478.93,0.3422,direct,
DOGE,2025-01-09,0.3467,0.3143,0.3422,619769638.08,202443603.97,0.321,direct,
DOGE,2025-01-10,0.3396,0.321,0.321,501241926.9,165479864.12,0.3338,direct,
DOGE,2025-01-11,0.348,0.3296,0.3338,198205709.98,66933482.23,0.341,direct,
DOGE,2025-01-12,0.3434,0.3309,0.341,201533696.14,68162361.18,0.3358,direct,
DOGE,2025-01-13,0.3458,0.3099,0.3358,607036434.84,197470185.21,0.338,direct,
DOGE,2025-01-14,0.362,0.3357,0.338,532628409.42,186279618.24,0.3558,direct,
DOGE,2025-01-15,0.3878,0.3482,0.3558,692272318.59,254620126.4,0.3853,direct,
DOGE,2025-01-16,0.3901,0.3677,0.3853,731147399.02,277548243.73,0.3765,direct,
DOGE,2025-01-17,0.422,0.3756,0.3765,936137290.6,381660776.36,0.4155,direct,
DOGE,2025-01-18,0.4342,0.3841,0.4155,1073314082.24,433062775.99,0.396,direct,
DOGE,2025-01-19,0.4096,0.3465,0.396,1470661682.93,559003479.9,0.358,direct,
DOGE,2025-01-20,0.3859,0.3448,0.358,1492839070.67,543335649.69,0.3542,direct,
DOGE,2025-01-21,0.4011,0.3353,0.3542,1472998384.72,541573813.06,0.372,direct,
DOGE,2025-01-22,0.3738,0.3553,0.372,438340124.79,159423517.86,0.3625,direct,
DOGE,2025-01-23,0.3644,0.3415,0.3625,538245424.91,189647986.1,0.3522,direct,
DOGE,2025-01-24,0.3646,0.3429,0.3522,273907622.42,97425765.13,0.3508,direct,
DOGE,2025-01-25,0.3611,0.3455,0.3508,182684697.01,64537893.01,0.3535,direct,
DOGE,2025-01-26,0.3573,0.335,0.3535,207059824.72,72178460.95,0.3359,direct,
DOGE,2025-01-27,0.337,0.3051,0.3359,758049663.96,244313842.41,0.3339,direct,
DOGE,2025-01-28,0.339,0.3149,0.3339,344228881.1,113037832.75,0.3185,direct,
DOGE,2025-01-29,0.3345,0.3168,0.3185,350368848.95,114215705.9,0.324,direct,
DOGE,2025-01-30,0.3389,0.3221,0.324,251075279.2,83521267.99,0.3315,direct,
DOGE,2025-01-31,0.3417,0.3234,0.3315,295570767.48,98005746.43,0.3289,direct,
DOGE,2025-02-01,0.3321,0.3035,0.3289,262393491.84,83317162.43,0.3078,direct,
DOGE,2025-02-02,0.3147,0.25,0.3078,1079261333.86,302368605.99,0.268,direct,
DOGE,2025-02-03,0.2933,0.2012,0.268,2269946386.4,570416005.1,0.2852,direct,
DOGE,2025-02-04,0.2892,0.2553,0.2852,891094184.01,239647602.08,0.2636,direct,
DOGE,2025-02-05,0.2692,0.2534,0.2636,371420450.21,97245326.4,0.2561,direct,
DOGE,2025-02-06,0.266,0.243,0.2561,381218748.12,96575623.29,0.2479,direct,
DOGE,2025-02-07,0.2618,0.2387,0.2479,384091110.44,96575483.94,0.2466,direct,
DOGE,2025-02-08,0.2542,0.2446,0.2466,151007051.36,37641835.43,0.253,direct,
DOGE,2025-02-09,0.26,0.2398,0.253,276661627.73,69409659.97,0.249,direct,
DOGE,2025-02-10,0.2565,0.2417,0.249,276002468.87,69254351.63,0.2554,direct,
DOGE,2025-02-11,0.2701,0.2484,0.2554,357672949.42,92566548.11,0.2531,direct,
DOGE,2025-02-12,0.2673,0.2468,0.2531,478104864.7,122817404.31,0.2642,direct,
DOGE,2025-02-13,0.2672,0.2534,0.2642,315833970.69,81965651.63,0.2625,direct,
DOGE,2025-02-14,0.2865,0.2608,0.2625,482783133.7,131407089.6,0.2718,direct,
DOGE,2025-02-15,0.2832,0.2683,0.2718,319035379.93,88006532.57,0.2717,direct,
DOGE,2025-02-16,0.2743,0.2637,0.2717,167884546.7,45063992.77,0.2656,direct,
DOGE,2025-02-17,0.2688,0.2538,0.2656,268932630.68,70267564.28,0.2582,direct,
DOGE,2025-02-18,0.2598,0.242,0.2582,409085847.6,102032144.47,0.2512,direct,
DOGE,2025-02-19,0.2554,0.2488,0.2512,173311715.34,43788372.37,0.2548,direct,
DOGE,2025-02-20,0.2576,0.2499,0.2548,165056690.44,41944888.46,0.2548,direct,
DOGE,2025-02-21,0.2612,0.2342,0.2548,313942279.02,77924102.05,0.2395,direct,
DOGE,2025-02-22,0.2478,0.238,0.2395,146117674.78,35646164.11,0.2466,direct,
DOGE,2025-02-23,0.2476,0.2405,0.2466,98997585.9,24125448.63,0.2429,direct,
DOGE,2025-02-24,0.244,0.2061,0.2429,518543075.0,115816311.88,0.2104,direct,
DOGE,2025-02-25,0.2145,0.1954,0.2104,796368858.13,163758134.42,0.2113,direct,
DOGE,2025-02-26,0.2138,0.1958,0.2113,437489706.55,89697245.57,0.2032,direct,
DOGE,2025-02-27,0.2113,0.2007,0.2032,283807875.94,58637231.83,0.2067,direct,
DOGE,2025-02-28,0.207,0.1814,0.2067,697833251.93,134347863.61,0.2017,direct,
DOGE,2025-03-01,0.2089,0.1993,0.2017,212009176.4,43241595.41,0.2067,direct,
DOGE,2025-03-02,0.2422,0.2016,0.2067,692691749.44,155180157.85,0.2394,direct,
DOGE,2025-03-03,0.2405,0.1932,0.2394,706715709.34,150546782.79,0.199,direct,
DOGE,2025-03-04,0.2022,0.1829,0.199,636401633.33,123181741.34,0.1991,direct,
DOGE,2025-03-05,0.2066,0.1964,0.1991,319286461.68,64347122.15,0.2048,direct,
DOGE,2025-03-06,0.22,0.199,0.2048,405471136.6,84050069.92,0.2015,direct,
DOGE,2025-03-07,0.2087,0.1903,0.2015,452707772.3,90937317.53,0.1983,direct,
DOGE,2025-03-08,0.2008,0.191,0.1983,183504171.83,35823782.33,0.1922,direct,
DOGE,2025-03-09,0.1942,0.1654,0.1922,504700228.68,88601819.18,0.168,direct,
DOGE,2025-03-10,0.1809,0.1504,0.168,736348822.55,120717140.52,0.1539,direct,
DOGE,2025-03-11,0.1686,0.1428,0.1539,895678373.34,141106574.47,0.1645,direct,
DOGE,2025-03-12,0.1739,0.1595,0.1645,535565456.22,89315760.19,0.1724,direct,
DOGE,2025-03-13,0.173,0.1617,0.1724,401877294.45,67426156.74,0.1651,direct,
DOGE,2025-03-14,0.1762,0.1646,0.1651,285960770.74,48803533.46,0.1719,direct,
DOGE,2025-03-15,0.1778,0.1712,0.1719,155377810.63,27162543.51,0.176,direct,
DOGE,2025-03-16,0.1768,0.1658,0.176,229854552.58,39189719.56,0.1682,direct,
DOGE,2025-03-17,0.1748,0.168,0.1682,114668337.34,19738914.36,0.172,direct,
ETH,2024-03-17,3676.55,3411.95,3520.08,273465.18,975546606.2,3641.61,direct,
ETH,2024-03-18,3642.66,3454.26,3641.61,301558.82,1071170431.07,3520.31,direct,
ETH,2024-03-19,3547.15,3149.03,3520.31,587955.64,1943259863.05,3158.44,direct,
ETH,2024-03-20,3535.92,3057.97,3158.44,658543.95,2169017019.63,3516.66,direct,
ETH,2024-03-21,3586.77,3411.44,3516.66,401675.9,1410320174.21,3492.08,direct,
ETH,2024-03-22,3542.29,3250.83,3492.08,405182.37,1374192771.15,3337.08,direct,
ETH,2024-03-23,3435.43,3271.78,3337.08,251602.31,846213410.27,3330.49,direct,
ETH,2024-03-24,3470.85,3300.55,3330.49,207564.45,700715597.16,3454.45,direct,
ETH,2024-03-25,3659.32,3420.9,3454.45,347674.26,1232616949.46,3590.96,direct,
ETH,2024-03-26,3680.41,3544.7,3590.96,302556.21,1092361093.56,3587.6,direct,
ETH,2024-03-27,3665.39,3459.06,3587.6,330442.76,1173800981.61,3499.77,direct,
ETH,2024-03-28,3611.7,3462.9,3499.77,279078.37,991858231.33,3561.1,direct,
ETH,2024-03-29,3584.55,3474.1,3561.1,201382.16,710475049.61,3511.49,direct,
ETH,2024-03-30,3567.15,3488.56,3511.49,153144.16,538809534.91,3507.56,direct,
ETH,2024-03-31,3654.87,3506.31,3507.56,157210.73,566598172.38,3645.98,direct,
ETH,2024-04-01,3646.35,3414.46,3645.98,266251.45,934917050.13,3505.52,direct,
ETH,2024-04-02,3507.54,3213.09,3505.52,406551.0,1350633378.51,3279.4,direct,
ETH,2024-04-03,3368.57,3203.99,3279.4,301025.74,997504814.36,3312.24,direct,
ETH,2024-04-04,3444.82,3252.11,3312.24,306389.28,1024032112.02,3329.17,direct,
ETH,2024-04-05,3348.68,3211.37,3329.17,301242.62,991902873.76,3319.12,direct,
ETH,2024-04-06,3398.56,3308.84,3319.12,151035.71,504501846.56,3352.4,direct,
ETH,2024-04-07,3459.61,3345.47,3352.4,153705.66,522076832.37,3453.85,direct,
ETH,2024-04-08,3728.57,3407.31,3453.85,348354.17,1257790924.33,3694.7,direct,
ETH,2024-04-09,3726.03,3452.88,3694.7,330003.13,1184278583.93,3504.83,direct,
ETH,2024-04-10,3562.32,3413.05,3504.83,287616.46,1006631402.92,3545.56,direct,
ETH,2024-04-11,3617.34,3473.65,3545.56,225366.27,796534108.67,3503.21,direct,
ETH,2024-04-12,3552.91,3095.49,3503.21,415871.51,1387659435.48,3239.12,direct,
ETH,2024-04-13,3301.9,2832.33,3239.12,617652.5,1908312548.54,3011.51,direct,
ETH,2024-04-14,3175.48,2911.99,3011.51,480594.13,1464413624.74,3158.26,direct,
ETH,2024-04-15,3280.66,3025.93,3158.26,393938.85,1244925295.21,3103.0,direct,
ETH,2024-04-16,3128.0,2991.76,3103.0,359785.72,1102919090.86,3085.42,direct,
ETH,2024-04-17,3123.61,2914.87,3085.42,323995.26,978463368.36,2985.12,direct,
ETH,2024-04-18,3095.76,2953.19,2985.12,288067.39,873530402.2,3065.69,direct,
ETH,2024-04-19,3128.53,2866.07,3065.69,342783.81,1045944600.77,3057.95,direct,
ETH,2024-04-20,3172.03,3020.15,3057.95,167131.32,516137769.98,3157.04,direct,
ETH,2024-04-21,3198.43,3117.72,3157.04,148983.34,470671773.32,3148.11,direct,
ETH,2024-04-22,3237.49,3130.02,3148.11,209637.54,669498961.12,3201.55,direct,
ETH,2024-04-23,3265.06,3153.66,3201.55,213483.88,685076398.96,3219.78,direct,
ETH,2024-04-24,3293.6,3103.6,3219.78,269991.9,864542926.86,3139.1,direct,
ETH,2024-04-25,3191.65,3072.07,3139.1,281066.14,882134092.22,3155.47,direct,
ETH,2024-04-26,3166.44,3101.66,3155.47,219855.93,689663958.95,3130.07,direct,
ETH,2024-04-27,3281.58,3068.25,3130.07,203602.38,643382820.24,3253.23,direct,
ETH,2024-04-28,3356.14,3247.4,3253.23,205463.5,678357043.13,3262.43,direct,
ETH,2024-04-29,3286.13,3115.53,3262.43,267685.05,852862297.95,3215.73,direct,
ETH,2024-04-30,3249.56,2916.96,3215.73,361691.81,1098924247.19,3011.46,direct,
ETH,2024-05-01,3020.24,2814.92,3011.46,435377.76,1273126182.34,2968.82,direct,
ETH,2024-05-02,3016.2,2891.41,2968.82,272328.54,807841703.83,2986.41,direct,
ETH,2024-05-03,3128.05,2958.91,2986.41,277060.08,840705738.28,3103.77,direct,
ETH,2024-05-04,3168.22,3094.62,3103.77,147176.47,459744729.64,3117.52,direct,
ETH,2024-05-05,3171.62,3074.21,3117.52,152383.35,476413151.08,3137.09,direct,
ETH,2024-05-06,3221.37,3046.59,3137.09,237439.94,741977976.88,3063.19,direct,
ETH,2024-05-07,3129.75,3000.11,3063.19,221350.09,679034472.49,3005.91,direct,
ETH,2024-05-08,3037.87,2937.08,3005.91,241568.02,724279038.67,2973.31,direct,
ETH,2024-05-09,3058.63,2949.86,2973.31,211428.59,633874345.6,3035.93,direct,
ETH,2024-05-10,3053.17,2878.86,3035.93,258568.64,765131256.66,2909.58,direct,
ETH,2024-05-11,2944.04,2886.48,2909.58,125899.86,367160920.04,2911.82,direct,
ETH,2024-05-12,2954.09,2900.58,2911.82,111406.04,325974911.48,2927.97,direct,
ETH,2024-05-13,2994.62,2864.31,2927.97,261787.73,769541695.03,2950.16,direct,
ETH,2024-05-14,2960.08,2859.65,2950.16,249247.21,724637752.4,2880.64,direct,
ETH,2024-05-15,3041.55,2862.97,2880.64,250539.77,740315343.71,3033.46,direct,
ETH,2024-05-16,3041.6,2924.04,3033.46,221619.51,660576487.83,2945.17,direct,
ETH,2024-05-17,3121.45,2933.76,2945.17,237502.45,724015765.69,3093.44,direct,
ETH,2024-05-18,3147.62,3085.46,3093.44,131838.78,410558780.4,3123.72,direct,
ETH,2024-05-19,3137.07,3054.06,3123.72,139746.96,431923921.13,3070.68,direct,
ETH,2024-05-20,3694.25,3048.64,3070.68,613409.29,2059788024.65,3661.58,direct,
ETH,2024-05-21,3838.22,3626.39,3661.58,610857.21,2282068734.66,3789.36,direct,
ETH,2024-05-22,3812.19,3653.74,3789.36,379891.06,1420963880.22,3736.33,direct,
ETH,2024-05-23,3945.85,3545.21,3736.33,669270.47,2537742098.36,3781.61,direct,
ETH,2024-05-24,3827.36,3628.42,3781.61,288764.04,1074712165.87,3727.14,direct,
ETH,2024-05-25,3777.86,3708.25,3727.14,99783.57,373668589.73,3749.23,direct,
ETH,2024-05-26,3882.33,3731.48,3749.23,161510.02,616285834.19,3824.34,direct,
ETH,2024-05-27,3973.81,3821.86,3824.34,205569.41,804496436.45,3891.26,direct,
ETH,2024-05-28,3926.23,3769.74,3891.26,233210.02,898526969.71,3840.39,direct,
ETH,2024-05-29,3883.1,3740.97,3840.39,230073.49,873454576.08,3762.22,direct,
ETH,2024-05-30,3823.86,3700.91,3762.22,207732.71,781849408.11,3746.97,direct,
ETH,2024-05-31,3844.09,3720.98,3746.97,225857.18,851837584.52,3758.65,direct,
ETH,2024-06-01,3829.62,3748.85,3758.65,97005.74,367756459.88,3812.81,direct,
ETH,2024-06-02,3834.79,3750.64,3812.81,123116.68,466824951.42,3779.06,direct,
ETH,2024-06-03,3849.89,3758.03,3779.06,171897.5,653009594.07,3766.32,direct,
ETH,2024-06-04,3832.27,3731.38,3766.32,161833.45,612657331.91,3810.73,direct,
ETH,2024-06-05,3887.65,3778.47,3810.73,170665.85,652385687.52,3866.46,direct,
ETH,2024-06-06,3878.9,3758.9,3866.46,140945.2,540297339.89,3812.05,direct,
ETH,2024-06-07,3839.68,3584.45,3812.05,249976.03,935183066.83,3676.79,direct,
ETH,2024-06-08,3707.87,3660.99,3676.79,80031.59,294854677.9,3680.84,direct,
ETH,2024-06-09,3721.77,3666.37,3680.84,64608.0,238542651.45,3706.0,direct,
ETH,2024-06-10,3712.47,3643.95,3706.0,115082.08,423204164.35,3665.99,direct,
ETH,2024-06-11,3671.15,3420.98,3665.99,327115.24,1153310772.38,3497.32,direct,
ETH,2024-06-12,3656.3,3462.28,3497.32,236419.7,843561060.98,3559.25,direct,
ETH,2024-06-13,3560.44,3426.66,3559.25,244679.96,853785190.92,3467.79,direct,
ETH,2024-06-14,3529.49,3360.4,3467.79,263322.79,910398097.21,3479.74,direct,
ETH,2024-06-15,3591.34,3471.43,3479.74,160975.62,569541552.37,3566.61,direct,
ETH,2024-06-16,3650.47,3539.39,3566.61,123587.85,443668310.23,3622.37,direct,
ETH,2024-06-17,3636.6,3464.1,3622.37,293898.69,1040317235.48,3510.08,direct,
ETH,2024-06-18,3515.3,3360.4,3510.08,360756.73,1235708665.8,3482.27,direct,
ETH,2024-06-19,3585.45,3464.99,3482.27,277087.04,981355099.29,3558.97,direct,
ETH,2024-06-20,3624.03,3484.24,3558.97,285337.3,1013417559.96,3510.94,direct,
ETH,2024-06-21,3545.62,3445.09,3510.94,285086.02,997489348.48,3517.28,direct,
ETH,2024-06-22,3520.1,3474.17,3517.28,92237.39,322568484.7,3494.25,direct,
ETH,2024-06-23,3519.63,3405.61,3494.25,128959.72,447200216.36,3418.62,direct,
ETH,2024-06-24,3432.39,3238.76,3418.62,432111.09,1436399345.37,3350.54,direct,
ETH,2024-06-25,3429.63,3335.17,3350.54,268888.0,910221643.15,3393.91,direct,
ETH,2024-06-26,3424.88,3324.89,3393.91,233222.44,787394906.99,3369.46,direct,
ETH,2024-06-27,3473.86,3360.17,3369.46,202794.81,694115777.85,3445.8,direct,
ETH,2024-06-28,3484.29,3361.15,3445.8,237892.69,813695887.0,3373.8,direct,
ETH,2024-06-29,3402.58,3367.02,3373.8,73783.39,249697553.04,3373.52,direct,
ETH,2024-06-30,3454.57,3348.22,3373.52,113753.11,386215815.53,3432.82,direct,
ETH,2024-07-01,3519.01,3421.6,3432.82,194043.88,673689774.3,3438.83,direct,
ETH,2024-07-02,3460.32,3397.31,3438.83,133508.19,457927979.27,3416.41,direct,
ETH,2024-07-03,3427.05,3248.43,3416.41,252160.2,836070409.6,3292.16,direct,
ETH,2024-07-04,3309.66,3050.24,3292.16,331942.98,1049223019.3,3058.81,direct,
ETH,2024-07-05,3107.89,2813.4,3058.81,590544.78,1738218188.02,2982.07,direct,
ETH,2024-07-06,3081.82,2956.02,2982.07,186751.41,563019491.33,3067.54,direct,
ETH,2024-07-07,3073.37,2922.6,3067.54,194303.14,581743502.23,2931.2,direct,
ETH,2024-07-08,3095.59,2823.46,2931.2,446084.06,1324818646.47,3018.49,direct,
ETH,2024-07-09,3113.28,3003.39,3018.49,270137.34,827566369.94,3066.44,direct,
ETH,2024-07-10,3151.0,3024.32,3066.44,266996.85,827331929.61,3100.44,direct,
ETH,2024-07-11,3216.8,3055.15,3100.44,306401.14,959215308.08,3099.49,direct,
ETH,2024-07-12,3158.27,3045.45,3099.49,263282.49,816437009.68,3134.62,direct,
ETH,2024-07-13,3203.26,3114.5,3134.62,143528.6,452734839.69,3176.67,direct,
ETH,2024-07-14,3269.15,3164.68,3176.67,179824.84,576393568.87,3246.12,direct,
ETH,2024-07-15,3495.92,3234.16,3246.12,372645.85,1256447785.47,3485.5,direct,
ETH,2024-07-16,3500.11,3348.6,3485.5,381716.86,1311168548.22,3446.19,direct,
ETH,2024-07-17,3518.37,3377.02,3446.19,290332.97,1002846011.47,3387.66,direct,
ETH,2024-07-18,3489.81,3367.76,3387.66,294308.06,1008326515.58,3425.94,direct,
ETH,2024-07-19,3542.18,3376.46,3425.94,362043.38,1249532745.89,3506.0,direct,
ETH,2024-07-20,3541.04,3482.21,3506.0,155617.03,545578065.02,3518.85,direct,
ETH,2024-07-21,3547.99,3413.6,3518.85,237146.07,829407003.8,3536.46,direct,
ETH,2024-07-22,3563.26,3424.39,3536.46,293172.34,1021404115.3,3441.05,direct,
ETH,2024-07-23,3541.2,3390.66,3441.05,497692.19,1727769821.29,3483.07,direct,
ETH,2024-07-24,3488.34,3305.26,3483.07,374294.59,1276136904.66,3335.15,direct,
ETH,2024-07-25,3342.09,3086.98,3335.15,629226.14,1993255125.39,3174.48,direct,
ETH,2024-07-26,3286.14,3170.16,3174.48,352369.01,1143687551.64,3274.89,direct,
ETH,2024-07-27,3328.21,3191.5,3274.89,266332.66,870351113.68,3249.36,direct,
ETH,2024-07-28,3284.22,3198.42,3249.36,169799.31,552126414.21,3270.15,direct,
ETH,2024-07-29,3396.47,3257.12,3270.15,401715.85,1337423635.28,3317.94,direct,
ETH,2024-07-30,3365.72,3233.0,3317.94,350556.94,1159118253.15,3278.41,direct,
ETH,2024-07-31,3348.14,3212.6,3278.41,376464.31,1237697272.51,3231.84,direct,
ETH,2024-08-01,3242.01,3077.63,3231.84,487547.13,1539066982.82,3200.67,direct,
ETH,2024-08-02,3215.63,2963.83,3200.67,523145.1,1612368844.34,2985.72,direct,
ETH,2024-08-03,3016.01,2857.64,2985.72,393207.03,1156019177.73,2902.09,direct,
ETH,2024-08-04,2932.92,2631.57,2902.09,471043.14,1318526624.61,2688.08,direct,
ETH,2024-08-05,2695.99,2121.38,2688.08,1526680.78,3591927547.03,2420.39,direct,
ETH,2024-08-06,2555.03,2416.38,2420.39,714375.21,1782189220.6,2462.39,direct,
ETH,2024-08-07,2552.44,2309.57,2462.39,726776.89,1768819066.35,2343.5,direct,
ETH,2024-08-08,2725.27,2321.44,2343.5,683581.04,1720305405.81,2683.62,direct,
ETH,2024-08-09,2708.37,2553.45,2683.62,477272.21,1254678742.58,2600.21,direct,
ETH,2024-08-10,2645.71,2577.75,2600.21,216883.19,566478754.71,2610.64,direct,
ETH,2024-08-11,2720.01,2541.45,2610.64,341708.96,895626363.13,2555.67,direct,
ETH,2024-08-12,2750.36,2510.8,2555.67,568584.98,1497872954.96,2723.07,direct,
ETH,2024-08-13,2738.95,2611.9,2723.07,445417.36,1193720774.03,2703.6,direct,
ETH,2024-08-14,2780.36,2634.08,2703.6,501689.55,1352456213.01,2661.98,direct,
ETH,2024-08-15,2675.61,2516.45,2661.98,513312.96,1339226674.49,2570.39,direct,
ETH,2024-08-16,2631.33,2551.62,2570.39,386678.1,1004141276.96,2593.7,direct,
ETH,2024-08-17,2627.79,2588.33,2593.7,145605.55,379457607.09,2614.92,direct,
ETH,2024-08-18,2688.05,2595.09,2614.92,230351.73,608760936.0,2612.58,direct,
ETH,2024-08-19,2648.59,2564.33,2612.58,350672.63,913374780.6,2637.47,direct,
ETH,2024-08-20,2696.96,2555.47,2637.47,391914.19,1027820178.53,2573.25,direct,
ETH,2024-08-21,2665.0,2536.65,2573.25,406904.03,1060404718.81,2631.39,direct,
ETH,2024-08-22,2645.74,2585.16,2631.39,302785.48,792847483.99,2623.57,direct,
ETH,2024-08-23,2801.3,2622.04,2623.57,454835.09,1227460805.08,2764.81,direct,
ETH,2024-08-24,2821.03,2734.68,2764.81,247938.26,687507298.7,2769.86,direct,
ETH,2024-08-25,2793.69,2734.94,2769.86,197125.99,544826991.77,2747.52,direct,
ETH,2024-08-26,2763.44,2667.78,2747.52,361330.86,983028927.22,2681.15,direct,
ETH,2024-08-27,2700.25,2397.41,2681.15,575029.06,1478097677.49,2458.29,direct,
ETH,2024-08-28,2555.36,2419.63,2458.29,723938.63,1805521537.98,2528.73,direct,
ETH,2024-08-29,2596.48,2505.99,2528.73,490152.85,1248564659.83,2527.97,direct,
ETH,2024-08-30,2549.39,2431.81,2527.97,540292.51,1350698797.75,2526.02,direct,
ETH,2024-08-31,2533.75,2492.3,2526.02,161106.88,405411435.18,2513.01,direct,
ETH,2024-09-01,2516.11,2399.46,2513.01,391153.73,965223692.27,2426.06,direct,
ETH,2024-09-02,2564.12,2423.46,2426.06,443297.14,1104998067.39,2538.22,direct,
ETH,2024-09-03,2553.6,2412.13,2538.22,404963.91,1002071915.38,2424.4,direct,
ETH,2024-09-04,2489.97,2307.38,2424.4,631890.81,1522896400.47,2450.36,direct,
ETH,2024-09-05,2465.98,2347.87,2450.36,506160.09,1211036915.11,2367.89,direct,
ETH,2024-09-06,2408.12,2150.58,2367.89,1270951.21,2911433881.45,2224.52,direct,
ETH,2024-09-07,2311.5,2221.47,2224.52,397641.65,903055827.51,2273.45,direct,
ETH,2024-09-08,2333.32,2240.93,2273.45,418755.78,956132080.19,2297.39,direct,
ETH,2024-09-09,2381.15,2272.96,2297.39,734292.08,1706417888.46,2360.0,direct,
ETH,2024-09-10,2399.89,2321.2,2360.0,515248.66,1213946829.14,2388.83,direct,
ETH,2024-09-11,2389.63,2277.46,2388.83,810168.09,1893281252.44,2340.73,direct,
ETH,2024-09-12,2392.23,2315.2,2340.73,540552.51,1272153141.66,2361.91,direct,
ETH,2024-09-13,2467.01,2337.55,2361.91,558228.19,1341722179.48,2441.28,direct,
ETH,2024-09-14,2442.6,2380.27,2441.28,228792.89,553168350.76,2418.52,direct,
ETH,2024-09-15,2430.97,2284.83,2418.52,397331.43,939667666.73,2316.46,direct,
ETH,2024-09-16,2335.55,2252.35,2316.46,620444.86,1419906010.83,2295.53,direct,
ETH,2024-09-17,2394.13,2263.23,2295.53,534392.14,1250600523.86,2342.21,direct,
ETH,2024-09-18,2376.81,2277.24,2342.21,802301.0,1863106009.93,2375.01,direct,
ETH,2024-09-19,2495.81,2373.21,2375.01,669373.26,1631198496.45,2465.83,direct,
ETH,2024-09-20,2572.48,2438.28,2465.83,662488.82,1676058410.49,2561.88,direct,
ETH,2024-09-21,2623.23,2529.08,2561.88,350291.99,898249036.55,2613.27,direct,
ETH,2024-09-22,2632.42,2525.5,2613.27,433318.91,1119229049.35,2581.43,direct,
ETH,2024-09-23,2703.72,2540.14,2581.43,797788.43,2114026606.3,2647.17,direct,
ETH,2024-09-24,2671.47,2591.67,2647.17,564932.4,1489530217.0,2653.41,direct,
ETH,2024-09-25,2673.98,2554.44,2653.41,458195.34,1193419716.98,2579.69,direct,
ETH,2024-09-26,2667.12,2558.97,2579.69,636262.74,1671331616.32,2632.81,direct,
ETH,2024-09-27,2729.09,2615.78,2632.81,630258.28,1686949107.85,2695.48,direct,
ETH,2024-09-28,2704.85,2650.36,2695.48,253740.82,679092312.05,2676.03,direct,
ETH,2024-09-29,2684.06,2634.67,2676.03,336903.96,896401461.54,2658.08,direct,
ETH,2024-09-30,2663.74,2574.29,2658.08,675135.62,1764901279.49,2601.63,direct,
ETH,2024-10-01,2658.14,2412.86,2601.63,935350.48,2371417682.45,2447.54,direct,
ETH,2024-10-02,2498.47,2351.69,2447.54,878594.95,2135168461.41,2363.64,direct,
ETH,2024-10-03,2403.1,2309.02,2363.64,791791.01,1861233702.36,2349.81,direct,
ETH,2024-10-04,2441.17,2339.08,2349.81,613653.36,1466938297.17,2414.67,direct,
ETH,2024-10-05,2428.3,2389.86,2414.67,228294.58,550227220.41,2414.79,direct,
ETH,2024-10-06,2457.66,2406.92,2414.79,247260.3,602094342.62,2439.96,direct,
ETH,2024-10-07,2520.68,2403.11,2439.96,605307.21,1493722557.57,2422.14,direct,
ETH,2024-10-08,2464.96,2400.15,2422.14,565992.23,1377080732.7,2439.67,direct,
ETH,2024-10-09,2472.34,2349.45,2439.67,628217.18,1523323936.03,2368.44,direct,
ETH,2024-10-10,2418.45,2327.91,2368.44,646463.58,1537729729.42,2384.4,direct,
ETH,2024-10-11,2471.51,2380.07,2384.4,514548.99,1249706601.35,2439.03,direct,
ETH,2024-10-12,2489.88,2433.76,2439.03,268416.86,661111678.56,2475.93,direct,
ETH,2024-10-13,2484.69,2436.05,2475.93,309345.14,760699456.42,2468.12,direct,
ETH,2024-10-14,2653.38,2442.68,2468.12,691238.78,1776744305.84,2629.02,direct,
ETH,2024-10-15,2687.32,2536.79,2629.02,701243.67,1823524605.14,2606.92,direct,
ETH,2024-10-16,2647.0,2588.65,2606.92,471282.51,1233603929.17,2610.95,direct,
ETH,2024-10-17,2647.64,2574.89,2610.95,439222.83,1147142948.19,2605.1,direct,
ETH,2024-10-18,2676.03,2595.49,2605.1,449053.78,1183525663.73,2642.22,direct,
ETH,2024-10-19,2663.13,2631.03,2642.22,157675.14,416907551.95,2648.12,direct,
ETH,2024-10-20,2758.61,2635.5,2648.12,336813.48,908873436.8,2746.4,direct,
ETH,2024-10-21,2768.44,2653.51,2746.4,485361.67,1309809409.67,2665.9,direct,
ETH,2024-10-22,2670.69,2605.16,2665.9,468082.26,1231574569.37,2621.31,direct,
ETH,2024-10-23,2626.44,2447.63,2621.31,554160.28,1409947643.87,2522.33,direct,
ETH,2024-10-24,2559.63,2505.09,2522.33,520686.94,1317937404.35,2534.54,direct,
ETH,2024-10-25,2564.77,2379.92,2534.54,793068.69,1979249041.9,2436.2,direct,
ETH,2024-10-26,2504.68,2426.19,2436.2,374032.46,919877716.08,2479.7,direct,
ETH,2024-10-27,2524.68,2460.86,2479.7,250034.47,622733569.44,2505.21,direct,
ETH,2024-10-28,2587.97,2468.99,2505.21,621030.44,1563895675.64,2565.82,direct,
ETH,2024-10-29,2681.49,2559.73,2565.82,695762.27,1827635698.82,2638.16,direct,
ETH,2024-10-30,2721.17,2599.62,2638.16,598055.65,1596173816.57,2658.35,direct,
ETH,2024-10-31,2668.16,2500.37,2658.35,525510.51,1356038657.29,2515.04,direct,
ETH,2024-11-01,2585.36,2465.23,2515.04,540363.93,1361183545.79,2510.39,direct,
ETH,2024-11-02,2522.44,2470.1,2510.39,197860.22,493209504.13,2493.41,direct,
ETH,2024-11-03,2495.76,2410.21,2493.41,456155.0,1116194001.28,2456.66,direct,
ETH,2024-11-04,2489.68,2356.45,2456.66,488064.97,1188223675.72,2396.87,direct,
ETH,2024-11-05,2479.4,2379.36,2396.87,541608.48,1318124371.56,2422.4,direct,
ETH,2024-11-06,2746.79,2420.17,2422.4,983307.18,2568248687.47,2724.61,direct,
ETH,2024-11-07,2920.14,2701.67,2724.61,983985.53,2796153110.79,2897.52,direct,
ETH,2024-11-08,2985.38,2889.33,2897.52,864685.78,2534385795.77,2963.98,direct,
ETH,2024-11-09,3158.45,2957.02,2963.98,674864.79,2054533990.24,3127.99,direct,
ETH,2024-11-10,3251.73,3070.75,3127.99,1066371.96,3390612974.74,3186.06,direct,
ETH,2024-11-11,3391.44,3108.06,3186.06,1371655.28,4474444777.51,3375.79,direct,
ETH,2024-11-12,3446.83,3210.71,3375.79,1572933.12,5174594924.83,3247.18,direct,
ETH,2024-11-13,3339.13,3121.1,3247.18,1694646.9,5472868207.56,3191.32,direct,
ETH,2024-11-14,3242.46,3029.87,3191.32,1094612.33,3442349717.01,3059.11,direct,
ETH,2024-11-15,3131.21,3014.42,3059.11,1010306.63,3095289918.88,3091.03,direct,
ETH,2024-11-16,3220.45,3073.05,3091.03,711991.72,2242190060.83,3134.46,direct,
ETH,2024-11-17,3161.64,3035.43,3134.46,883275.45,2731030374.29,3076.78,direct,
ETH,2024-11-18,3225.96,3043.95,3076.78,1056560.33,3307522653.43,3209.54,direct,
ETH,2024-11-19,3222.68,3069.92,3209.54,872393.18,2725538047.03,3112.1,direct,
ETH,2024-11-20,3161.74,3032.19,3112.1,920895.41,2847325391.97,3072.39,direct,
ETH,2024-11-21,3390.36,3035.42,3072.39,1472261.88,4818916672.09,3359.82,direct,
ETH,2024-11-22,3429.52,3260.59,3359.82,1093593.44,3631141762.22,3331.89,direct,
ETH,2024-11-23,3500.84,3316.75,3331.89,1006484.06,3427409235.21,3397.31,direct,
ETH,2024-11-24,3453.25,3286.01,3397.31,714306.85,2391223534.12,3364.81,direct,
ETH,2024-11-25,3546.9,3304.24,3364.81,1551247.76,5348045568.7,3414.86,direct,
ETH,2024-11-26,3463.14,3253.0,3414.86,1228456.09,4105940785.22,3323.46,direct,
ETH,2024-11-27,3688.67,3300.95,3323.46,1089769.54,3826715224.77,3657.71,direct,
ETH,2024-11-28,3665.49,3530.59,3657.71,676354.04,2431980739.66,3579.62,direct,
ETH,2024-11-29,3649.37,3535.89,3579.62,638222.65,2294777437.53,3593.72,direct,
ETH,2024-11-30,3740.88,3569.68,3593.72,602183.58,2207693328.33,3706.22,direct,
ETH,2024-12-01,3748.69,3661.41,3706.22,615049.12,2280739856.71,3710.38,direct,
ETH,2024-12-02,3763.68,3556.46,3710.38,1050376.87,3830838282.74,3644.73,direct,
ETH,2024-12-03,3670.83,3502.19,3644.73,957760.15,3438318051.88,3617.6,direct,
ETH,2024-12-04,3896.39,3617.49,3617.6,1491705.74,5638336910.75,3845.15,direct,
ETH,2024-12-05,3960.04,3682.13,3845.15,1530990.47,5910223747.31,3789.23,direct,
ETH,2024-12-06,4095.77,3781.72,3789.23,1111693.25,4407628437.66,4005.27,direct,
ETH,2024-12-07,4030.6,3973.34,4005.27,377746.89,1511812189.23,4000.53,direct,
ETH,2024-12-08,4018.61,3925.98,4000.53,352808.68,1406686505.66,4007.11,direct,
ETH,2024-12-09,4008.95,3518.41,4007.11,1331815.99,5064825849.26,3714.19,direct,
ETH,2024-12-10,3782.03,3516.11,3714.19,1532770.64,5597783203.75,3630.62,direct,
ETH,2024-12-11,3851.87,3564.93,3630.62,846033.64,3159616884.11,3834.97,direct,
ETH,2024-12-12,3989.26,3800.06,3834.97,992205.5,3885860560.96,3882.65,direct,
ETH,2024-12-13,3969.42,3854.19,3882.65,671079.01,2626819579.66,3907.67,direct,
ETH,2024-12-14,3945.69,3824.52,3907.67,407410.26,1580739900.2,3869.58,direct,
ETH,2024-12-15,3973.82,3831.25,3869.58,401077.22,1561831736.65,3957.8,direct,
ETH,2024-12-16,4109.05,3882.18,3957.8,952417.89,3800570708.81,3987.5,direct,
ETH,2024-12-17,4041.72,3848.18,3987.5,786202.61,3116969165.01,3893.55,direct,
ETH,2024-12-18,3906.34,3615.92,3893.55,1372709.16,5182260876.45,3624.67,direct,
ETH,2024-12-19,3718.21,3324.98,3624.67,1830425.9,6434804570.5,3414.47,direct,
ETH,2024-12-20,3497.41,3097.02,3414.47,2219323.99,7390121010.87,3470.82,direct,
ETH,2024-12-21,3553.59,3291.33,3470.82,1155916.14,3923463162.61,3337.38,direct,
ETH,2024-12-22,3400.67,3217.99,3337.38,1040424.92,3448396650.54,3278.9,direct,
ETH,2024-12-23,3462.33,3214.22,3278.9,1490422.32,4956901207.6,3418.24,direct,
ETH,2024-12-24,3537.95,3353.25,3418.24,786958.56,2711580953.17,3491.08,direct,
ETH,2024-12-25,3544.38,3437.73,3491.08,491620.39,1709235407.44,3494.17,direct,
ETH,2024-12-26,3512.4,3301.29,3494.17,763125.04,2568515605.11,3331.04,direct,
ETH,2024-12-27,3438.15,3302.29,3331.04,853759.31,2858674867.14,3328.67,direct,
ETH,2024-12-28,3421.63,3317.24,3328.67,387541.31,1304303831.05,3397.86,direct,
ETH,2024-12-29,3408.15,3319.97,3397.86,378550.32,1272748683.17,3350.43,direct,
ETH,2024-12-30,3430.01,3297.17,3350.43,941507.45,3169278070.97,3356.45,direct,
ETH,2024-12-31,3446.75,3310.44,3356.45,657646.83,2216564705.88,3331.15,direct,
ETH,2025-01-01,3367.25,3307.9,3331.15,435980.05,1456285978.13,3353.28,direct,
ETH,2025-01-02,3501.88,3347.42,3353.28,636086.97,2190668108.25,3452.59,direct,
ETH,2025-01-03,3629.72,3420.39,3452.59,573464.49,2032387048.39,3607.83,direct,
ETH,2025-01-04,3670.74,3571.37,3607.83,344694.11,1249248939.8,3656.45,direct,
ETH,2025-01-05,3674.88,3593.38,3656.45,266362.47,966999828.9,3635.29,direct,
ETH,2025-01-06,3745.42,3610.01,3635.29,656886.99,2412844220.17,3688.83,direct,
ETH,2025-01-07,3702.31,3355.66,3688.83,1018302.92,3552335338.04,3380.43,direct,
ETH,2025-01-08,3414.51,3206.56,3380.43,1153190.37,3829595997.28,3326.54,direct,
ETH,2025-01-09,3356.53,3157.37,3326.54,910975.51,2966166459.79,3219.05,direct,
ETH,2025-01-10,3321.87,3194.45,3219.05,761483.53,2481338284.36,3266.41,direct,
ETH,2025-01-11,3318.86,3217.1,3266.41,203414.68,664675634.73,3281.96,direct,
ETH,2025-01-12,3298.43,3223.43,3281.96,207030.12,676543393.41,3266.23,direct,
ETH,2025-01-13,3336.51,2914.43,3266.23,1280425.97,3948458235.06,3136.46,direct,
ETH,2025-01-14,3256.06,3124.84,3136.46,620405.54,1982744482.39,3224.35,direct,
ETH,2025-01-15,3474.83,3185.43,3224.35,648861.59,2156251132.13,3451.52,direct,
ETH,2025-01-16,3460.18,3264.33,3451.52,676527.58,2258742497.1,3307.52,direct,
ETH,2025-01-17,3526.53,3307.3,3307.52,665412.16,2278124769.58,3475.27,direct,
ETH,2025-01-18,3495.59,3225.3,3475.27,692333.48,2293358355.85,3304.42,direct,
ETH,2025-01-19,3445.08,3125.79,3304.42,1498939.76,4948749700.72,3210.82,direct,
ETH,2025-01-20,3447.33,3139.52,3210.82,916417.88,3025203965.59,3280.4,direct,
ETH,2025-01-21,3367.68,3201.27,3280.4,1285042.36,4216565840.14,3327.64,direct,
ETH,2025-01-22,3365.8,3220.94,3327.64,789270.59,2597057853.09,3241.51,direct,
ETH,2025-01-23,3349.16,3181.65,3241.51,1191552.39,3870959343.56,3338.7,direct,
ETH,2025-01-24,3429.38,3275.03,3338.7,872425.0,2931545154.51,3309.74,direct,
ETH,2025-01-25,3350.1,3268.95,3309.74,390644.39,1294651424.39,3318.45,direct,
ETH,2025-01-26,3361.69,3228.27,3318.45,344823.13,1138712496.56,3231.79,direct,
ETH,2025-01-27,3253.33,3019.62,3231.79,1946485.97,6075617480.89,3181.65,direct,
ETH,2025-01-28,3223.46,3038.14,3181.65,810050.82,2551321738.16,3075.83,direct,
ETH,2025-01-29,3181.8,3053.79,3075.83,979425.36,3051953842.97,3114.1,direct,
ETH,2025-01-30,3283.81,3090.57,3114.1,663385.4,2141545334.07,3247.4,direct,
ETH,2025-01-31,3438.39,3213.28,3247.4,942571.25,3137634613.96,3300.04,direct,
ETH,2025-02-01,3330.53,3100.98,3300.04,641936.96,2067824306.72,3116.61,direct,
ETH,2025-02-02,3162.42,2748.46,3116.61,1664866.72,4960751902.11,2869.16,direct,
ETH,2025-02-03,2923.86,2135.28,2869.16,2309801.7,6124107763.07,2883.08,direct,
ETH,2025-02-04,2891.59,2630.1,2883.08,2250660.33,6237893049.87,2732.09,direct,
ETH,2025-02-05,2828.52,2699.66,2732.09,1561075.32,4311232133.14,2788.52,direct,
ETH,2025-02-06,2859.03,2655.84,2788.52,1412060.12,3877331053.84,2686.96,direct,
ETH,2025-02-07,2799.25,2562.54,2686.96,1450026.8,3904068262.75,2622.67,direct,
ETH,2025-02-08,2668.42,2588.23,2622.67,745326.75,1955926148.07,2632.76,direct,
ETH,2025-02-09,2697.47,2523.01,2632.76,706455.13,1853022022.23,2627.84,direct,
ETH,2025-02-10,2694.65,2560.51,2627.84,819336.22,2166236414.19,2661.94,direct,
ETH,2025-02-11,2725.63,2560.02,2661.94,811259.68,2150279945.38,2602.22,direct,
ETH,2025-02-12,2796.27,2547.78,2602.22,1047046.99,2757693674.05,2738.57,direct,
ETH,2025-02-13,2758.43,2613.47,2738.57,641770.87,1713663665.98,2676.25,direct,
ETH,2025-02-14,2792.57,2665.32,2676.25,455393.53,1240341141.4,2726.02,direct,
ETH,2025-02-15,2739.45,2669.92,2726.02,193220.8,522207024.56,2693.56,direct,
ETH,2025-02-16,2726.44,2652.48,2693.56,222344.21,597267557.19,2661.59,direct,
ETH,2025-02-17,2849.7,2638.4,2661.59,658802.74,1808500589.29,2744.13,direct,
ETH,2025-02-18,2756.89,2604.91,2744.13,782871.53,2088590910.25,2670.43,direct,
ETH,2025-02-19,2736.55,2655.15,2670.43,357866.03,967477746.93,2715.47,direct,
ETH,2025-02-20,2771.4,2707.57,2715.47,307273.65,841013806.86,2738.98,direct,
ETH,2025-02-21,2846.45,2614.91,2738.98,973132.84,2643981389.13,2661.6,direct,
ETH,2025-02-22,2797.94,2652.29,2661.6,325917.91,890496240.67,2763.54,direct,
ETH,2025-02-23,2855.62,2745.76,2763.54,377823.95,1058360404.79,2819.92,direct,
ETH,2025-02-24,2839.7,2472.67,2819.92,860333.28,2290917461.03,2513.65,direct,
ETH,2025-02-25,2530.78,2321.8,2513.65,1322164.02,3220072359.52,2492.48,direct,
ETH,2025-02-26,2504.36,2253.78,2492.48,953519.11,2258691011.15,2333.12,direct,
ETH,2025-02-27,2379.42,2227.96,2333.12,755764.07,1749329389.64,2305.51,direct,
ETH,2025-02-28,2312.03,2074.27,2305.51,1316509.15,2863531712.08,2236.53,direct,
ETH,2025-03-01,2280.48,2142.32,2236.53,412403.61,911551564.28,2216.72,direct,
ETH,2025-03-02,2551.36,2172.23,2216.72,1112129.61,2649980865.8,2518.51,direct,
ETH,2025-03-03,2523.92,2095.86,2518.51,1242863.16,2817538032.17,2147.5,direct,
ETH,2025-03-04,2221.77,1992.64,2147.5,1580979.38,3312378978.4,2171.13,direct,
ETH,2025-03-05,2272.97,2154.95,2171.13,645690.07,1419894367.7,2241.7,direct,
ETH,2025-03-06,2319.94,2176.6,2241.7,553619.95,1241687549.9,2202.6,direct,
ETH,2025-03-07,2258.09,2102.41,2202.6,913517.64,1983561951.51,2140.93,direct,
ETH,2025-03-08,2234.23,2104.79,2140.93,276962.45,601813434.43,2203.24,direct,
ETH,2025-03-09,2211.63,1989.92,2203.24,551903.26,1140040601.08,2020.01,direct,
ETH,2025-03-10,2152.22,1810.22,2020.01,1275432.63,2508045690.95,1864.38,direct,
ETH,2025-03-11,1962.74,1754.47,1864.38,1202903.6,2270225385.14,1922.98,direct,
ETH,2025-03-12,1956.11,1829.6,1922.98,815698.51,1544805794.26,1907.9,direct,
ETH,2025-03-13,1920.23,1821.32,1907.9,607489.54,1138988132.52,1863.87,direct,
ETH,2025-03-14,1945.8,1860.72,1863.87,346234.96,661654970.12,1911.53,direct,
ETH,2025-03-15,1957.41,1904.03,1911.53,143816.61,277588743.46,1937.46,direct,
ETH,2025-03-16,1940.83,1861.34,1937.46,236266.67,448389175.16,1886.94,direct,
ETH,2025-03-17,1935.74,1879.86,1886.94,121227.87,231176034.88,1910.15,direct,
SOL,2024-03-17,204.17,178.58,181.95,3190995.11,611428210.5,201.69,direct,
SOL,2024-03-18,209.86,193.87,201.69,3655288.14,738658423.4,195.91,direct,
SOL,2024-03-19,198.63,165.62,195.91,5486398.45,988024751.1,169.91,direct,
SOL,2024-03-20,193.24,162.49,169.91,4067827.52,717577531.6,191.92,direct,
SOL,2024-03-21,195.72,175.88,191.92,2530828.31,472190949.04,179.44,direct,
SOL,2024-03-22,181.81,167.64,179.44,1892655.19,328015603.27,175.17,direct,
SOL,2024-03-23,178.93,170.28,175.17,1348782.66,236161266.4,172.72,direct,
SOL,2024-03-24,186.75,171.44,172.72,1516114.9,270312536.09,183.79,direct,
SOL,2024-03-25,194.53,181.02,183.79,2348938.53,444048366.86,189.01,direct,
SOL,2024-03-26,196.81,186.31,189.01,1793107.63,343629444.01,190.47,direct,
SOL,2024-03-27,192.63,180.1,190.47,2075050.92,386127087.76,186.23,direct,
SOL,2024-03-28,190.93,180.77,186.23,1565753.27,291160759.22,189.67,direct,
SOL,2024-03-29,193.04,183.31,189.67,1480147.05,277302542.62,192.19,direct,
SOL,2024-03-30,199.96,190.97,192.19,1358815.59,266404556.59,194.28,direct,
SOL,2024-03-31,203.1,193.84,194.28,1217337.57,240974694.62,202.43,direct,
SOL,2024-04-01,204.24,187.09,202.43,1936685.59,376518362.86,192.35,direct,
SOL,2024-04-02,192.37,175.94,192.35,2429746.49,443999027.53,181.52,direct,
SOL,2024-04-03,191.96,177.05,181.52,1509273.86,282324677.0,185.14,direct,
SOL,2024-04-04,190.17,180.32,185.14,1393893.78,258314841.26,184.09,direct,
SOL,2024-04-05,185.17,168.07,184.09,2150780.64,376609057.73,174.46,direct,
SOL,2024-04-06,179.78,173.65,174.46,982039.9,173682508.16,178.74,direct,
SOL,2024-04-07,182.66,176.92,178.74,1043669.45,187985440.86,179.52,direct,
SOL,2024-04-08,184.59,175.38,179.52,1700654.25,307007266.04,180.69,direct,
SOL,2024-04-09,180.87,168.99,180.69,1489940.97,260675726.56,172.32,direct,
SOL,2024-04-10,175.48,162.41,172.32,1767500.77,299280984.54,173.35,direct,
SOL,2024-04-11,176.27,170.11,173.35,1084052.19,187905664.5,172.43,direct,
SOL,2024-04-12,175.93,143.03,172.43,2793661.28,442076377.19,153.29,direct,
SOL,2024-04-13,154.93,119.92,153.29,5183207.43,711604717.45,138.51,direct,
SOL,2024-04-14,152.73,130.98,138.51,3060845.3,431491476.62,151.45,direct,
SOL,2024-04-15,156.1,133.77,151.45,2606283.33,379031572.15,138.59,direct,
SOL,2024-04-16,140.62,126.6,138.59,2511647.93,334403437.76,136.27,direct,
SOL,2024-04-17,142.72,126.91,136.27,2474683.0,331011215.79,131.89,direct,
SOL,2024-04-18,143.88,127.74,131.89,2328264.63,316388572.34,142.1,direct,
SOL,2024-04-19,147.57,128.54,142.1,3269355.56,457184320.01,142.53,direct,
SOL,2024-04-20,152.39,139.82,142.53,1221880.92,178632779.86,151.28,direct,
SOL,2024-04-21,153.53,146.77,151.28,1033411.12,154865367.77,148.78,direct,
SOL,2024-04-22,158.47,146.85,148.78,1565457.45,239332074.75,157.03,direct,
SOL,2024-04-23,160.0,153.18,157.03,1446174.78,226705627.04,154.68,direct,
SOL,2024-04-24,159.74,145.54,154.68,2002425.53,308556085.53,147.72,direct,
SOL,2024-04-25,149.44,142.11,147.72,1651204.31,241156524.26,144.85,direct,
SOL,2024-04-26,146.06,138.68,144.85,1020844.52,145874995.0,139.16,direct,
SOL,2024-04-27,142.96,133.18,139.16,1034367.21,142754281.93,141.23,direct,
SOL,2024-04-28,144.58,137.11,141.23,774685.91,109967903.38,137.97,direct,
SOL,2024-04-29,138.89,133.42,137.97,1126367.32,152991280.52,137.74,direct,
SOL,2024-04-30,139.72,121.13,137.74,2242350.91,288052107.17,126.68,direct,
SOL,2024-05-01,135.81,118.58,126.68,2509638.42,317240351.76,134.49,direct,
SOL,2024-05-02,140.69,128.18,134.49,1806862.74,245258470.79,137.62,direct,
SOL,2024-05-03,145.02,134.03,137.62,1771387.91,249382114.25,143.73,direct,
SOL,2024-05-04,149.07,142.36,143.73,823296.62,120149125.71,146.05,direct,
SOL,2024-05-05,147.98,143.15,146.05,741723.68,108074079.53,145.73,direct,
SOL,2024-05-06,156.84,145.48,145.73,1613718.71,245743030.29,152.82,direct,
SOL,2024-05-07,159.2,148.0,152.82,1383916.77,213156591.29,148.03,direct,
SOL,2024-05-08,149.89,139.98,148.03,1370735.76,199513889.17,142.15,direct,
SOL,2024-05-09,153.29,140.59,142.15,1297903.53,190110750.45,152.57,direct,
SOL,2024-05-10,155.68,144.6,152.57,1716642.31,256304682.24,146.03,direct,
SOL,2024-05-11,147.61,143.11,146.03,857719.99,124606367.13,145.37,direct,
SOL,2024-05-12,147.64,142.61,145.37,626949.61,90898975.25,143.39,direct,
SOL,2024-05-13,150.7,137.88,143.39,1601373.72,232652330.71,147.47,direct,
SOL,2024-05-14,150.35,141.79,147.47,1115060.66,162208938.64,141.97,direct,
SOL,2024-05-15,158.82,141.25,141.97,1980437.1,299427734.34,158.57,direct,
SOL,2024-05-16,164.72,156.7,158.57,1750109.58,281065543.63,159.34,direct,
SOL,2024-05-17,172.05,159.34,159.34,1555327.37,259532219.44,169.5,direct,
SOL,2024-05-18,175.96,168.73,169.5,920162.26,159001780.0,172.47,direct,
SOL,2024-05-19,175.37,166.2,172.47,762244.06,130138876.56,169.94,direct,
SOL,2024-05-20,188.29,167.76,169.94,1832806.48,331071378.03,186.75,direct,
SOL,2024-05-21,188.83,174.32,186.75,1848219.23,332730791.56,178.15,direct,
SOL,2024-05-22,183.39,175.03,178.15,1696007.5,304221794.85,176.86,direct,
SOL,2024-05-23,180.9,165.8,176.86,2332480.33,406474519.47,176.09,direct,
SOL,2024-05-24,176.09,162.5,176.09,1620585.84,272007690.18,167.7,direct,
SOL,2024-05-25,170.46,165.96,167.7,676355.6,113562913.83,168.33,direct,
SOL,2024-05-26,168.36,160.63,168.33,1519908.61,249394024.36,163.26,direct,
SOL,2024-05-27,172.09,163.23,163.26,872094.57,146450327.09,170.01,direct,
SOL,2024-05-28,173.07,164.8,170.01,1005203.81,169446311.48,168.53,direct,
SOL,2024-05-29,173.75,167.07,168.53,1256094.22,212829822.96,168.11,direct,
SOL,2024-05-30,172.51,163.52,168.11,1255495.65,211144284.39,166.86,direct,
SOL,2024-05-31,170.84,163.8,166.86,1055671.13,175711518.79,165.52,direct,
SOL,2024-06-01,167.79,165.5,165.52,366238.04,61117692.49,165.99,direct,
SOL,2024-06-02,166.95,161.31,165.99,702823.99,115408279.8,163.04,direct,
SOL,2024-06-03,167.14,161.54,163.04,1037787.02,171307507.3,164.89,direct,
SOL,2024-06-04,171.87,164.37,164.89,927988.54,155617907.71,171.81,direct,
SOL,2024-06-05,175.57,171.12,171.81,1051601.86,182343729.01,173.57,direct,
SOL,2024-06-06,174.51,167.64,173.57,865751.05,148733043.79,170.07,direct,
SOL,2024-06-07,172.64,153.73,170.07,1532446.36,252069522.56,162.48,direct,
SOL,2024-06-08,163.73,157.36,162.48,602441.74,96680171.05,157.79,direct,
SOL,2024-06-09,162.97,156.55,157.79,417124.57,66832383.3,162.1,direct,
SOL,2024-06-10,163.19,157.46,162.1,576995.75,92352553.79,158.98,direct,
SOL,2024-06-11,159.63,145.04,158.98,1809030.57,272469500.4,149.36,direct,
SOL,2024-06-12,161.8,145.51,149.36,1434670.41,222556630.23,155.17,direct,
SOL,2024-06-13,155.17,146.0,155.17,1056130.41,158045757.4,147.24,direct,
SOL,2024-06-14,148.9,139.62,147.24,1454718.75,209841119.36,143.01,direct,
SOL,2024-06-15,145.63,142.88,143.01,394805.22,57014807.71,145.45,direct,
SOL,2024-06-16,151.21,143.01,145.45,507453.59,74700321.41,151.2,direct,
SOL,2024-06-17,151.65,139.84,151.2,1026864.9,148707329.69,143.23,direct,
SOL,2024-06-18,143.71,128.22,143.23,2499013.66,338174521.16,137.37,direct,
SOL,2024-06-19,141.86,134.48,137.37,1076874.68,148593887.27,135.62,direct,
SOL,2024-06-20,141.26,131.84,135.62,1439640.8,194530766.65,133.48,direct,
SOL,2024-06-21,135.3,128.65,133.48,1529054.56,201668544.58,134.55,direct,
SOL,2024-06-22,136.64,132.95,134.55,412998.18,55544922.57,133.66,direct,
SOL,2024-06-23,135.04,128.1,133.66,649901.97,85441259.53,128.59,direct,
SOL,2024-06-24,132.54,122.23,128.59,2787124.17,354741829.17,132.26,direct,
SOL,2024-06-25,139.87,131.16,132.26,1867930.93,254921986.27,136.54,direct,
SOL,2024-06-26,140.35,134.73,136.54,931544.42,127825135.72,136.71,direct,
SOL,2024-06-27,151.07,135.11,136.71,1566974.43,228909193.82,149.49,direct,
SOL,2024-06-28,150.54,138.75,149.49,1588510.88,227603507.39,139.73,direct,
SOL,2024-06-29,142.94,139.49,139.73,975415.72,137868176.74,139.97,direct,
SOL,2024-06-30,147.38,136.94,139.97,1012727.42,143572052.93,146.4,direct,
SOL,2024-07-01,149.06,145.69,146.4,1250396.3,184275184.33,146.52,direct,
SOL,2024-07-02,154.78,146.01,146.52,1090729.48,164025879.58,153.79,direct,
SOL,2024-07-03,154.22,139.02,153.79,1978500.21,284424436.33,140.69,direct,
SOL,2024-07-04,142.6,127.19,140.69,1911620.7,256639983.21,127.81,direct,
SOL,2024-07-05,136.35,121.19,127.81,2600896.01,334802804.27,134.33,direct,
SOL,2024-07-06,144.2,132.4,134.33,1011886.77,141137094.54,143.07,direct,
SOL,2024-07-07,143.34,131.2,143.07,1100386.76,151710675.69,131.59,direct,
SOL,2024-07-08,141.86,127.87,131.59,1764410.06,241027397.66,139.78,direct,
SOL,2024-07-09,144.22,136.47,139.78,1109717.02,156707010.52,141.42,direct,
SOL,2024-07-10,146.26,138.61,141.42,935921.33,133285498.95,142.01,direct,
SOL,2024-07-11,145.93,135.7,142.01,1274719.19,178725686.61,135.71,direct,
SOL,2024-07-12,140.64,133.99,135.71,1116717.5,153532246.92,139.55,direct,
SOL,2024-07-13,143.58,138.04,139.55,589537.44,82878892.68,141.95,direct,
SOL,2024-07-14,148.58,141.94,141.95,965298.37,140282144.09,147.72,direct,
SOL,2024-07-15,160.06,147.11,147.72,1515441.83,233055742.7,159.54,direct,
SOL,2024-07-16,162.61,152.66,159.54,1575760.66,249736657.37,160.65,direct,
SOL,2024-07-17,163.8,154.61,160.65,1276102.91,203878632.85,155.5,direct,
SOL,2024-07-18,161.61,155.2,155.5,849519.0,134334567.49,159.2,direct,
SOL,2024-07-19,172.37,156.21,159.2,1943663.78,321647568.82,169.2,direct,
SOL,2024-07-20,175.03,167.34,169.2,895305.94,153433228.71,173.68,direct,
SOL,2024-07-21,185.03,170.56,173.68,1323988.99,234893032.08,184.5,direct,
SOL,2024-07-22,184.92,176.81,184.5,1057469.43,190806050.56,178.98,direct,
SOL,2024-07-23,180.59,170.49,178.98,1242711.45,217693326.61,172.93,direct,
SOL,2024-07-24,182.49,171.0,172.93,1427355.02,254105859.36,178.03,direct,
SOL,2024-07-25,179.58,165.37,178.03,1895710.28,322786259.75,171.83,direct,
SOL,2024-07-26,183.62,171.75,171.83,1380729.85,247678633.97,183.08,direct,
SOL,2024-07-27,188.28,178.16,183.08,1472782.14,270685515.6,183.77,direct,
SOL,2024-07-28,186.62,181.19,183.77,693004.06,127699840.48,184.91,direct,
SOL,2024-07-29,193.87,181.63,184.91,1910355.43,359846632.27,182.52,direct,
SOL,2024-07-30,184.63,175.39,182.52,1443675.5,260642360.68,179.1,direct,
SOL,2024-07-31,184.39,171.58,179.1,1765368.42,315934112.41,171.64,direct,
SOL,2024-08-01,172.88,157.79,171.64,2701209.73,447547944.15,167.26,direct,
SOL,2024-08-02,169.28,149.82,167.26,2582825.41,408628011.97,152.58,direct,
SOL,2024-08-03,153.8,139.84,152.58,1926909.86,282575527.87,142.46,direct,
SOL,2024-08-04,145.96,131.31,142.46,2633519.29,365528696.83,138.24,direct,
SOL,2024-08-05,139.24,110.02,138.24,9973609.16,1239955820.57,129.81,direct,
SOL,2024-08-06,149.54,129.44,129.81,3358246.0,476934576.62,144.51,direct,
SOL,2024-08-07,155.05,142.36,144.51,3163232.4,471242466.32,144.71,direct,
SOL,2024-08-08,163.66,141.45,144.71,3478204.64,542679699.28,163.18,direct,
SOL,2024-08-09,163.56,150.84,163.18,2235297.07,348744317.8,156.32,direct,
SOL,2024-08-10,158.77,152.67,156.32,779645.13,120843995.54,154.05,direct,
SOL,2024-08-11,157.99,141.26,154.05,1397735.1,207002998.48,141.57,direct,
SOL,2024-08-12,150.97,141.27,141.57,1799398.16,262670328.29,146.37,direct,
SOL,2024-08-13,149.88,143.01,146.37,1077534.94,157819507.56,146.71,direct,
SOL,2024-08-14,152.17,142.48,146.71,1552824.8,228499811.67,143.79,direct,
SOL,2024-08-15,147.58,137.86,143.79,1965963.0,279981697.76,142.57,direct,
SOL,2024-08-16,144.85,136.12,142.57,1431065.91,201124549.62,139.1,direct,
SOL,2024-08-17,142.0,137.69,139.1,478414.97,67033030.03,141.94,direct,
SOL,2024-08-18,147.07,140.65,141.94,1366331.33,197619205.05,142.45,direct,
SOL,2024-08-19,146.2,140.46,142.45,885423.23,126729286.97,144.34,direct,
SOL,2024-08-20,148.86,141.03,144.34,1218594.1,176772864.48,142.3,direct,
SOL,2024-08-21,144.41,138.87,142.3,1231560.73,174844256.62,142.8,direct,
SOL,2024-08-22,144.86,140.72,142.8,716055.37,102424812.96,143.25,direct,
SOL,2024-08-23,154.1,142.81,143.25,1535431.53,226345684.97,153.36,direct,
SOL,2024-08-24,162.32,152.08,153.36,1454794.5,230004907.28,160.72,direct,
SOL,2024-08-25,161.98,155.33,160.72,797224.43,126594539.7,158.99,direct,
SOL,2024-08-26,161.97,155.64,158.99,1062067.2,168319244.94,157.15,direct,
SOL,2024-08-27,159.69,145.08,157.15,1465382.08,223366788.75,146.85,direct,
SOL,2024-08-28,148.78,140.59,146.85,1537817.61,222519532.94,143.93,direct,
SOL,2024-08-29,147.33,138.15,143.93,1125510.87,160585627.26,140.05,direct,
SOL,2024-08-30,141.1,132.14,140.05,1376556.59,188099590.41,138.0,direct,
SOL,2024-08-31,139.16,134.55,138.0,354474.97,48458249.41,135.34,direct,
SOL,2024-09-01,136.08,127.83,135.34,1216975.6,160725077.12,128.53,direct,
SOL,2024-09-02,135.37,127.02,128.53,1183346.55,154760699.0,134.96,direct,
SOL,2024-09-03,137.39,127.09,134.96,1165428.32,154010530.11,127.52,direct,
SOL,2024-09-04,134.95,122.73,127.52,1836824.01,238592444.94,133.61,direct,
SOL,2024-09-05,135.41,127.93,133.61,1035997.45,136227952.03,129.39,direct,
SOL,2024-09-06,134.34,120.62,129.39,2510204.74,320272802.89,125.02,direct,
SOL,2024-09-07,129.46,124.15,125.02,582582.28,73950235.3,127.7,direct,
SOL,2024-09-08,131.64,126.64,127.7,643881.63,83131839.12,130.1,direct,
SOL,2024-09-09,137.05,127.0,130.1,1365701.25,179705795.66,135.08,direct,
SOL,2024-09-10,137.95,132.57,135.08,930112.07,125564893.65,135.63,direct,
SOL,2024-09-11,135.9,128.22,135.63,1119510.64,147740432.08,132.43,direct,
SOL,2024-09-12,136.72,132.4,132.43,1052971.05,142195347.09,136.07,direct,
SOL,2024-09-13,139.89,131.76,136.07,1167109.23,158958923.58,139.14,direct,
SOL,2024-09-14,139.87,135.7,139.14,488283.32,67255306.1,137.17,direct,
SOL,2024-09-15,137.96,130.53,137.17,783125.79,105214476.35,131.42,direct,
SOL,2024-09-16,132.33,128.91,131.42,872017.88,113992082.4,131.45,direct,
SOL,2024-09-17,135.52,130.34,131.45,1013680.8,134587677.43,131.56,direct,
SOL,2024-09-18,134.41,127.15,131.56,1292119.8,168296742.94,134.34,direct,
SOL,2024-09-19,144.0,134.32,134.34,2203938.95,308673849.88,142.9,direct,
SOL,2024-09-20,152.36,141.23,142.9,1733614.19,256217991.5,146.66,direct,
SOL,2024-09-21,149.85,144.65,146.66,607193.7,89576614.93,149.46,direct,
SOL,2024-09-22,149.9,141.18,149.46,851223.36,123385243.44,144.68,direct,
SOL,2024-09-23,149.05,142.19,144.68,1228294.31,177696149.25,144.77,direct,
SOL,2024-09-24,153.93,143.13,144.77,1714717.03,253238283.83,152.72,direct,
SOL,2024-09-25,153.88,147.3,152.72,1140072.57,171904662.05,147.97,direct,
SOL,2024-09-26,158.03,146.59,147.97,1590861.37,244885789.53,155.58,direct,
SOL,2024-09-27,161.24,154.01,155.58,1503547.66,237392311.45,157.64,direct,
SOL,2024-09-28,159.4,155.08,157.64,576303.31,90510933.89,156.78,direct,
SOL,2024-09-29,161.73,155.12,156.78,910358.69,143730715.58,158.52,direct,
SOL,2024-09-30,159.73,151.74,158.52,1073233.37,167046966.26,152.55,direct,
SOL,2024-10-01,157.3,142.28,152.55,2305708.36,345586930.84,145.15,direct,
SOL,2024-10-02,148.95,138.63,145.15,1833439.37,263566829.62,140.17,direct,
SOL,2024-10-03,142.93,133.12,140.17,1887413.44,259179899.93,136.79,direct,
SOL,2024-10-04,144.59,135.95,136.79,1530496.19,216047071.98,143.19,direct,
SOL,2024-10-05,144.89,141.07,143.19,543351.89,77744269.2,142.64,direct,
SOL,2024-10-06,146.71,142.05,142.64,605166.17,87638780.51,146.48,direct,
SOL,2024-10-07,152.25,143.5,146.48,1608059.6,238177228.37,143.95,direct,
SOL,2024-10-08,145.52,141.16,143.95,872446.23,125295962.54,143.42,direct,
SOL,2024-10-09,145.24,138.58,143.42,1011569.79,143442032.83,139.22,direct,
SOL,2024-10-10,140.72,135.39,139.22,996009.3,137551753.84,138.93,direct,
SOL,2024-10-11,146.49,138.6,138.93,1145207.1,163903894.3,145.47,direct,
SOL,2024-10-12,147.25,144.61,145.47,510042.34,74627224.89,146.36,direct,
SOL,2024-10-13,148.76,144.47,146.36,538044.44,78792548.63,147.68,direct,
SOL,2024-10-14,157.99,146.76,147.68,1406517.19,216200267.89,157.52,direct,
SOL,2024-10-15,159.45,150.37,157.52,1589092.22,245832309.69,154.74,direct,
SOL,2024-10-16,158.28,152.96,154.74,1152010.55,178597818.31,154.22,direct,
SOL,2024-10-17,155.65,147.67,154.22,1024941.83,155179260.15,150.43,direct,
SOL,2024-10-18,156.64,149.59,150.43,894597.91,137792754.77,154.92,direct,
SOL,2024-10-19,159.74,153.67,154.92,538553.18,84208679.13,159.68,direct,
SOL,2024-10-20,167.88,157.62,159.68,1032109.96,166995301.74,167.36,direct,
SOL,2024-10-21,171.55,161.4,167.36,1742473.16,290496778.58,166.14,direct,
SOL,2024-10-22,170.89,162.96,166.14,1390790.2,232581445.42,167.44,direct,
SOL,2024-10-23,174.0,164.07,167.44,1506370.18,253471064.11,170.67,direct,
SOL,2024-10-24,179.1,170.34,170.67,1534523.85,268651975.84,177.07,direct,
SOL,2024-10-25,177.41,159.14,177.07,2028705.94,344809473.51,164.65,direct,
SOL,2024-10-26,172.97,162.26,164.65,956621.85,160890339.67,170.67,direct,
SOL,2024-10-27,178.01,170.09,170.67,883974.65,154753849.98,176.47,direct,
SOL,2024-10-28,179.55,172.31,176.47,1486550.45,261626123.43,178.15,direct,
SOL,2024-10-29,183.26,176.36,178.15,1851839.38,333516686.61,179.38,direct,
SOL,2024-10-30,181.19,173.14,179.38,1082734.61,190763783.24,174.85,direct,
SOL,2024-10-31,176.43,167.38,174.85,1216310.5,208731623.66,168.45,direct,
SOL,2024-11-01,173.9,163.64,168.45,1179299.39,197679096.42,166.05,direct,
SOL,2024-11-02,168.52,162.11,166.05,497928.77,82284516.56,166.1,direct,
SOL,2024-11-03,166.51,157.92,166.1,950271.32,153397969.02,162.44,direct,
SOL,2024-11-04,164.85,155.04,162.44,1017159.87,163321943.49,157.87,direct,
SOL,2024-11-05,169.31,156.78,157.87,1325101.85,217920759.61,166.65,direct,
SOL,2024-11-06,190.04,166.45,166.65,3755102.75,688038340.37,186.78,direct,
SOL,2024-11-07,197.99,186.06,186.78,2006281.81,386747538.34,196.44,direct,
SOL,2024-11-08,205.14,195.82,196.44,2038299.09,408170570.26,199.98,direct,
SOL,2024-11-09,203.45,195.13,199.98,1426109.1,285007993.31,200.02,direct,
SOL,2024-11-10,215.43,198.86,200.02,2836903.64,588571837.15,210.23,direct,
SOL,2024-11-11,224.47,204.39,210.23,3002590.76,651116693.53,222.42,direct,
SOL,2024-11-12,225.3,205.03,222.42,3207955.53,687618053.08,211.86,direct,
SOL,2024-11-13,220.78,201.12,211.86,3280352.4,695358114.93,215.45,direct,
SOL,2024-11-14,222.79,206.84,215.45,2390257.3,514053398.69,209.54,direct,
SOL,2024-11-15,220.4,204.62,209.54,2089124.27,443402898.19,218.51,direct,
SOL,2024-11-16,221.99,213.61,218.51,1522225.59,331681217.77,215.77,direct,
SOL,2024-11-17,241.96,212.27,215.77,2733055.7,635702351.09,237.54,direct,
SOL,2024-11-18,248.41,234.11,237.54,2824027.47,680971149.83,239.94,direct,
SOL,2024-11-19,247.71,233.8,239.94,1916539.68,462771223.05,237.96,direct,
SOL,2024-11-20,242.67,230.78,237.96,1809309.07,426617836.59,235.65,direct,
SOL,2024-11-21,259.81,230.04,235.65,3197520.06,793245850.05,256.72,direct,
SOL,2024-11-22,264.52,251.84,256.72,1930270.43,497034963.4,257.21,direct,
SOL,2024-11-23,264.16,253.09,257.21,1540433.13,397600303.58,255.15,direct,
SOL,2024-11-24,259.95,241.28,255.15,1318863.47,331064481.64,252.98,direct,
SOL,2024-11-25,256.69,231.2,252.98,2246138.62,547356000.23,234.15,direct,
SOL,2024-11-26,239.86,221.86,234.15,2017476.18,465157248.79,230.62,direct,
SOL,2024-11-27,243.56,227.57,230.62,1535640.84,364043739.43,242.26,direct,
SOL,2024-11-28,245.48,232.94,242.26,877224.57,208985240.69,237.63,direct,
SOL,2024-11-29,246.89,236.66,237.63,1307891.16,316868423.69,243.46,direct,
SOL,2024-11-30,245.4,237.64,243.46,856576.11,206542138.89,237.75,direct,
SOL,2024-12-01,239.95,234.32,237.75,1042536.95,247065369.07,236.96,direct,
SOL,2024-12-02,238.36,220.17,236.96,2782727.81,631780477.65,225.81,direct,
SOL,2024-12-03,239.79,215.15,225.81,2498009.97,569372675.86,234.11,direct,
SOL,2024-12-04,240.95,224.79,234.11,2424018.49,564765211.47,229.48,direct,
SOL,2024-12-05,244.95,223.26,229.48,3120708.13,736104487.64,236.17,direct,
SOL,2024-12-06,247.06,231.17,236.17,1779255.05,425038287.56,237.18,direct,
SOL,2024-12-07,243.7,234.41,237.18,1155071.17,276310183.73,238.34,direct,
SOL,2024-12-08,241.65,233.36,238.34,723712.35,171567432.86,237.2,direct,
SOL,2024-12-09,237.42,205.36,237.2,2284778.33,509504278.85,216.81,direct,
SOL,2024-12-10,221.02,203.3,216.81,2836727.29,602479362.87,213.75,direct,
SOL,2024-12-11,230.82,211.64,213.75,1782926.44,399771792.0,227.42,direct,
SOL,2024-12-12,234.75,225.7,227.42,1500850.29,345582057.59,227.01,direct,
SOL,2024-12-13,228.42,220.66,227.01,1442244.42,323236855.77,224.84,direct,
SOL,2024-12-14,227.46,215.17,224.84,811129.79,179846829.41,219.87,direct,
SOL,2024-12-15,225.4,215.71,219.87,956285.71,210267560.13,224.23,direct,
SOL,2024-12-16,227.34,213.17,224.23,1594064.59,349510564.95,216.25,direct,
SOL,2024-12-17,228.96,211.54,216.25,1890978.34,420615300.39,223.18,direct,
SOL,2024-12-18,225.98,204.83,223.18,1781299.8,379806262.13,206.45,direct,
SOL,2024-12-19,212.02,186.91,206.45,2773265.88,553339266.73,193.67,direct,
SOL,2024-12-20,199.48,175.06,193.67,3246297.05,608233604.96,194.46,direct,
SOL,2024-12-21,202.02,178.4,194.46,1833778.14,343907146.02,181.28,direct,
SOL,2024-12-22,187.71,176.77,181.28,1207132.49,219479512.59,180.34,direct,
SOL,2024-12-23,193.21,176.38,180.34,1701262.34,314150116.3,189.91,direct,
SOL,2024-12-24,198.87,185.89,189.91,1045287.96,202570719.69,196.96,direct,
SOL,2024-12-25,201.69,195.0,196.96,773113.62,153276719.71,197.33,direct,
SOL,2024-12-26,199.58,186.46,197.33,993540.32,190117501.71,188.24,direct,
SOL,2024-12-27,194.11,182.54,188.24,1016173.82,190508827.48,183.94,direct,
SOL,2024-12-28,195.68,183.57,183.94,874104.04,165940093.85,195.15,direct,
SOL,2024-12-29,197.35,188.23,195.15,831301.93,160713470.14,189.61,direct,
SOL,2024-12-30,196.19,185.57,189.61,1302813.27,249169367.35,191.04,direct,
SOL,2024-12-31,198.84,187.74,191.04,1348053.83,261197641.36,188.87,direct,
SOL,2025-01-01,194.92,187.62,188.87,1016955.09,194195323.3,193.85,direct,
SOL,2025-01-02,210.14,193.09,193.85,1525806.96,311729217.93,208.06,direct,
SOL,2025-01-03,219.65,205.5,208.06,1200498.66,256642499.36,217.89,direct,
SOL,2025-01-04,217.98,213.57,217.89,613079.14,132497052.94,216.65,direct,
SOL,2025-01-05,218.96,211.48,216.65,639982.71,137274205.35,213.36,direct,
SOL,2025-01-06,223.16,211.52,213.36,1042710.65,227265508.37,218.36,direct,
SOL,2025-01-07,219.19,201.78,218.36,1349107.43,282781935.18,202.14,direct,
SOL,2025-01-08,203.2,188.34,202.14,1883435.43,369380837.51,197.45,direct,
SOL,2025-01-09,198.98,182.07,197.45,1519833.62,287508711.18,184.99,direct,
SOL,2025-01-10,192.97,183.51,184.99,1408765.48,265373073.82,187.62,direct,
SOL,2025-01-11,191.77,184.06,187.62,982856.44,183892397.04,188.02,direct,
SOL,2025-01-12,190.89,185.09,188.02,603835.06,113338651.42,188.42,direct,
SOL,2025-01-13,191.8,169.14,188.42,2141571.81,384240733.62,182.75,direct,
SOL,2025-01-14,190.0,181.8,182.75,1143113.81,213078481.55,187.5,direct,
SOL,2025-01-15,206.04,185.8,187.5,1998560.73,392782235.21,205.9,direct,
SOL,2025-01-16,217.04,198.45,205.9,2232606.19,467673563.29,211.09,direct,
SOL,2025-01-17,221.99,209.84,211.09,2146534.27,466004419.11,219.57,direct,
SOL,2025-01-18,270.0,217.35,219.57,8292300.18,2017727214.39,261.87,direct,
SOL,2025-01-19,294.95,237.61,261.87,9622612.85,2576611227.87,252.19,direct,
SOL,2025-01-20,273.1,229.39,252.19,6506910.44,1622007685.06,241.72,direct,
SOL,2025-01-21,260.11,230.12,241.72,3491675.33,849711327.0,250.36,direct,
SOL,2025-01-22,271.91,248.46,250.36,3395489.03,881000243.68,257.31,direct,
SOL,2025-01-23,258.4,242.12,257.31,3343001.53,835751567.95,253.13,direct,
SOL,2025-01-24,269.94,247.29,253.13,2505714.52,652498015.44,253.37,direct,
SOL,2025-01-25,260.73,246.3,253.37,1629826.84,412108430.63,256.33,direct,
SOL,2025-01-26,259.92,240.2,256.33,1472880.46,372580185.47,240.45,direct,
SOL,2025-01-27,242.53,220.98,240.45,4043114.41,935397750.08,234.9,direct,
SOL,2025-01-28,243.92,224.96,234.9,2276197.94,533121472.04,226.94,direct,
SOL,2025-01-29,238.37,222.6,226.94,2222749.52,512630067.26,228.13,direct,
SOL,2025-01-30,244.68,226.84,228.13,1892315.55,452845994.87,238.36,direct,
SOL,2025-01-31,241.79,228.13,238.36,1564750.09,368392788.3,231.71,direct,
SOL,2025-02-01,234.1,212.73,231.71,1408679.14,314821254.21,212.95,direct,
SOL,2025-02-02,218.78,192.66,212.95,3629906.27,749481368.6,203.43,direct,
SOL,2025-02-03,218.88,176.11,203.43,5433969.93,1085451522.8,216.48,direct,
SOL,2025-02-04,220.11,202.13,216.48,2928820.68,616487093.29,206.7,direct,
SOL,2025-02-05,209.45,195.16,206.7,1665272.86,336754152.99,196.11,direct,
SOL,2025-02-06,203.98,187.58,196.11,1968402.63,382843591.01,189.57,direct,
SOL,2025-02-07,203.58,188.17,189.57,1847843.33,361144540.68,192.09,direct,
SOL,2025-02-08,200.99,189.82,192.09,1223405.24,238707343.81,199.49,direct,
SOL,2025-02-09,207.5,193.64,199.49,2011369.58,405156533.8,200.52,direct,
SOL,2025-02-10,209.13,195.98,200.52,1379583.13,279926505.31,200.53,direct,
SOL,2025-02-11,206.2,195.09,200.53,1324085.8,265134980.47,197.95,direct,
SOL,2025-02-12,198.5,188.55,197.95,1814551.81,352632945.82,196.79,direct,
SOL,2025-02-13,198.47,188.98,196.79,1278025.56,247331359.53,194.3,direct,
SOL,2025-02-14,205.34,194.19,194.3,1747579.42,348662901.65,199.46,direct,
SOL,2025-02-15,200.31,192.68,199.46,805197.87,157580758.54,194.52,direct,
SOL,2025-02-16,196.25,186.18,194.52,1051209.15,200997870.1,188.32,direct,
SOL,2025-02-17,189.71,174.75,188.32,2249434.07,408087687.83,177.52,direct,
SOL,2025-02-18,179.06,160.83,177.52,3610059.04,606448520.02,169.23,direct,
SOL,2025-02-19,174.24,163.74,169.23,1884600.69,319211309.96,168.9,direct,
SOL,2025-02-20,176.67,167.68,168.9,1412994.76,244627512.26,176.07,direct,
SOL,2025-02-21,180.55,167.03,176.07,1866219.82,324687600.24,168.83,direct,
SOL,2025-02-22,174.66,168.01,168.83,759356.97,130751306.67,172.09,direct,
SOL,2025-02-23,173.09,166.45,172.09,679264.26,114944072.84,167.96,direct,
SOL,2025-02-24,169.64,137.82,167.96,3853746.48,591487924.69,141.83,direct,
SOL,2025-02-25,146.93,131.97,141.83,4719553.57,659364350.57,144.17,direct,
SOL,2025-02-26,145.0,130.49,144.17,3548423.59,485148730.28,135.11,direct,
SOL,2025-02-27,142.7,134.6,135.11,2326499.58,321754176.33,137.56,direct,
SOL,2025-02-28,148.6,125.43,137.56,3888858.88,532786311.92,148.11,direct,
SOL,2025-03-01,151.07,138.52,148.11,1677322.6,240028993.76,143.61,direct,
SOL,2025-03-02,179.93,140.02,143.61,5973699.69,988970916.81,178.75,direct,
SOL,2025-03-03,179.45,139.1,178.75,5168640.28,813288041.85,142.04,direct,
SOL,2025-03-04,146.85,130.73,142.04,4521057.67,628115729.93,144.79,direct,
SOL,2025-03-05,149.7,140.23,144.79,2809518.48,404943828.16,146.32,direct,
SOL,2025-03-06,152.88,142.46,146.32,2248183.44,331232423.98,143.3,direct,
SOL,2025-03-07,150.82,135.08,143.3,3034947.22,434373597.5,139.34,direct,
SOL,2025-03-08,141.0,135.26,139.34,920714.58,127053312.18,136.95,direct,
SOL,2025-03-09,139.8,125.36,136.95,2009469.49,263177088.02,126.47,direct,
SOL,2025-03-10,131.49,115.45,126.47,3475263.97,424317915.17,118.24,direct,
SOL,2025-03-11,128.4,112.19,118.24,3395878.93,414367468.65,125.34,direct,
SOL,2025-03-12,131.34,121.24,125.34,2303770.95,289534117.48,126.62,direct,
SOL,2025-03-13,128.3,120.74,126.62,1626260.22,202485713.93,123.32,direct,
SOL,2025-03-14,136.03,122.97,123.32,1959853.51,255080457.71,133.56,direct,
SOL,2025-03-15,136.55,132.48,133.56,902396.93,121374100.5,135.9,direct,
SOL,2025-03-16,136.7,125.2,135.9,1527950.87,199012186.21,126.1,direct,
SOL,2025-03-17,129.96,125.9,126.1,782583.39,100346484.7,128.4,direct,
SUI,2024-03-17,1.637,1.439,1.633,13656764.39,21008807.08,1.62,direct,
SUI,2024-03-18,1.752,1.519,1.62,19192745.34,31287816.98,1.521,direct,
SUI,2024-03-19,1.737,1.432,1.521,29090065.07,47056393.22,1.648,direct,
SUI,2024-03-20,1.78,1.502,1.648,28005359.98,45264700.37,1.755,direct,
SUI,2024-03-21,1.949,1.741,1.755,24242394.05,44783969.45,1.829,direct,
SUI,2024-03-22,1.832,1.685,1.829,13286044.3,23482243.56,1.732,direct,
SUI,2024-03-23,1.738,1.643,1.732,6129358.83,10380585.07,1.645,direct,
SUI,2024-03-24,1.77,1.62,1.645,6181364.73,10278075.73,1.679,direct,
SUI,2024-03-25,1.746,1.657,1.679,11146871.37,19052281.19,1.704,direct,
SUI,2024-03-26,1.896,1.697,1.704,18055659.8,32675202.12,1.886,direct,
SUI,2024-03-27,2.181,1.856,1.886,32570951.41,66666198.53,2.077,direct,
SUI,2024-03-28,2.163,1.958,2.077,13019952.06,26210400.27,2.023,direct,
SUI,2024-03-29,2.147,1.902,2.023,13824310.64,28224254.86,1.904,direct,
SUI,2024-03-30,1.955,1.869,1.904,5212412.91,9991014.59,1.881,direct,
SUI,2024-03-31,1.925,1.865,1.881,4760894.15,9009017.42,1.914,direct,
SUI,2024-04-01,2.047,1.806,1.914,20644298.73,40098150.42,1.942,direct,
SUI,2024-04-02,2.008,1.727,1.942,16435993.89,29984390.89,1.734,direct,
SUI,2024-04-03,1.766,1.627,1.734,10558439.27,18014277.66,1.668,direct,
SUI,2024-04-04,1.743,1.659,1.668,6445949.65,10978639.51,1.684,direct,
SUI,2024-04-05,1.684,1.543,1.684,6623895.62,10653875.13,1.608,direct,
SUI,2024-04-06,1.645,1.601,1.608,2324734.62,3779365.11,1.625,direct,
SUI,2024-04-07,1.668,1.618,1.625,3077530.1,5053865.26,1.642,direct,
SUI,2024-04-08,1.722,1.619,1.642,4746903.43,7972805.05,1.711,direct,
SUI,2024-04-09,1.718,1.572,1.711,6881179.96,11162156.17,1.574,direct,
SUI,2024-04-10,1.583,1.461,1.574,8701389.68,13226135.88,1.521,direct,
SUI,2024-04-11,1.56,1.476,1.521,7044849.55,10614308.4,1.491,direct,
SUI,2024-04-12,1.514,1.041,1.491,30861649.86,39205811.72,1.24,direct,
SUI,2024-04-13,1.246,0.8972,1.24,29287493.93,32495281.84,1.064,direct,
SUI,2024-04-14,1.209,1.027,1.064,16594207.37,18750919.35,1.2,direct,
SUI,2024-04-15,1.299,1.116,1.2,14850425.01,18050225.31,1.171,direct,
SUI,2024-04-16,1.265,1.106,1.171,15876107.97,18703369.74,1.225,direct,
SUI,2024-04-17,1.357,1.178,1.225,15757271.79,19907496.3,1.259,direct,
SUI,2024-04-18,1.287,1.2,1.259,8708228.11,10794213.4,1.257,direct,
SUI,2024-04-19,1.391,1.135,1.257,14075708.38,18020911.61,1.334,direct,
SUI,2024-04-20,1.435,1.306,1.334,7499174.12,10202704.22,1.429,direct,
SUI,2024-04-21,1.445,1.342,1.429,4759002.81,6619199.14,1.372,direct,
SUI,2024-04-22,1.441,1.355,1.372,4990341.47,6994380.4,1.394,direct,
SUI,2024-04-23,1.418,1.311,1.394,5099111.29,6893928.36,1.326,direct,
SUI,2024-04-24,1.349,1.236,1.326,7838325.15,10167964.84,1.25,direct,
SUI,2024-04-25,1.265,1.187,1.25,8902475.31,10927762.01,1.224,direct,
SUI,2024-04-26,1.229,1.162,1.224,6248409.06,7422115.84,1.174,direct,
SUI,2024-04-27,1.231,1.122,1.174,6407908.05,7621388.05,1.211,direct,
SUI,2024-04-28,1.26,1.206,1.211,2874669.24,3571415.26,1.217,direct,
SUI,2024-04-29,1.23,1.167,1.217,4859072.99,5806538.93,1.192,direct,
SUI,2024-04-30,1.205,1.073,1.192,13040032.29,14731367.29,1.143,direct,
SUI,2024-05-01,1.165,1.068,1.143,11263188.49,12572504.69,1.146,direct,
SUI,2024-05-02,1.16,1.092,1.146,6734604.05,7602342.2,1.122,direct,
SUI,2024-05-03,1.146,1.046,1.122,17352903.78,19224633.38,1.112,direct,
SUI,2024-05-04,1.124,1.064,1.112,16848562.57,18478029.83,1.091,direct,
SUI,2024-05-05,1.122,1.041,1.091,12067335.91,13115185.7,1.096,direct,
SUI,2024-05-06,1.152,1.079,1.096,18908146.96,21076805.38,1.093,direct,
SUI,2024-05-07,1.145,1.076,1.093,14431954.19,16066001.43,1.08,direct,
SUI,2024-05-08,1.083,1.004,1.08,13699184.81,14313235.18,1.01,direct,
SUI,2024-05-09,1.04,0.9736,1.01,13042313.68,13083114.58,1.026,direct,
SUI,2024-05-10,1.109,1.002,1.026,15483245.18,16263186.47,1.008,direct,
SUI,2024-05-11,1.032,0.9902,1.008,3877263.19,3909732.13,0.9939,direct,
SUI,2024-05-12,1.02,0.992,0.9939,3042000.99,3065223.35,1.004,direct,
SUI,2024-05-13,1.014,0.943,1.004,10127566.87,9910637.66,0.9688,direct,
SUI,2024-05-14,0.9762,0.8847,0.9688,10531672.41,9675757.55,0.8962,direct,
SUI,2024-05-15,1.045,0.8859,0.8962,14735402.42,14122971.2,0.9922,direct,
SUI,2024-05-16,1.082,0.976,0.9922,16109658.12,16558547.09,1.025,direct,
SUI,2024-05-17,1.109,1.011,1.025,11891406.27,12624919.6,1.076,direct,
SUI,2024-05-18,1.09,1.052,1.076,5948987.85,6404904.39,1.082,direct,
SUI,2024-05-19,1.091,1.019,1.082,5078703.07,5327641.19,1.027,direct,
SUI,2024-05-20,1.151,1.009,1.027,16473674.67,18215147.05,1.147,direct,
SUI,2024-05-21,1.172,1.119,1.147,9701319.33,11121258.88,1.141,direct,
SUI,2024-05-22,1.154,1.081,1.141,8017315.16,8923446.25,1.105,direct,
SUI,2024-05-23,1.133,1.011,1.105,11474307.95,12429172.43,1.076,direct,
SUI,2024-05-24,1.085,1.032,1.076,4675466.54,4951600.12,1.068,direct,
SUI,2024-05-25,1.083,1.04,1.068,3179120.99,3381515.93,1.063,direct,
SUI,2024-05-26,1.07,1.022,1.063,3793826.08,3958484.23,1.041,direct,
SUI,2024-05-27,1.081,1.031,1.041,4306533.59,4565381.59,1.074,direct,
SUI,2024-05-28,1.074,1.013,1.074,4581098.78,4752911.59,1.029,direct,
SUI,2024-05-29,1.046,1.007,1.029,4085840.73,4205766.77,1.016,direct,
SUI,2024-05-30,1.034,0.9808,1.016,5539754.39,5613938.94,1.013,direct,
SUI,2024-05-31,1.033,0.9943,1.013,4771754.86,4844034.42,1.022,direct,
SUI,2024-06-01,1.035,1.01,1.022,3528031.65,3608270.13,1.023,direct,
SUI,2024-06-02,1.038,1.007,1.023,3266323.0,3336358.61,1.017,direct,
SUI,2024-06-03,1.055,1.013,1.017,6744434.23,7024163.77,1.039,direct,
SUI,2024-06-04,1.056,1.012,1.039,6534707.77,6779379.24,1.054,direct,
SUI,2024-06-05,1.105,1.047,1.054,9249878.24,10031605.73,1.104,direct,
SUI,2024-06-06,1.137,1.086,1.104,11878373.27,13216585.63,1.113,direct,
SUI,2024-06-07,1.17,0.988,1.113,16368394.88,17941439.8,1.081,direct,
SUI,2024-06-08,1.17,1.064,1.081,17095531.74,19052097.12,1.105,direct,
SUI,2024-06-09,1.129,1.064,1.105,9016067.31,9890073.7,1.093,direct,
SUI,2024-06-10,1.096,1.031,1.093,9154618.45,9698582.02,1.033,direct,
SUI,2024-06-11,1.043,0.9789,1.033,10150755.0,10269045.5,0.9926,direct,
SUI,2024-06-12,1.054,0.9577,0.9926,14253363.62,14503202.65,1.019,direct,
SUI,2024-06-13,1.02,0.9582,1.019,7159006.25,7065557.53,0.9656,direct,
SUI,2024-06-14,1.002,0.9025,0.9656,13815479.44,13142582.1,0.9295,direct,
SUI,2024-06-15,0.9586,0.9261,0.9295,3960548.16,3742356.14,0.9433,direct,
SUI,2024-06-16,0.9693,0.9229,0.9433,2628683.26,2488027.61,0.969,direct,
SUI,2024-06-17,0.9844,0.8609,0.969,8804017.84,8008418.25,0.8906,direct,
SUI,2024-06-18,0.8939,0.761,0.8906,17631840.06,14163396.41,0.7997,direct,
SUI,2024-06-19,0.8755,0.7911,0.7997,9150885.2,7687657.19,0.8655,direct,
SUI,2024-06-20,0.9235,0.8588,0.8655,7112352.37,6347652.89,0.8936,direct,
SUI,2024-06-21,0.9498,0.8657,0.8936,8396420.07,7548990.3,0.9201,direct,
SUI,2024-06-22,0.9243,0.8874,0.9201,4016467.89,3628648.78,0.8904,direct,
SUI,2024-06-23,0.943,0.8764,0.8904,7612712.0,6930070.64,0.8805,direct,
SUI,2024-06-24,0.8992,0.806,0.8805,12778717.88,10992178.62,0.8947,direct,
SUI,2024-06-25,0.9065,0.8692,0.8947,8366644.7,7438858.61,0.8783,direct,
SUI,2024-06-26,0.8903,0.821,0.8783,11518569.63,9759290.69,0.8292,direct,
SUI,2024-06-27,0.8703,0.8253,0.8292,7091918.25,5976110.56,0.8353,direct,
SUI,2024-06-28,0.8433,0.7854,0.8353,8031485.11,6512696.71,0.7893,direct,
SUI,2024-06-29,0.8046,0.7793,0.7893,3815383.02,3032272.02,0.7813,direct,
SUI,2024-06-30,0.8234,0.7716,0.7813,4530484.96,3613161.2,0.8189,direct,
SUI,2024-07-01,0.8343,0.8052,0.8189,3100653.32,2545252.06,0.8085,direct,
SUI,2024-07-02,0.835,0.7989,0.8085,4456668.55,3636166.02,0.8246,direct,
SUI,2024-07-03,0.8288,0.7667,0.8246,4877053.54,3868414.6,0.775,direct,
SUI,2024-07-04,0.7827,0.6697,0.775,10326105.08,7441366.23,0.6737,direct,
SUI,2024-07-05,0.6749,0.5737,0.6737,23689472.43,14783980.68,0.6435,direct,
SUI,2024-07-06,0.7003,0.64,0.6435,4994122.31,3339510.78,0.694,direct,
SUI,2024-07-07,0.6977,0.637,0.694,5307350.48,3565239.57,0.64,direct,
SUI,2024-07-08,0.6968,0.6132,0.64,9408760.04,6193671.48,0.6732,direct,
SUI,2024-07-09,0.7553,0.6666,0.6732,10037195.43,7143201.56,0.7432,direct,
SUI,2024-07-10,0.768,0.7194,0.7432,9334939.4,6900231.93,0.7375,direct,
SUI,2024-07-11,0.7788,0.7277,0.7375,9600041.27,7259544.0,0.7557,direct,
SUI,2024-07-12,0.7717,0.7313,0.7557,8185955.82,6136740.37,0.7484,direct,
SUI,2024-07-13,0.767,0.7432,0.7484,2777929.88,2095212.92,0.7586,direct,
SUI,2024-07-14,0.8188,0.758,0.7586,9814656.89,7838106.12,0.807,direct,
SUI,2024-07-15,0.8499,0.794,0.807,6384859.88,5195490.97,0.8454,direct,
SUI,2024-07-16,0.8837,0.8166,0.8454,6785481.68,5811030.65,0.868,direct,
SUI,2024-07-17,0.891,0.8392,0.868,10293990.68,8908775.11,0.8406,direct,
SUI,2024-07-18,0.8562,0.7867,0.8406,6290365.68,5205292.09,0.8109,direct,
SUI,2024-07-19,0.864,0.7967,0.8109,5964466.85,4970774.54,0.8545,direct,
SUI,2024-07-20,0.8918,0.844,0.8545,4426780.22,3825721.16,0.8507,direct,
SUI,2024-07-21,0.8597,0.8103,0.8507,3879096.05,3270386.09,0.8593,direct,
SUI,2024-07-22,0.9025,0.8267,0.8593,6647166.39,5697549.16,0.8319,direct,
SUI,2024-07-23,0.8583,0.8005,0.8319,4980628.21,4116331.31,0.8141,direct,
SUI,2024-07-24,0.8257,0.7647,0.8141,4958341.4,3970006.24,0.771,direct,
SUI,2024-07-25,0.7713,0.7102,0.771,7496240.25,5548818.93,0.7499,direct,
SUI,2024-07-26,0.7937,0.7468,0.7499,3677766.11,2841315.38,0.7874,direct,
SUI,2024-07-27,0.7987,0.7637,0.7874,2702520.7,2119343.15,0.7845,direct,
SUI,2024-07-28,0.7845,0.7436,0.7845,1572622.73,1197879.59,0.7496,direct,
SUI,2024-07-29,0.7847,0.7366,0.7496,5125140.9,3914843.7,0.7402,direct,
SUI,2024-07-30,0.7502,0.6924,0.7402,5317252.47,3820556.3,0.7074,direct,
SUI,2024-07-31,0.7257,0.6931,0.7074,4148298.89,2956105.99,0.7074,direct,
SUI,2024-08-01,0.717,0.6582,0.7074,6174402.34,4287827.1,0.6957,direct,
SUI,2024-08-02,0.6995,0.6344,0.6957,5263290.33,3501051.98,0.637,direct,
SUI,2024-08-03,0.6526,0.594,0.637,6136980.3,3834751.01,0.6105,direct,
SUI,2024-08-04,0.6292,0.5634,0.6105,5873305.16,3477904.32,0.5774,direct,
SUI,2024-08-05,0.5804,0.4627,0.5774,22822617.53,11834805.83,0.5348,direct,
SUI,2024-08-06,0.6157,0.5347,0.5348,10019840.77,5854015.34,0.6017,direct,
SUI,2024-08-07,0.649,0.5913,0.6017,10411894.59,6524382.1,0.6151,direct,
SUI,2024-08-08,0.8711,0.6006,0.6151,26734201.73,19528263.26,0.853,direct,
SUI,2024-08-09,0.8796,0.825,0.853,19282866.63,16352514.01,0.8562,direct,
SUI,2024-08-10,0.9596,0.8486,0.8562,19872748.39,17982954.28,0.9197,direct,
SUI,2024-08-11,0.9308,0.8584,0.9197,20367370.3,18382554.57,0.8737,direct,
SUI,2024-08-12,1.117,0.8735,0.8737,47031451.6,47451032.72,1.015,direct,
SUI,2024-08-13,1.017,0.9328,1.015,21582786.45,20927276.05,0.9554,direct,
SUI,2024-08-14,0.9733,0.8864,0.9554,18724538.66,17174633.07,0.9339,direct,
SUI,2024-08-15,0.9388,0.8232,0.9339,18141676.26,15869066.86,0.8449,direct,
SUI,2024-08-16,0.8841,0.8059,0.8449,15515400.27,13005126.86,0.8118,direct,
SUI,2024-08-17,0.8512,0.7979,0.8118,14246938.08,11705328.36,0.8283,direct,
SUI,2024-08-18,0.8569,0.8184,0.8283,11206172.41,9390675.76,0.8245,direct,
SUI,2024-08-19,0.9178,0.8109,0.8245,16931854.73,14672056.86,0.9014,direct,
SUI,2024-08-20,0.9309,0.8663,0.9014,14682845.7,13092570.27,0.8707,direct,
SUI,2024-08-21,0.8842,0.8333,0.8707,12244280.48,10511838.68,0.8496,direct,
SUI,2024-08-22,0.865,0.8329,0.8496,7158084.11,6065592.53,0.8523,direct,
SUI,2024-08-23,1.037,0.8513,0.8523,27381628.36,26388716.85,1.016,direct,
SUI,2024-08-24,1.057,0.9861,1.016,14497551.91,14746583.06,1.019,direct,
SUI,2024-08-25,1.022,0.9592,1.019,13174750.46,13118878.86,0.9991,direct,
SUI,2024-08-26,1.013,0.9254,0.9991,13100934.74,12588523.16,0.9265,direct,
SUI,2024-08-27,0.9764,0.8327,0.9265,19697900.98,17854681.72,0.8481,direct,
SUI,2024-08-28,0.8504,0.7624,0.8481,25946586.11,21081177.99,0.8099,direct,
SUI,2024-08-29,0.8547,0.7932,0.8099,13752361.83,11342117.78,0.8034,direct,
SUI,2024-08-30,0.838,0.7663,0.8034,14025838.26,11302786.09,0.8318,direct,
SUI,2024-08-31,0.8359,0.7842,0.8318,5434182.64,4410494.68,0.7963,direct,
SUI,2024-09-01,0.8127,0.7566,0.7963,8767377.11,6894496.69,0.7608,direct,
SUI,2024-09-02,0.7991,0.7416,0.7608,14552152.62,11225967.17,0.787,direct,
SUI,2024-09-03,0.8374,0.7789,0.787,17561941.23,14148967.67,0.7854,direct,
SUI,2024-09-04,0.834,0.7497,0.7854,17815206.32,14187266.02,0.809,direct,
SUI,2024-09-05,0.8404,0.7794,0.809,13849317.41,11209241.97,0.7971,direct,
SUI,2024-09-06,0.8871,0.789,0.7971,23431835.15,19578910.15,0.8381,direct,
SUI,2024-09-07,0.9175,0.8282,0.8381,15502862.12,13530810.49,0.8909,direct,
SUI,2024-09-08,0.9895,0.8841,0.8909,24369836.46,22900639.2,0.9392,direct,
SUI,2024-09-09,0.9741,0.8946,0.9392,26229469.55,24344557.76,0.9581,direct,
SUI,2024-09-10,0.9714,0.9089,0.9581,20482075.29,19021096.91,0.9179,direct,
SUI,2024-09-11,0.9334,0.8671,0.9179,19473883.04,17465815.14,0.93,direct,
SUI,2024-09-12,1.068,0.9275,0.93,44893207.55,45857663.41,1.04,direct,
SUI,2024-09-13,1.048,0.9902,1.04,24269521.85,24750281.44,1.028,direct,
SUI,2024-09-14,1.069,1.003,1.028,22174725.63,22871201.09,1.046,direct,
SUI,2024-09-15,1.14,1.042,1.046,35695133.76,39004560.86,1.078,direct,
SUI,2024-09-16,1.128,1.015,1.078,30804254.52,32975434.61,1.042,direct,
SUI,2024-09-17,1.188,1.018,1.042,47224632.4,53696520.05,1.17,direct,
SUI,2024-09-18,1.32,1.143,1.17,65003594.62,79409971.91,1.315,direct,
SUI,2024-09-19,1.411,1.308,1.315,61261021.87,83215267.46,1.38,direct,
SUI,2024-09-20,1.588,1.351,1.38,52552190.86,77891641.31,1.47,direct,
SUI,2024-09-21,1.512,1.435,1.47,22252151.43,32960837.46,1.482,direct,
SUI,2024-09-22,1.637,1.423,1.482,47183711.35,72486994.13,1.586,direct,
SUI,2024-09-23,1.648,1.508,1.586,50951113.67,79506695.23,1.535,direct,
SUI,2024-09-24,1.795,1.499,1.535,60060724.45,97398090.23,1.743,direct,
SUI,2024-09-25,1.774,1.667,1.743,46337992.42,79718891.47,1.698,direct,
SUI,2024-09-26,1.759,1.604,1.698,49129749.36,83567468.27,1.641,direct,
SUI,2024-09-27,1.735,1.616,1.641,38248320.34,64044551.76,1.657,direct,
SUI,2024-09-28,1.694,1.608,1.657,15941139.88,26197112.36,1.688,direct,
SUI,2024-09-29,1.87,1.628,1.688,40596146.09,71223359.06,1.759,direct,
SUI,2024-09-30,1.854,1.703,1.759,47772697.21,84720347.49,1.774,direct,
SUI,2024-10-01,1.933,1.657,1.774,80420524.6,145051217.54,1.757,direct,
SUI,2024-10-02,1.93,1.739,1.757,75247675.83,138157792.38,1.856,direct,
SUI,2024-10-03,2.009,1.606,1.856,97852459.9,176977189.13,1.663,direct,
SUI,2024-10-04,1.824,1.625,1.663,65124476.08,112937313.63,1.773,direct,
SUI,2024-10-05,1.788,1.688,1.773,25968418.32,44803623.31,1.754,direct,
SUI,2024-10-06,1.868,1.708,1.754,33445221.81,59556685.71,1.841,direct,
SUI,2024-10-07,2.167,1.837,1.841,73656438.97,148368567.86,2.017,direct,
SUI,2024-10-08,2.134,1.93,2.017,56850990.56,114460385.22,1.987,direct,
SUI,2024-10-09,2.005,1.842,1.987,42946942.6,82662459.78,1.875,direct,
SUI,2024-10-10,1.902,1.746,1.875,37779784.07,68652405.37,1.834,direct,
SUI,2024-10-11,2.087,1.793,1.834,50987181.32,100706031.85,2.053,direct,
SUI,2024-10-12,2.288,1.999,2.053,47855977.96,103719589.33,2.242,direct,
SUI,2024-10-13,2.366,2.125,2.242,42268204.77,94592481.62,2.342,direct,
SUI,2024-10-14,2.349,2.21,2.342,37036114.04,83479764.18,2.25,direct,
SUI,2024-10-15,2.272,1.975,2.25,56524140.48,119795313.7,2.059,direct,
SUI,2024-10-16,2.155,1.975,2.059,41354394.44,84958623.74,2.083,direct,
SUI,2024-10-17,2.162,1.996,2.083,33860006.82,70217553.05,2.023,direct,
SUI,2024-10-18,2.152,2.006,2.023,31823487.7,66088801.28,2.125,direct,
SUI,2024-10-19,2.126,2.041,2.125,16069671.03,33291047.66,2.062,direct,
SUI,2024-10-20,2.154,2.044,2.062,20068189.53,42200278.75,2.128,direct,
SUI,2024-10-21,2.178,1.999,2.128,25563318.83,52870427.51,2.009,direct,
SUI,2024-10-22,2.032,1.875,2.009,33325636.89,65145324.7,1.938,direct,
SUI,2024-10-23,1.996,1.863,1.938,30921015.25,59461239.28,1.976,direct,
SUI,2024-10-24,2.049,1.924,1.976,25940388.52,51404277.81,1.936,direct,
SUI,2024-10-25,1.943,1.652,1.936,39800716.5,72717162.93,1.749,direct,
SUI,2024-10-26,1.844,1.699,1.749,22618615.86,39895773.41,1.793,direct,
SUI,2024-10-27,1.824,1.721,1.793,21318527.23,37797744.98,1.754,direct,
SUI,2024-10-28,1.788,1.601,1.754,44652278.37,75633947.84,1.772,direct,
SUI,2024-10-29,2.097,1.764,1.772,71224176.14,139851390.87,2.07,direct,
SUI,2024-10-30,2.131,1.978,2.07,38436972.53,78939727.62,2.084,direct,
SUI,2024-10-31,2.097,1.935,2.084,30251586.85,60890111.81,1.969,direct,
SUI,2024-11-01,2.107,1.915,1.969,45496724.39,90655121.88,1.988,direct,
SUI,2024-11-02,2.025,1.868,1.988,17211870.56,33177830.75,1.908,direct,
SUI,2024-11-03,1.963,1.772,1.908,31132302.82,57930776.7,1.947,direct,
SUI,2024-11-04,1.965,1.793,1.947,26315240.69,49475537.78,1.849,direct,
SUI,2024-11-05,2.068,1.841,1.849,35803547.11,70276564.87,2.01,direct,
SUI,2024-11-06,2.353,2.001,2.01,99805121.34,223614766.16,2.306,direct,
SUI,2024-11-07,2.389,2.21,2.306,44819309.24,103455290.47,2.32,direct,
SUI,2024-11-08,2.385,2.207,2.32,35562525.23,81633249.6,2.29,direct,
SUI,2024-11-09,2.848,2.231,2.29,64354353.94,161527623.79,2.74,direct,
SUI,2024-11-10,3.154,2.694,2.74,93599844.26,275213117.23,3.035,direct,
SUI,2024-11-11,3.318,3.027,3.035,81233131.31,260092344.76,3.278,direct,
SUI,2024-11-12,3.331,2.829,3.278,69159124.43,214079911.97,3.216,direct,
SUI,2024-11-13,3.445,2.856,3.216,68838018.32,219265547.76,3.309,direct,
SUI,2024-11-14,3.529,3.228,3.309,53805110.21,181160733.44,3.354,direct,
SUI,2024-11-15,3.68,3.104,3.354,40791057.85,138012919.98,3.611,direct,
SUI,2024-11-16,3.936,3.581,3.611,49830593.55,187251108.56,3.762,direct,
SUI,2024-11-17,3.943,3.578,3.762,38706887.89,145557890.52,3.785,direct,
SUI,2024-11-18,3.908,3.609,3.785,33729279.62,126259154.69,3.701,direct,
SUI,2024-11-19,3.853,3.61,3.701,28816732.71,107323029.54,3.729,direct,
SUI,2024-11-20,3.847,3.422,3.729,43331480.91,158478975.5,3.528,direct,
SUI,2024-11-21,3.697,3.326,3.528,49086350.86,174245443.07,3.629,direct,
SUI,2024-11-22,3.659,3.394,3.629,40506883.91,142800666.63,3.569,direct,
SUI,2024-11-23,3.664,3.344,3.569,37952745.49,134034921.07,3.44,direct,
SUI,2024-11-24,3.574,3.15,3.44,30526498.14,102916173.5,3.396,direct,
SUI,2024-11-25,3.487,3.101,3.396,46923883.54,153146560.99,3.192,direct,
SUI,2024-11-26,3.548,2.972,3.192,56998830.85,186814798.12,3.493,direct,
SUI,2024-11-27,3.508,3.273,3.493,35670839.44,121100252.3,3.437,direct,
SUI,2024-11-28,3.657,3.396,3.437,27821017.07,97738565.71,3.444,direct,
SUI,2024-11-29,3.557,3.359,3.444,24497171.59,84665870.19,3.487,direct,
SUI,2024-11-30,3.535,3.411,3.487,17250024.93,59869100.54,3.478,direct,
SUI,2024-12-01,3.536,3.336,3.478,16875211.85,58046003.76,3.478,direct,
SUI,2024-12-02,3.492,3.175,3.478,34017049.03,112048818.34,3.393,direct,
SUI,2024-12-03,3.879,3.322,3.393,65225375.67,239035750.34,3.698,direct,
SUI,2024-12-04,3.797,3.525,3.698,36196864.17,132923328.08,3.68,direct,
SUI,2024-12-05,4.464,3.531,3.68,85217059.73,347377585.23,4.232,direct,
SUI,2024-12-06,4.49,4.083,4.232,44907905.75,190718423.38,4.224,direct,
SUI,2024-12-07,4.451,4.162,4.224,27858484.33,119931992.92,4.263,direct,
SUI,2024-12-08,4.402,4.124,4.263,17372307.41,73583665.92,4.236,direct,
SUI,2024-12-09,4.273,3.417,4.236,50114099.96,196800246.17,3.84,direct,
SUI,2024-12-10,3.9,3.465,3.84,48224242.37,178609725.73,3.716,direct,
SUI,2024-12-11,4.409,3.57,3.716,50551149.33,203130028.43,4.375,direct,
SUI,2024-12-12,4.878,4.358,4.375,56842932.31,266581938.53,4.622,direct,
SUI,2024-12-13,4.928,4.542,4.622,32926357.21,156214432.98,4.763,direct,
SUI,2024-12-14,4.845,4.353,4.763,20768622.64,95393637.14,4.459,direct,
SUI,2024-12-15,4.847,4.353,4.459,33008731.75,152112413.55,4.783,direct,
SUI,2024-12-16,4.957,4.599,4.783,32851844.76,156380556.3,4.629,direct,
SUI,2024-12-17,4.869,4.567,4.629,22662459.99,106520798.86,4.642,direct,
SUI,2024-12-18,4.761,4.259,4.642,32350206.23,145476176.6,4.333,direct,
SUI,2024-12-19,4.593,3.931,4.333,57926905.32,244385606.71,4.072,direct,
SUI,2024-12-20,4.61,3.49,4.072,70991697.53,289595728.77,4.58,direct,
SUI,2024-12-21,4.907,4.229,4.58,46486547.42,213718784.77,4.36,direct,
SUI,2024-12-22,4.591,4.158,4.36,35251986.36,153818134.51,4.322,direct,
SUI,2024-12-23,4.751,4.102,4.322,45746628.61,200426245.54,4.711,direct,
SUI,2024-12-24,4.752,4.458,4.711,32610884.24,150758329.42,4.603,direct,
SUI,2024-12-25,4.64,4.451,4.603,14466237.67,65750381.11,4.496,direct,
SUI,2024-12-26,4.53,4.145,4.496,21981613.22,94145773.81,4.197,direct,
SUI,2024-12-27,4.412,4.05,4.197,23312847.0,97972558.98,4.077,direct,
SUI,2024-12-28,4.258,3.972,4.077,17029064.43,69825444.71,4.206,direct,
SUI,2024-12-29,4.272,4.046,4.206,11114305.54,46110326.2,4.085,direct,
SUI,2024-12-30,4.37,3.941,4.085,28383251.43,117717968.42,4.175,direct,
SUI,2024-12-31,4.34,4.042,4.175,18668747.65,78425301.81,4.115,direct,
SUI,2025-01-01,4.31,4.04,4.115,13884565.56,58052465.09,4.274,direct,
SUI,2025-01-02,4.46,4.249,4.274,15593272.95,67967238.74,4.348,direct,
SUI,2025-01-03,4.987,4.275,4.348,29885937.24,139020058.2,4.983,direct,
SUI,2025-01-04,5.357,4.839,4.983,36650088.3,188137742.03,5.29,direct,
SUI,2025-01-05,5.325,5.117,5.29,14817571.53,77243774.42,5.243,direct,
SUI,2025-01-06,5.369,5.024,5.243,23540098.65,122478643.87,5.092,direct,
SUI,2025-01-07,5.172,4.749,5.092,27234183.53,134724451.97,4.786,direct,
SUI,2025-01-08,4.918,4.384,4.786,38347312.42,178180547.82,4.897,direct,
SUI,2025-01-09,4.897,4.497,4.897,30812994.01,145510144.6,4.75,direct,
SUI,2025-01-10,5.249,4.732,4.75,44156030.96,222110978.63,5.121,direct,
SUI,2025-01-11,5.14,4.901,5.121,16937796.41,84925005.27,4.967,direct,
SUI,2025-01-12,4.98,4.691,4.967,13862139.9,66711211.16,4.731,direct,
SUI,2025-01-13,4.858,4.264,4.731,52570536.71,238133134.27,4.746,direct,
SUI,2025-01-14,4.763,4.539,4.746,28677491.61,132538145.77,4.584,direct,
SUI,2025-01-15,4.892,4.431,4.584,36825988.29,172569770.43,4.835,direct,
SUI,2025-01-16,5.056,4.58,4.835,38420966.72,183398993.84,4.749,direct,
SUI,2025-01-17,4.97,4.711,4.749,29693439.67,144307425.21,4.839,direct,
SUI,2025-01-18,5.137,4.609,4.839,33702536.06,163786778.62,5.0,direct,
SUI,2025-01-19,5.022,4.4,5.0,46831635.16,224548472.37,4.503,direct,
SUI,2025-01-20,4.839,4.299,4.503,49150091.35,222089542.67,4.413,direct,
SUI,2025-01-21,4.798,4.226,4.413,30209633.83,135452900.01,4.66,direct,
SUI,2025-01-22,4.704,4.451,4.66,15773774.73,72231637.81,4.468,direct,
SUI,2025-01-23,4.477,4.151,4.468,28040544.68,121698458.04,4.305,direct,
SUI,2025-01-24,4.484,4.161,4.305,27155579.13,117623612.32,4.202,direct,
SUI,2025-01-25,4.258,4.099,4.202,18657217.84,77727839.59,4.129,direct,
SUI,2025-01-26,4.221,3.855,4.129,24314335.92,99080935.49,3.87,direct,
SUI,2025-01-27,4.017,3.495,3.87,72051718.31,268747568.49,3.963,direct,
SUI,2025-01-28,4.014,3.607,3.963,26888006.0,102312384.03,3.651,direct,
SUI,2025-01-29,3.891,3.601,3.651,38289226.82,142897643.32,3.699,direct,
SUI,2025-01-30,4.215,3.666,3.699,39678478.31,160641508.24,4.121,direct,
SUI,2025-01-31,4.289,4.009,4.121,29340415.7,122026801.74,4.087,direct,
SUI,2025-02-01,4.117,3.722,4.087,19244256.11,75183577.21,3.734,direct,
SUI,2025-02-02,3.857,3.082,3.734,45531451.11,157692656.78,3.307,direct,
SUI,2025-02-03,3.836,2.395,3.307,133767217.96,421356594.59,3.654,direct,
SUI,2025-02-04,3.902,3.279,3.654,56656999.56,202386256.33,3.596,direct,
SUI,2025-02-05,3.719,3.304,3.596,34353773.62,120398492.29,3.331,direct,
SUI,2025-02-06,3.513,3.105,3.331,41715415.84,137698532.34,3.137,direct,
SUI,2025-02-07,3.393,2.906,3.137,51201050.86,160716101.84,3.015,direct,
SUI,2025-02-08,3.089,2.884,3.015,22157843.94,66097562.37,3.063,direct,
SUI,2025-02-09,3.184,2.868,3.063,26331827.85,80126724.33,2.995,direct,
SUI,2025-02-10,3.313,2.903,2.995,37143976.82,117489066.54,3.216,direct,
SUI,2025-02-11,3.59,3.203,3.216,38435052.59,131173014.79,3.326,direct,
SUI,2025-02-12,3.69,3.091,3.326,45396953.84,152702126.75,3.583,direct,
SUI,2025-02-13,3.659,3.41,3.583,24453921.64,86105538.82,3.468,direct,
SUI,2025-02-14,3.739,3.428,3.468,22800849.58,82074488.31,3.553,direct,
SUI,2025-02-15,3.599,3.372,3.553,12705663.55,43943867.76,3.419,direct,
SUI,2025-02-16,3.463,3.257,3.419,14120962.29,47109479.86,3.27,direct,
SUI,2025-02-17,3.357,3.145,3.27,20898295.29,67876448.59,3.217,direct,
SUI,2025-02-18,3.233,2.912,3.217,39554023.68,121238438.91,3.063,direct,
SUI,2025-02-19,3.26,3.006,3.063,28010616.36,88439305.88,3.218,direct,
SUI,2025-02-20,3.482,3.189,3.218,25275311.4,84742910.63,3.452,direct,
SUI,2025-02-21,3.571,3.221,3.452,40426651.53,137475275.31,3.267,direct,
SUI,2025-02-22,3.455,3.251,3.267,14340859.1,48447332.56,3.422,direct,
SUI,2025-02-23,3.487,3.284,3.422,12084093.56,40706367.79,3.378,direct,
SUI,2025-02-24,3.451,2.799,3.378,47340824.57,146821630.57,2.829,direct,
SUI,2025-02-25,3.012,2.634,2.829,65847524.72,185090932.38,2.954,direct,
SUI,2025-02-26,3.092,2.741,2.954,43486419.31,126924984.86,2.877,direct,
SUI,2025-02-27,2.977,2.753,2.877,21604343.6,61729093.06,2.786,direct,
SUI,2025-02-28,2.855,2.519,2.786,42513279.05,113775959.82,2.83,direct,
SUI,2025-03-01,2.924,2.781,2.83,15835857.27,44977033.97,2.818,direct,
SUI,2025-03-02,3.253,2.791,2.818,36551383.31,112417136.84,3.194,direct,
SUI,2025-03-03,3.205,2.582,3.194,36753496.03,104306298.07,2.617,direct,
SUI,2025-03-04,2.65,2.256,2.617,47747842.21,116861564.58,2.526,direct,
SUI,2025-03-05,2.692,2.439,2.526,32084624.06,81678836.26,2.633,direct,
SUI,2025-03-06,3.074,2.588,2.633,57716411.96,162309314.81,2.736,direct,
SUI,2025-03-07,2.889,2.561,2.736,50177819.86,136548757.83,2.581,direct,
SUI,2025-03-08,2.628,2.471,2.581,14695473.25,37549192.44,2.481,direct,
SUI,2025-03-09,2.524,2.251,2.481,28773034.42,68024878.92,2.288,direct,
SUI,2025-03-10,2.448,2.056,2.288,49267651.78,108896792.79,2.088,direct,
SUI,2025-03-11,2.306,1.962,2.088,55354143.89,119370385.94,2.227,direct,
SUI,2025-03-12,2.374,2.171,2.227,34673661.93,78322209.96,2.286,direct,
SUI,2025-03-13,2.341,2.113,2.286,29923187.64,66639988.58,2.162,direct,
SUI,2025-03-14,2.386,2.159,2.162,30184502.3,69077428.53,2.325,direct,
SUI,2025-03-15,2.426,2.3,2.325,16621896.41,39099765.12,2.353,direct,
SUI,2025-03-16,2.367,2.204,2.353,15282126.24,34581927.51,2.231,direct,
SUI,2025-03-17,2.32,2.229,2.231,8825328.96,20162022.74,2.301,direct,
USDC,2024-03-17,1.008,0.9441,0.9999,29362.49,29367.51,1.0,invert_divide,BTC
USDC,2024-03-18,1.019,0.9848,1.0,38542.52,38539.77,0.9999,invert_divide,BTC
USDC,2024-03-19,1.1,0.994,0.9999,75848.91,75876.14,1.0,invert_divide,BTC
USDC,2024-03-20,1.004,0.8959,1.0,69671.19,69682.09,1.0,invert_divide,BTC
USDC,2024-03-21,1.042,0.9857,1.0,38234.75,38239.21,1.0,invert_divide,BTC
USDC,2024-03-22,1.044,0.9767,1.0,37343.35,37347.04,1.0,invert_divide,BTC
USDC,2024-03-23,1.031,0.9847,1.0,19360.47,19359.7,1.0,invert_divide,BTC
USDC,2024-03-24,1.006,0.9493,1.0,19120.87,19120.25,1.0,invert_divide,BTC
USDC,2024-03-25,1.019,0.95,1.0,46100.6,46097.78,0.9999,invert_divide,BTC
USDC,2024-03-26,1.022,0.9901,0.9999,32990.33,32991.03,1.0,invert_divide,BTC
USDC,2024-03-27,1.034,0.9849,1.0,40450.72,40452.63,1.0,invert_divide,BTC
USDC,2024-03-28,1.011,0.9727,1.0,31346.01,31341.32,0.9999,invert_divide,BTC
USDC,2024-03-29,1.015,0.988,0.9999,17382.89,17384.84,1.0,invert_divide,BTC
USDC,2024-03-30,1.011,0.9996,1.0,7371.14,7372.59,1.0,invert_divide,BTC
USDC,2024-03-31,1.001,0.9763,1.0,10567.65,10570.78,1.0,invert_divide,BTC
USDC,2024-04-01,1.024,0.9769,1.0,28892.19,28894.2,1.0,invert_divide,BTC
USDC,2024-04-02,1.064,0.9861,1.0,48905.67,48894.38,0.9998,invert_divide,BTC
USDC,2024-04-03,1.014,0.9777,0.9998,27792.87,27791.8,1.0,invert_divide,BTC
USDC,2024-04-04,1.012,0.9499,1.0,36673.5,36677.34,1.0,invert_divide,BTC
USDC,2024-04-05,1.014,0.9727,1.0,32904.8,32910.29,1.0,invert_divide,BTC
USDC,2024-04-06,1.011,0.9792,1.0,11314.76,11313.76,0.9999,invert_divide,BTC
USDC,2024-04-07,1.014,0.9931,0.9999,13691.75,13691.44,1.0,invert_divide,BTC
USDC,2024-04-08,1.016,0.9643,1.0,36459.33,36461.79,1.0,invert_divide,BTC
USDC,2024-04-09,1.038,0.9868,1.0,34538.71,34541.56,1.0,invert_divide,BTC
USDC,2024-04-10,1.007,0.9554,1.0,37142.44,37140.17,0.9999,invert_divide,BTC
USDC,2024-04-11,1.018,0.9934,0.9999,24988.45,24990.72,1.0,invert_divide,BTC
USDC,2024-04-12,1.061,0.9719,1.0,49331.17,49342.01,1.0,invert_divide,BTC
USDC,2024-04-13,1.069,0.9541,1.0,56915.71,56920.54,1.0,invert_divide,BTC
USDC,2024-04-14,1.002,0.9467,1.0,40968.04,40989.49,1.001,invert_divide,BTC
USDC,2024-04-15,1.055,0.9824,1.001,40978.19,40981.4,1.0,invert_divide,BTC
USDC,2024-04-16,1.009,0.9662,1.0,35542.55,35544.08,1.0,invert_divide,BTC
USDC,2024-04-17,1.053,0.974,1.0,41504.19,41509.85,1.0,invert_divide,BTC
USDC,2024-04-18,1.011,0.9578,1.0,31452.84,31455.07,1.0,invert_divide,BTC
USDC,2024-04-19,1.026,0.9336,1.0,46058.39,46061.24,1.0,invert_divide,BTC
USDC,2024-04-20,1.007,0.9719,1.0,13464.03,13466.53,1.0,invert_divide,BTC
USDC,2024-04-21,1.012,0.9896,1.0,13150.64,13152.04,1.0,invert_divide,BTC
USDC,2024-04-22,1.006,0.9654,1.0,22839.75,22842.29,1.0,invert_divide,BTC
USDC,2024-04-23,1.012,0.9912,1.0,17575.6,17574.68,0.9999,invert_divide,BTC
USDC,2024-04-24,1.044,0.9892,0.9999,28785.93,28790.8,1.0,invert_divide,BTC
USDC,2024-04-25,1.012,0.9732,1.0,26730.52,26729.61,1.0,invert_divide,BTC
USDC,2024-04-26,1.016,0.9931,1.0,19914.4,19915.12,1.0,invert_divide,BTC
USDC,2024-04-27,1.008,0.9841,1.0,12684.85,12688.06,1.0,invert_divide,BTC
USDC,2024-04-28,1.029,0.9954,1.0,205463.5,205456.57,1.0,invert_divide,ETH
USDC,2024-04-29,1.005,0.9675,1.0,21849.86,21850.55,1.0,invert_divide,BTC
USDC,2024-04-30,1.068,0.9749,1.0,41212.82,41221.36,1.0,invert_divide,BTC
USDC,2024-05-01,1.043,0.9699,1.0,52053.76,52062.31,1.0,invert_divide,BTC
USDC,2024-05-02,1.009,0.9639,1.0,29471.89,29479.88,1.0,invert_divide,BTC
USDC,2024-05-03,1.007,0.9353,1.0,35180.41,35187.04,1.0,invert_divide,BTC
USDC,2024-05-04,1.01,0.9794,1.0,16206.9,16207.39,1.0,invert_divide,BTC
USDC,2024-05-05,1.009,0.9827,1.0,12595.62,12597.34,1.0,invert_divide,BTC
USDC,2024-05-06,1.037,0.9928,1.0,24082.55,24081.61,1.0,invert_divide,BTC
USDC,2024-05-07,1.033,0.9992,1.0,20907.17,20907.27,1.0,invert_divide,BTC
USDC,2024-05-08,1.03,0.995,1.0,18593.4,18595.89,1.0,invert_divide,BTC
USDC,2024-05-09,1.006,0.9613,1.0,18440.55,18443.48,1.0,invert_divide,BTC
USDC,2024-05-10,1.044,0.99,1.0,25390.35,25391.44,1.0,invert_divide,BTC
USDC,2024-05-11,1.011,0.9943,1.0,8298.11,8298.4,1.0,invert_divide,BTC
USDC,2024-05-12,1.006,0.9862,1.0,8214.5,8215.6,1.0,invert_divide,BTC
USDC,2024-05-13,1.008,0.9656,1.0,21250.01,21252.39,1.0,invert_divide,BTC
USDC,2024-05-14,1.025,0.9926,1.0,26392.04,26392.02,1.0,invert_divide,BTC
USDC,2024-05-15,1.003,0.9258,1.0,40708.36,40710.89,1.0,invert_divide,BTC
USDC,2024-05-16,1.023,0.9901,1.0,24275.96,24277.25,1.0,invert_divide,BTC
USDC,2024-05-17,1.007,0.9713,1.0,23340.48,23342.0,1.0,invert_divide,BTC
USDC,2024-05-18,1.007,0.9956,1.0,8752.24,8752.29,1.0,invert_divide,BTC
USDC,2024-05-19,1.022,0.9942,1.0,9725.64,9726.38,1.0,invert_divide,BTC
USDC,2024-05-20,1.001,0.9248,1.0,38260.49,38253.66,0.9998,invert_divide,BTC
USDC,2024-05-21,1.013,0.957,0.9997,610857.21,610879.78,1.0,invert_divide,ETH
USDC,2024-05-22,1.022,0.9974,1.0,22981.44,22979.07,0.9999,invert_divide,BTC
USDC,2024-05-23,1.044,0.9376,1.0,669270.47,669323.57,1.0,invert_divide,ETH
USDC,2024-05-24,1.027,0.9735,1.0,288764.04,288759.39,1.0,invert_divide,ETH
USDC,2024-05-25,1.005,0.9887,1.0,5972.0,5972.34,1.0,invert_divide,BTC
USDC,2024-05-26,1.015,0.9757,1.0,161510.02,161503.26,1.0,invert_divide,ETH
USDC,2024-05-27,1.018,0.9834,1.0,13110.64,13112.59,1.0,invert_divide,BTC
USDC,2024-05-28,1.018,0.9836,1.0,22223.83,22225.39,1.0,invert_divide,BTC
USDC,2024-05-29,1.019,0.9931,1.0,16353.37,16356.6,1.0,invert_divide,BTC
USDC,2024-05-30,1.017,0.982,1.0,20828.64,20831.16,1.0,invert_divide,BTC
USDC,2024-05-31,1.023,0.9871,1.0,19922.04,19924.72,1.0,invert_divide,BTC
USDC,2024-06-01,1.004,0.9832,1.0,97005.74,97001.67,1.0,invert_divide,ETH
USDC,2024-06-02,1.01,0.9933,1.0,6731.43,6731.94,1.0,invert_divide,BTC
USDC,2024-06-03,1.022,0.9824,1.0,22783.46,22784.31,1.0,invert_divide,BTC
USDC,2024-06-04,1.008,0.9718,1.0,29746.55,29749.32,1.0,invert_divide,BTC
USDC,2024-06-05,1.009,0.9895,1.0,21737.62,21738.23,1.0,invert_divide,BTC
USDC,2024-06-06,1.012,0.9907,1.0,16078.4,16078.62,1.0,invert_divide,BTC
USDC,2024-06-07,1.038,0.9873,1.0,28318.21,28321.42,1.0,invert_divide,BTC
USDC,2024-06-08,1.004,0.9979,1.0,5753.02,5753.58,1.0,invert_divide,BTC
USDC,2024-06-09,1.003,0.9927,1.0,5137.66,5137.41,1.0,invert_divide,BTC
USDC,2024-06-10,1.01,0.9952,1.0,12116.49,12117.28,1.0,invert_divide,BTC
USDC,2024-06-11,1.033,0.9813,1.0,31800.9,31804.5,1.0,invert_divide,BTC
USDC,2024-06-12,1.026,0.9802,1.0,31159.85,31159.75,1.0,invert_divide,BTC
USDC,2024-06-13,1.025,0.9922,1.0,23051.5,23050.63,1.0,invert_divide,BTC
USDC,2024-06-14,1.02,0.9852,1.0,24684.72,24685.21,1.0,invert_divide,BTC
USDC,2024-06-15,1.007,0.9732,1.0,160975.62,160963.43,0.9999,invert_divide,ETH
USDC,2024-06-16,1.008,0.9772,0.9999,123587.85,123596.72,1.0,invert_divide,ETH
USDC,2024-06-17,1.012,0.9787,1.0,28974.78,28977.33,1.0,invert_divide,BTC
USDC,2024-06-18,1.022,0.9829,1.0,35263.17,35269.78,1.0,invert_divide,BTC
USDC,2024-06-19,1.007,0.9736,1.0,277087.04,277088.6,1.0,invert_divide,ETH
USDC,2024-06-20,1.025,0.9952,1.0,22559.77,22563.63,1.0,invert_divide,BTC
USDC,2024-06-21,1.014,0.9881,1.0,22310.94,22313.22,1.0,invert_divide,BTC
USDC,2024-06-22,1.007,0.9941,1.0,92237.39,92225.78,0.9999,invert_divide,ETH
USDC,2024-06-23,1.03,0.9962,0.9999,128959.72,128954.06,1.0,invert_divide,ETH
USDC,2024-06-24,1.051,0.9698,1.0,48177.24,48183.11,1.0,invert_divide,BTC
USDC,2024-06-25,1.01,0.9747,1.0,31697.13,31698.72,1.0,invert_divide,BTC
USDC,2024-06-26,1.027,0.9976,1.0,23423.63,23422.14,0.9999,invert_divide,BTC
USDC,2024-06-27,1.012,0.9828,0.9999,22562.67,22564.98,1.0,invert_divide,BTC
USDC,2024-06-28,1.031,0.9931,1.0,24288.31,24288.98,1.0,invert_divide,BTC
USDC,2024-06-29,1.004,0.9902,1.0,9214.26,9215.98,1.0,invert_divide,BTC
USDC,2024-06-30,1.004,0.9674,1.0,12626.61,12627.59,1.0,invert_divide,BTC
USDC,2024-07-01,1.015,0.9939,1.0,25708.72,25708.16,1.0,invert_divide,BTC
USDC,2024-07-02,1.019,0.9905,1.0,20510.77,20510.41,1.0,invert_divide,BTC
USDC,2024-07-03,1.034,0.9871,1.0,27365.92,27369.5,1.0,invert_divide,BTC
USDC,2024-07-04,1.059,0.9945,1.0,40351.82,40352.94,1.0,invert_divide,BTC
USDC,2024-07-05,1.015,0.9451,1.0,57490.15,57499.61,1.0,invert_divide,BTC
USDC,2024-07-06,1.004,0.9617,1.0,18766.95,18762.69,0.9998,invert_divide,BTC
USDC,2024-07-07,1.046,0.9978,0.9998,18402.28,18405.2,1.0,invert_divide,BTC
USDC,2024-07-08,1.026,0.9577,1.0,43439.51,43442.01,1.0,invert_divide,BTC
USDC,2024-07-09,1.004,0.9698,1.0,29452.6,29452.82,1.0,invert_divide,BTC
USDC,2024-07-10,1.03,0.9902,1.0,28064.27,28061.09,0.9999,invert_divide,BTC
USDC,2024-07-11,1.037,0.9952,0.9999,29764.17,29765.25,1.0,invert_divide,BTC
USDC,2024-07-12,1.011,0.9768,1.0,27242.71,27249.87,1.0,invert_divide,BTC
USDC,2024-07-13,1.011,0.9758,1.0,13963.3,13965.89,1.0,invert_divide,BTC
USDC,2024-07-14,1.01,0.974,1.0,20080.87,20085.12,1.0,invert_divide,BTC
USDC,2024-07-15,1.003,0.9371,1.0,43679.34,43680.52,1.0,invert_divide,BTC
USDC,2024-07-16,1.005,0.9594,1.0,38850.8,38856.07,1.0,invert_divide,BTC
USDC,2024-07-17,1.032,0.9965,1.0,28170.64,28171.86,1.0,invert_divide,BTC
USDC,2024-07-18,1.018,0.9883,1.0,21904.27,21903.43,1.0,invert_divide,BTC
USDC,2024-07-19,1.011,0.949,1.0,33756.81,33758.59,1.0,invert_divide,BTC
USDC,2024-07-20,1.007,0.987,1.0,12566.25,12566.17,1.0,invert_divide,BTC
USDC,2024-07-21,1.003,0.9659,1.0,18123.31,18126.16,1.0,invert_divide,BTC
USDC,2024-07-22,1.014,0.9857,1.0,26712.99,26716.55,1.0,invert_divide,BTC
USDC,2024-07-23,1.028,0.9927,1.0,29465.67,29462.45,0.9999,invert_divide,BTC
USDC,2024-07-24,1.027,0.9961,0.9999,21576.01,21577.7,1.0,invert_divide,BTC
USDC,2024-07-25,1.006,0.9641,1.0,29473.48,29474.94,1.0,invert_divide,BTC
USDC,2024-07-26,1.004,0.9679,1.0,24567.97,24571.4,1.0,invert_divide,BTC
USDC,2024-07-27,1.022,0.9819,1.0,26420.73,26419.88,1.0,invert_divide,BTC
USDC,2024-07-28,1.001,0.9826,1.0,11980.7,11982.11,1.0,invert_divide,BTC
USDC,2024-07-29,1.048,0.9947,1.0,33524.03,33521.16,0.9999,invert_divide,BTC
USDC,2024-07-30,1.012,0.9866,0.9999,24376.6,24375.15,0.9999,invert_divide,BTC
USDC,2024-07-31,1.034,0.9984,0.9999,24304.84,24306.49,1.0,invert_divide,BTC
USDC,2024-08-01,1.004,0.953,1.0,37045.09,37039.16,0.9998,invert_divide,BTC
USDC,2024-08-02,1.067,0.9958,0.9998,40943.43,40943.06,1.0,invert_divide,BTC
USDC,2024-08-03,1.024,0.9861,1.0,26176.07,26176.11,1.0,invert_divide,BTC
USDC,2024-08-04,1.05,0.9834,1.0,28092.97,28090.6,0.9999,invert_divide,BTC
USDC,2024-08-05,1.079,0.9108,0.9999,117153.32,117171.38,1.0,invert_divide,BTC
USDC,2024-08-06,1.018,0.9632,1.0,44255.76,44259.46,1.0,invert_divide,BTC
USDC,2024-08-07,1.047,0.9896,1.0,39691.91,39676.56,0.9996,invert_divide,BTC
USDC,2024-08-08,1.016,0.8873,0.9996,48215.66,48217.77,1.0,invert_divide,BTC
USDC,2024-08-09,1.015,0.9788,1.0,32998.38,33000.72,1.0,invert_divide,BTC
USDC,2024-08-10,1.013,0.9874,1.0,216883.19,216879.04,1.0,invert_divide,ETH
USDC,2024-08-11,1.064,0.9945,1.0,341708.96,341723.67,1.0,invert_divide,ETH
USDC,2024-08-12,1.023,0.9716,1.0,33285.38,33285.36,1.0,invert_divide,BTC
USDC,2024-08-13,1.016,0.9642,1.0,28787.92,28788.5,1.0,invert_divide,BTC
USDC,2024-08-14,1.053,0.9959,1.0,30973.89,30972.91,1.0,invert_divide,BTC
USDC,2024-08-15,1.04,0.9753,1.0,34692.53,34690.91,1.0,invert_divide,BTC
USDC,2024-08-16,1.016,0.9696,1.0,29186.89,29186.26,1.0,invert_divide,BTC
USDC,2024-08-17,1.003,0.9884,1.0,9691.68,9690.83,0.9999,invert_divide,BTC
USDC,2024-08-18,1.032,0.9999,0.9999,13915.75,13916.3,1.0,invert_divide,BTC
USDC,2024-08-19,1.003,0.9725,1.0,24222.4,24223.69,1.0,invert_divide,BTC
USDC,2024-08-20,1.041,0.9927,1.0,31292.98,31296.51,1.0,invert_divide,BTC
USDC,2024-08-21,1.011,0.9613,1.0,38408.34,38406.31,0.9999,invert_divide,BTC
USDC,2024-08-22,1.017,0.9894,0.9999,28924.51,28920.81,0.9999,invert_divide,BTC
USDC,2024-08-23,1.014,0.9416,0.9999,42020.68,42014.18,0.9998,invert_divide,BTC
USDC,2024-08-24,1.005,0.9907,0.9998,15286.56,15285.01,0.9999,invert_divide,BTC
USDC,2024-08-25,1.012,0.9933,0.9999,12753.39,12754.86,1.0,invert_divide,BTC
USDC,2024-08-26,1.026,0.9995,1.0,27037.83,27037.98,1.0,invert_divide,BTC
USDC,2024-08-27,1.064,0.9766,1.0,39241.27,39246.14,1.0,invert_divide,BTC
USDC,2024-08-28,1.02,0.9799,1.0,38043.04,38036.06,0.9998,invert_divide,BTC
USDC,2024-08-29,1.031,0.9894,0.9998,34345.83,34348.35,1.0,invert_divide,BTC
USDC,2024-08-30,1.014,0.9764,1.0,35023.22,35027.24,1.0,invert_divide,BTC
USDC,2024-08-31,1.008,0.9964,1.0,8035.77,8038.6,1.0,invert_divide,BTC
USDC,2024-09-01,1.031,0.9986,1.0,22352.53,22359.41,1.0,invert_divide,BTC
USDC,2024-09-02,1.005,0.9661,1.0,23766.29,23769.61,1.0,invert_divide,BTC
USDC,2024-09-03,1.041,0.9989,1.0,26568.4,26572.27,1.0,invert_divide,BTC
USDC,2024-09-04,1.01,0.9595,1.0,43027.18,43027.83,1.0,invert_divide,BTC
USDC,2024-09-05,1.039,0.9909,1.0,38784.5,38788.35,1.0,invert_divide,BTC
USDC,2024-09-06,1.057,0.9741,1.0,69521.39,69528.23,1.0,invert_divide,BTC
USDC,2024-09-07,1.013,0.9924,1.0,17050.67,17054.55,1.0,invert_divide,BTC
USDC,2024-09-08,1.008,0.9773,1.0,19159.79,19160.89,1.0,invert_divide,BTC
USDC,2024-09-09,1.017,0.9568,1.0,42637.41,42637.81,1.0,invert_divide,BTC
USDC,2024-09-10,1.007,0.9784,1.0,33391.45,33390.38,1.0,invert_divide,BTC
USDC,2024-09-11,1.011,0.9688,1.0,55576.26,55584.49,1.0,invert_divide,BTC
USDC,2024-09-12,1.008,0.9862,1.0,40914.83,40918.45,1.0,invert_divide,BTC
USDC,2024-09-13,1.002,0.9521,1.0,40546.37,40554.57,1.0,invert_divide,BTC
USDC,2024-09-14,1.011,0.9903,1.0,15042.25,15042.39,1.0,invert_divide,BTC
USDC,2024-09-15,1.022,0.9926,1.0,19176.34,19178.41,1.0,invert_divide,BTC
USDC,2024-09-16,1.017,0.9875,1.0,33106.34,33104.43,0.9999,invert_divide,BTC
USDC,2024-09-17,1.017,0.9552,0.9999,40712.51,40709.2,0.9999,invert_divide,BTC
USDC,2024-09-18,1.0,0.9581,0.9999,48151.29,48154.49,1.0,invert_divide,BTC
USDC,2024-09-19,1.015,0.978,1.0,46829.96,46826.77,0.9999,invert_divide,BTC
USDC,2024-09-20,1.015,0.9863,0.9999,34617.55,34616.86,1.0,invert_divide,BTC
USDC,2024-09-21,1.004,0.9679,1.0,350291.99,350318.8,1.0,invert_divide,ETH
USDC,2024-09-22,1.007,0.9813,1.0,18884.06,18884.94,1.0,invert_divide,BTC
USDC,2024-09-23,1.022,0.9881,1.0,27280.27,27282.0,1.0,invert_divide,BTC
USDC,2024-09-24,1.007,0.9756,1.0,32160.64,32160.14,1.0,invert_divide,BTC
USDC,2024-09-25,1.027,0.9968,1.0,23967.21,23968.24,1.0,invert_divide,BTC
USDC,2024-09-26,1.01,0.9613,1.0,43302.56,43301.64,1.0,invert_divide,BTC
USDC,2024-09-27,1.011,0.9855,1.0,36162.6,36160.69,0.9999,invert_divide,BTC
USDC,2024-09-28,1.011,0.9904,1.0,253740.82,253730.39,1.0,invert_divide,ETH
USDC,2024-09-29,1.01,0.9912,1.0,336903.96,336896.36,1.0,invert_divide,ETH
USDC,2024-09-30,1.037,0.9927,0.9999,42396.01,42400.75,1.0,invert_divide,BTC
USDC,2024-10-01,1.054,0.9893,1.0,67326.52,67311.29,0.9998,invert_divide,BTC
USDC,2024-10-02,1.029,0.9891,0.9998,55652.18,55654.06,1.0,invert_divide,BTC
USDC,2024-10-03,1.012,0.9851,1.0,50457.09,50453.51,0.9999,invert_divide,BTC
USDC,2024-10-04,1.006,0.9737,0.9999,38904.7,38905.34,1.0,invert_divide,BTC
USDC,2024-10-05,1.005,0.994,1.0,10082.43,10082.07,1.0,invert_divide,BTC
USDC,2024-10-06,1.002,0.984,1.0,13418.93,13419.51,1.0,invert_divide,BTC
USDC,2024-10-07,1.036,0.9986,1.0,41062.64,41058.83,0.9999,invert_divide,BTC
USDC,2024-10-08,1.017,0.9953,0.9999,33506.88,33508.44,1.0,invert_divide,BTC
USDC,2024-10-09,1.032,0.9945,1.0,37528.72,37528.38,1.0,invert_divide,BTC
USDC,2024-10-10,1.016,0.9766,1.0,42405.42,42406.62,1.0,invert_divide,BTC
USDC,2024-10-11,1.014,0.9603,1.0,36112.65,36108.87,0.9999,invert_divide,BTC
USDC,2024-10-12,1.004,0.9885,0.9999,15673.6,15673.5,1.0,invert_divide,BTC
USDC,2024-10-13,1.007,0.987,1.0,16786.01,16786.97,1.0,invert_divide,BTC
USDC,2024-10-14,1.006,0.9449,1.0,50393.51,50386.18,0.9999,invert_divide,BTC
USDC,2024-10-15,1.013,0.966,0.9999,51909.81,51905.99,0.9999,invert_divide,BTC
USDC,2024-10-16,1.012,0.9872,0.9999,42024.2,42024.18,1.0,invert_divide,BTC
USDC,2024-10-17,1.008,0.9887,1.0,32062.99,32063.69,1.0,invert_divide,BTC
USDC,2024-10-18,1.009,0.9815,1.0,36869.58,36865.64,0.9999,invert_divide,BTC
USDC,2024-10-19,1.004,0.9946,0.9999,7712.36,7711.67,0.9999,invert_divide,BTC
USDC,2024-10-20,1.005,0.9865,0.9999,11999.25,11998.78,1.0,invert_divide,BTC
USDC,2024-10-21,1.032,0.9919,1.0,36536.85,36535.97,1.0,invert_divide,BTC
USDC,2024-10-22,1.006,0.9873,1.0,32484.74,32482.62,0.9999,invert_divide,BTC
USDC,2024-10-23,1.012,0.9784,0.9999,32488.79,32489.37,1.0,invert_divide,BTC
USDC,2024-10-24,1.009,0.9749,1.0,31715.51,31714.91,1.0,invert_divide,BTC
USDC,2024-10-25,1.033,0.9841,1.0,43824.41,43828.78,1.0,invert_divide,BTC
USDC,2024-10-26,1.005,0.9899,1.0,14159.11,14158.26,0.9999,invert_divide,BTC
USDC,2024-10-27,1.004,0.9838,0.9999,12105.31,12104.13,0.9999,invert_divide,BTC
USDC,2024-10-28,1.004,0.9658,0.9999,42091.94,42088.77,0.9999,invert_divide,BTC
USDC,2024-10-29,1.012,0.9586,0.9999,58289.36,58281.32,0.9999,invert_divide,BTC
USDC,2024-10-30,1.008,0.9872,0.9999,38392.15,38391.42,1.0,invert_divide,BTC
USDC,2024-10-31,1.035,0.9911,1.0,39358.14,39356.01,0.9999,invert_divide,BTC
USDC,2024-11-01,1.031,0.9898,0.9999,49030.12,49037.29,1.0,invert_divide,BTC
USDC,2024-11-02,1.008,0.995,1.0,10811.2,10810.74,1.0,invert_divide,BTC
USDC,2024-11-03,1.009,0.9813,1.0,29674.18,29674.51,1.0,invert_divide,BTC
USDC,2024-11-04,1.024,0.985,1.0,43141.35,43140.33,1.0,invert_divide,BTC
USDC,2024-11-05,1.017,0.972,1.0,47211.37,47214.04,1.0,invert_divide,BTC
USDC,2024-11-06,1.011,0.916,1.0,116207.84,116195.2,0.9999,invert_divide,BTC
USDC,2024-11-07,1.014,0.9809,0.9999,58490.52,58489.67,1.0,invert_divide,BTC
USDC,2024-11-08,1.009,0.9881,1.0,48629.32,48625.89,0.9999,invert_divide,BTC
USDC,2024-11-09,1.01,0.9453,1.0,674864.79,674806.54,0.9999,invert_divide,ETH
USDC,2024-11-10,1.014,0.9517,1.0,57715.18,57715.58,1.0,invert_divide,BTC
USDC,2024-11-11,1.01,0.9045,1.0,104407.32,104400.47,0.9999,invert_divide,BTC
USDC,2024-11-12,1.022,0.967,0.9999,117605.91,117615.02,1.0,invert_divide,BTC
USDC,2024-11-13,1.033,0.9532,1.0,124766.84,124776.88,1.0,invert_divide,BTC
USDC,2024-11-14,1.051,0.9926,1.0,81846.21,81853.37,1.0,invert_divide,BTC
USDC,2024-11-15,1.009,0.9567,1.0,71049.87,71048.39,1.0,invert_divide,BTC
USDC,2024-11-16,1.013,0.9942,1.0,27488.76,27492.65,1.0,invert_divide,BTC
USDC,2024-11-17,1.018,0.9874,1.0,30966.65,30973.81,1.0,invert_divide,BTC
USDC,2024-11-18,1.024,0.9672,1.0,66007.84,66004.29,0.9999,invert_divide,BTC
USDC,2024-11-19,1.018,0.9783,0.9999,64909.54,64908.51,1.0,invert_divide,BTC
USDC,2024-11-20,1.007,0.9708,1.0,70180.2,70187.62,1.0,invert_divide,BTC
USDC,2024-11-21,1.006,0.9565,1.0,89243.49,89241.44,1.0,invert_divide,BTC
USDC,2024-11-22,1.008,0.9818,1.0,74286.51,74289.68,1.0,invert_divide,BTC
USDC,2024-11-23,1.013,0.9944,1.0,29017.14,29015.99,1.0,invert_divide,BTC
USDC,2024-11-24,1.007,0.9772,1.0,30269.68,30269.37,1.0,invert_divide,BTC
USDC,2024-11-25,1.064,0.9955,1.0,68259.16,68268.52,1.0,invert_divide,BTC
USDC,2024-11-26,1.034,0.987,1.0,77087.79,77071.51,0.9998,invert_divide,BTC
USDC,2024-11-27,1.015,0.9562,0.9998,47765.92,47766.04,1.0,invert_divide,BTC
USDC,2024-11-28,1.011,0.9897,1.0,24214.5,24216.14,1.0,invert_divide,BTC
USDC,2024-11-29,1.013,0.9784,1.0,39884.8,39889.01,1.0,invert_divide,BTC
USDC,2024-11-30,1.009,0.9631,1.0,602183.58,602172.21,1.0,invert_divide,ETH
USDC,2024-12-01,1.006,0.9844,1.0,17120.23,17121.5,1.0,invert_divide,BTC
USDC,2024-12-02,1.025,0.985,1.0,52454.21,52454.11,1.0,invert_divide,BTC
USDC,2024-12-03,1.004,0.9757,1.0,52781.2,52783.42,1.0,invert_divide,BTC
USDC,2024-12-04,1.005,0.9587,1.0,59092.55,59095.78,1.0,invert_divide,BTC
USDC,2024-12-05,1.072,0.9453,1.0,119875.78,119883.35,1.0,invert_divide,BTC
USDC,2024-12-06,1.022,0.9652,1.0,56899.66,56898.91,1.0,invert_divide,BTC
USDC,2024-12-07,1.006,0.9909,1.0,17306.94,17305.02,0.9999,invert_divide,BTC
USDC,2024-12-08,1.002,0.9757,0.9999,17851.82,17852.43,1.0,invert_divide,BTC
USDC,2024-12-09,1.041,0.9716,1.0,69981.57,69989.36,1.0,invert_divide,BTC
USDC,2024-12-10,1.017,0.9754,1.0,68661.05,68659.17,1.0,invert_divide,BTC
USDC,2024-12-11,1.008,0.9459,1.0,55047.48,55045.67,1.0,invert_divide,BTC
USDC,2024-12-12,1.026,0.9928,1.0,47200.64,47207.59,1.0,invert_divide,BTC
USDC,2024-12-13,1.005,0.9782,1.0,34639.86,34636.73,0.9999,invert_divide,BTC
USDC,2024-12-14,1.012,0.9922,0.9999,16577.72,16578.87,1.0,invert_divide,BTC
USDC,2024-12-15,1.007,0.9693,1.0,24799.66,24796.17,0.9999,invert_divide,BTC
USDC,2024-12-16,1.016,0.9737,0.9999,60439.19,60437.81,1.0,invert_divide,BTC
USDC,2024-12-17,1.021,0.9922,1.0,40879.26,40878.79,1.0,invert_divide,BTC
USDC,2024-12-18,1.063,0.9979,1.0,75094.41,75085.81,0.9999,invert_divide,BTC
USDC,2024-12-19,1.055,0.9812,0.9999,80969.49,80967.29,1.0,invert_divide,BTC
USDC,2024-12-20,1.004,0.9425,1.0,84967.2,84971.31,1.0,invert_divide,BTC
USDC,2024-12-21,1.024,0.9912,1.0,29797.52,29795.36,0.9999,invert_divide,BTC
USDC,2024-12-22,1.024,0.9905,0.9999,29661.75,29663.27,1.0,invert_divide,BTC
USDC,2024-12-23,1.017,0.9747,1.0,57639.3,57637.96,1.0,invert_divide,BTC
USDC,2024-12-24,1.009,0.9477,1.0,40945.61,40949.94,1.0,invert_divide,BTC
USDC,2024-12-25,1.001,0.9821,1.0,21801.56,21802.74,1.0,invert_divide,BTC
USDC,2024-12-26,1.044,0.994,1.0,38437.52,38441.59,1.0,invert_divide,BTC
USDC,2024-12-27,1.034,0.9905,1.0,47149.3,47152.68,1.0,invert_divide,BTC
USDC,2024-12-28,1.004,0.9882,1.0,14159.69,14160.82,1.0,invert_divide,BTC
USDC,2024-12-29,1.017,0.9924,1.0,17921.9,17922.9,1.0,invert_divide,BTC
USDC,2024-12-30,1.025,0.9858,1.0,56846.06,56857.0,1.0,invert_divide,BTC
USDC,2024-12-31,1.029,0.984,1.0,38897.74,38897.18,1.0,invert_divide,BTC
USDC,2025-01-01,1.006,0.9823,1.0,19153.02,19152.51,1.0,invert_divide,BTC
USDC,2025-01-02,1.009,0.9721,1.0,38283.3,38284.67,1.0,invert_divide,BTC
USDC,2025-01-03,1.008,0.9784,1.0,28427.3,28426.17,1.0,invert_divide,BTC
USDC,2025-01-04,1.006,0.993,1.0,9919.49,9919.49,1.0,invert_divide,BTC
USDC,2025-01-05,1.005,0.9888,1.0,9872.68,9872.5,1.0,invert_divide,BTC
USDC,2025-01-06,1.003,0.9573,1.0,46146.96,46150.8,1.0,invert_divide,BTC
USDC,2025-01-07,1.06,0.9914,1.0,54319.14,54317.72,1.0,invert_divide,BTC
USDC,2025-01-08,1.023,0.9731,1.0,57721.92,57726.29,1.0,invert_divide,BTC
USDC,2025-01-09,1.03,0.9854,1.0,50519.28,50518.61,1.0,invert_divide,BTC
USDC,2025-01-10,1.012,0.9736,1.0,55479.83,55479.84,1.0,invert_divide,BTC
USDC,2025-01-11,1.004,0.9921,1.0,9594.23,9593.78,1.0,invert_divide,BTC
USDC,2025-01-12,1.009,0.9913,1.0,10865.93,10866.32,1.0,invert_divide,BTC
USDC,2025-01-13,1.015,0.9434,1.0,67978.59,67987.56,1.0,invert_divide,BTC
USDC,2025-01-14,1.009,0.9772,1.0,44347.27,44346.12,1.0,invert_divide,BTC
USDC,2025-01-15,1.002,0.9597,1.0,43167.2,43166.29,1.0,invert_divide,BTC
USDC,2025-01-16,1.009,0.9729,1.0,43426.87,43425.77,1.0,invert_divide,BTC
USDC,2025-01-17,1.017,0.9599,1.0,54200.85,54199.3,1.0,invert_divide,BTC
USDC,2025-01-18,1.005,0.9789,1.0,25366.61,25365.04,0.9999,invert_divide,BTC
USDC,2025-01-19,1.051,0.9838,0.9999,41597.34,41613.6,1.0,invert_divide,BTC
USDC,2025-01-20,1.071,0.9737,1.0,68840.35,68848.34,1.0,invert_divide,BTC
USDC,2025-01-21,1.01,0.9427,1.0,84552.76,84553.32,1.0,invert_divide,BTC
USDC,2025-01-22,1.026,0.9967,1.0,43996.49,43997.54,1.0,invert_divide,BTC
USDC,2025-01-23,1.028,0.9739,1.0,94063.64,94064.82,1.0,invert_divide,BTC
USDC,2025-01-24,1.022,0.9799,1.0,40201.93,40201.97,1.0,invert_divide,BTC
USDC,2025-01-25,1.005,0.994,1.0,11835.64,11835.64,1.0,invert_divide,BTC
USDC,2025-01-26,1.028,0.9992,1.0,14118.63,14119.72,1.0,invert_divide,BTC
USDC,2025-01-27,1.011,0.9574,1.0,94472.14,94473.76,1.0,invert_divide,BTC
USDC,2025-01-28,1.025,0.9895,1.0,44096.37,44098.16,1.0,invert_divide,BTC
USDC,2025-01-29,1.01,0.9763,1.0,47080.07,47081.54,1.0,invert_divide,BTC
USDC,2025-01-30,1.017,0.9863,1.0,36659.17,36660.15,1.0,invert_divide,BTC
USDC,2025-01-31,1.036,0.9913,1.0,42222.31,42225.14,1.0,invert_divide,BTC
USDC,2025-02-01,1.021,0.9966,1.0,15691.73,15692.21,1.0,invert_divide,BTC
USDC,2025-02-02,1.039,0.9846,1.0,56620.33,56623.63,1.0,invert_divide,BTC
USDC,2025-02-03,1.011,0.8984,1.0,119095.77,119098.68,1.0,invert_divide,BTC
USDC,2025-02-04,1.041,0.9723,1.0,63348.17,63345.43,1.0,invert_divide,BTC
USDC,2025-02-05,1.027,0.9954,1.0,42695.62,42701.62,1.0,invert_divide,BTC
USDC,2025-02-06,1.027,0.991,1.0,44725.1,44726.38,1.0,invert_divide,BTC
USDC,2025-02-07,1.038,0.9907,1.0,51939.12,51940.84,1.0,invert_divide,BTC
USDC,2025-02-08,1.005,0.9919,1.0,12529.37,12530.76,1.0,invert_divide,BTC
USDC,2025-02-09,1.009,0.9821,1.0,18638.48,18639.14,1.0,invert_divide,BTC
USDC,2025-02-10,1.009,0.9777,1.0,28119.4,28121.5,1.0,invert_divide,BTC
USDC,2025-02-11,1.029,0.9904,1.0,29002.62,29006.36,1.0,invert_divide,BTC
USDC,2025-02-12,1.003,0.9613,1.0,40118.73,40117.13,1.0,invert_divide,BTC
USDC,2025-02-13,1.015,0.9855,1.0,23246.76,23248.31,1.0,invert_divide,BTC
USDC,2025-02-14,1.014,0.9874,1.0,20187.22,20185.91,0.9999,invert_divide,BTC
USDC,2025-02-15,1.004,0.9963,0.9999,5831.48,5831.11,0.9999,invert_divide,BTC
USDC,2025-02-16,1.017,0.9994,0.9999,6632.76,6633.44,1.0,invert_divide,BTC
USDC,2025-02-17,1.013,0.9943,1.0,14565.31,14567.34,1.0,invert_divide,BTC
USDC,2025-02-18,1.012,0.9764,1.0,26359.54,26361.83,1.0,invert_divide,BTC
USDC,2025-02-19,1.003,0.9834,1.0,17048.51,17048.63,1.0,invert_divide,BTC
USDC,2025-02-20,1.0,0.9996,0.9999,513343087.92,513280389.82,0.9998,direct,
USDC,2025-02-21,1.035,0.986,1.0,40404.88,40418.06,1.0,invert_divide,BTC
USDC,2025-02-22,1.012,0.9597,1.0,325917.91,325887.25,0.9999,invert_divide,ETH
USDC,2025-02-23,1.013,0.9737,0.9999,377823.95,377827.97,1.0,invert_divide,ETH
USDC,2025-02-24,1.054,0.9981,1.0,31216.13,31219.45,1.0,invert_divide,BTC
USDC,2025-02-25,1.045,0.9702,1.0,73085.74,73105.21,1.0,invert_divide,BTC
USDC,2025-02-26,1.062,0.9771,1.0,59111.39,59116.18,1.0,invert_divide,BTC
USDC,2025-02-27,1.028,0.9759,1.0,46301.47,46308.15,1.0,invert_divide,BTC
USDC,2025-02-28,1.009,0.9275,1.0,79539.18,79542.01,1.0,invert_divide,BTC
USDC,2025-03-01,1.006,0.9741,1.0,18530.02,18534.8,1.0,invert_divide,BTC
USDC,2025-03-02,1.009,0.9021,1.0,48038.07,48037.78,1.0,invert_divide,BTC
USDC,2025-03-03,1.096,0.9873,1.0,65233.7,65231.07,1.0,invert_divide,BTC
USDC,2025-03-04,1.019,0.9334,1.0,67017.22,67011.94,0.9999,invert_divide,BTC
USDC,2025-03-05,1.004,0.9529,0.9999,38856.74,38856.96,1.0,invert_divide,BTC
USDC,2025-03-06,1.032,0.9765,1.0,38977.52,38976.2,1.0,invert_divide,BTC
USDC,2025-03-07,1.052,0.9755,1.0,70464.28,70458.38,0.9999,invert_divide,BTC
USDC,2025-03-08,1.008,0.9884,0.9999,10574.16,10575.93,1.0,invert_divide,BTC
USDC,2025-03-09,1.072,0.9912,1.0,23565.36,23566.31,1.0,invert_divide,BTC
USDC,2025-03-10,1.07,0.9855,1.0,54996.98,54997.16,1.0,invert_divide,BTC
USDC,2025-03-11,1.008,0.9235,1.0,46456.32,46454.67,1.0,invert_divide,BTC
USDC,2025-03-12,1.009,0.9632,1.0,33320.8,33317.18,0.9999,invert_divide,BTC
USDC,2025-03-13,1.04,0.9855,0.9999,25813.81,25809.9,0.9998,invert_divide,BTC
USDC,2025-03-14,1.016,0.9618,0.9998,27692.23,27691.64,1.0,invert_divide,BTC
USDC,2025-03-15,1.004,0.9914,1.0,6081.09,6081.28,1.0,invert_divide,BTC
USDC,2025-03-16,1.03,0.9928,1.0,13119.21,13117.51,0.9999,invert_divide,BTC
USDC,2025-03-17,1.007,0.9982,0.9999,63402779.66,63394484.79,0.9999,direct,
USDT,2024-03-17,1.007,0.9435,0.9993,29362.49,29349.04,0.9995,invert_divide,BTC
USDT,2024-03-18,1.019,0.9848,0.9995,38542.52,38541.0,1.0,invert_divide,BTC
USDT,2024-03-19,1.1,0.9934,1.0,75848.91,75832.12,0.9998,invert_divide,BTC
USDT,2024-03-20,1.004,0.896,0.9998,69671.19,69693.16,1.0,invert_divide,BTC
USDT,2024-03-21,1.042,0.9854,1.0,38234.75,38229.08,0.9999,invert_divide,BTC
USDT,2024-03-22,1.045,0.9768,0.9999,37343.35,37354.22,1.0,invert_divide,BTC
USDT,2024-03-23,1.031,0.9849,1.0,19360.47,19364.38,1.0,invert_divide,BTC
USDT,2024-03-24,1.006,0.9493,1.0,19120.87,19120.46,1.0,invert_divide,BTC
USDT,2024-03-25,1.019,0.9503,1.0,46100.6,46111.93,1.0,invert_divide,BTC
USDT,2024-03-26,1.022,0.99,1.0,32990.33,32989.45,1.0,invert_divide,BTC
USDT,2024-03-27,1.033,0.9844,1.0,40450.72,40431.18,0.9995,invert_divide,BTC
USDT,2024-03-28,1.011,0.9729,0.9995,31346.01,31348.36,1.0,invert_divide,BTC
USDT,2024-03-29,1.015,0.9886,1.0,17382.89,17395.42,1.001,invert_divide,BTC
USDT,2024-03-30,1.018,0.9951,1.0,153144.16,153224.1,1.001,invert_divide,ETH
USDT,2024-03-31,1.001,0.9764,1.001,10567.65,10571.56,1.0,invert_divide,BTC
USDT,2024-04-01,1.024,0.9773,1.0,28892.19,28905.97,1.0,invert_divide,BTC
USDT,2024-04-02,1.065,0.9863,1.0,48905.67,48906.59,1.0,invert_divide,BTC
USDT,2024-04-03,1.015,0.978,1.0,27792.87,27802.16,1.0,invert_divide,BTC
USDT,2024-04-04,1.012,0.9502,1.0,36673.5,36690.63,1.0,invert_divide,BTC
USDT,2024-04-05,1.014,0.973,1.0,32904.8,32922.22,1.001,invert_divide,BTC
USDT,2024-04-06,1.011,0.9795,1.001,11314.76,11317.68,1.0,invert_divide,BTC
USDT,2024-04-07,1.014,0.9931,1.0,13691.75,13691.45,1.0,invert_divide,BTC
USDT,2024-04-08,1.016,0.9642,1.0,36459.33,36460.48,1.0,invert_divide,BTC
USDT,2024-04-09,1.038,0.9865,1.0,34538.71,34530.39,0.9998,invert_divide,BTC
USDT,2024-04-10,1.007,0.9554,0.9998,37142.44,37140.99,1.0,invert_divide,BTC
USDT,2024-04-11,1.018,0.9936,1.0,24988.45,24995.03,1.0,invert_divide,BTC
USDT,2024-04-12,1.062,0.9723,1.0,49331.17,49360.5,1.001,invert_divide,BTC
USDT,2024-04-13,1.071,0.9557,1.001,56915.71,57014.79,1.002,invert_divide,BTC
USDT,2024-04-14,1.003,0.9477,1.002,40968.04,41031.0,1.002,invert_divide,BTC
USDT,2024-04-15,1.055,0.9827,1.002,40978.19,40992.18,1.0,invert_divide,BTC
USDT,2024-04-16,1.009,0.9667,1.0,35542.55,35559.22,1.0,invert_divide,BTC
USDT,2024-04-17,1.053,0.974,1.0,41504.19,41508.48,1.0,invert_divide,BTC
USDT,2024-04-18,1.011,0.9584,1.0,31452.84,31472.09,1.001,invert_divide,BTC
USDT,2024-04-19,1.026,0.934,1.001,46058.39,46081.55,1.001,invert_divide,BTC
USDT,2024-04-20,1.008,0.9723,1.001,13464.03,13471.76,1.001,invert_divide,BTC
USDT,2024-04-21,1.012,0.9897,1.001,13150.64,13154.04,1.0,invert_divide,BTC
USDT,2024-04-22,1.007,0.9659,1.0,22839.75,22852.25,1.001,invert_divide,BTC
USDT,2024-04-23,1.012,0.9913,1.001,17575.6,17575.57,1.0,invert_divide,BTC
USDT,2024-04-24,1.043,0.9886,1.0,28785.93,28774.23,0.9996,invert_divide,BTC
USDT,2024-04-25,1.012,0.973,0.9996,26730.52,26725.84,0.9998,invert_divide,BTC
USDT,2024-04-26,1.016,0.9927,0.9998,19914.4,19907.36,0.9996,invert_divide,BTC
USDT,2024-04-27,1.007,0.9834,0.9996,12684.85,12679.7,0.9996,invert_divide,BTC
USDT,2024-04-28,1.028,0.9951,0.9993,205463.5,205401.8,0.9997,invert_divide,ETH
USDT,2024-04-29,1.005,0.9672,0.9999,21849.86,21843.82,0.9997,invert_divide,BTC
USDT,2024-04-30,1.067,0.974,0.9997,41212.82,41184.77,0.9993,invert_divide,BTC
USDT,2024-05-01,1.042,0.9685,0.9993,52053.76,51985.28,0.9987,invert_divide,BTC
USDT,2024-05-02,1.009,0.9639,0.9987,29471.89,29480.12,1.0,invert_divide,BTC
USDT,2024-05-03,1.008,0.9357,1.0,35180.41,35202.1,1.001,invert_divide,BTC
USDT,2024-05-04,1.01,0.9796,1.001,16206.9,16209.81,1.0,invert_divide,BTC
USDT,2024-05-05,1.01,0.9829,1.0,12595.62,12600.03,1.0,invert_divide,BTC
USDT,2024-05-06,1.037,0.9928,1.0,24082.55,24082.74,1.0,invert_divide,BTC
USDT,2024-05-07,1.033,0.9993,1.0,20907.17,20908.95,1.0,invert_divide,BTC
USDT,2024-05-08,1.03,0.9946,1.0,18593.4,18588.14,0.9997,invert_divide,BTC
USDT,2024-05-09,1.006,0.9612,0.9997,18440.55,18441.78,1.0,invert_divide,BTC
USDT,2024-05-10,1.044,0.9898,1.0,25390.35,25386.62,0.9999,invert_divide,BTC
USDT,2024-05-11,1.011,0.9942,0.9999,8298.11,8297.42,0.9999,invert_divide,BTC
USDT,2024-05-12,1.006,0.9857,0.9999,8214.5,8211.85,0.9997,invert_divide,BTC
USDT,2024-05-13,1.008,0.9654,0.9997,21250.01,21248.3,0.9999,invert_divide,BTC
USDT,2024-05-14,1.025,0.9922,0.9999,26392.04,26380.24,0.9996,invert_divide,BTC
USDT,2024-05-15,1.004,0.9262,0.9996,40708.36,40730.77,1.001,invert_divide,BTC
USDT,2024-05-16,1.023,0.9902,1.001,24275.96,24280.95,1.0,invert_divide,BTC
USDT,2024-05-17,1.007,0.9717,1.0,23340.48,23351.73,1.0,invert_divide,BTC
USDT,2024-05-18,1.007,0.9958,1.0,8752.24,8754.06,1.0,invert_divide,BTC
USDT,2024-05-19,1.021,0.9941,1.0,9725.64,9725.11,0.9999,invert_divide,BTC
USDT,2024-05-20,1.002,0.9249,0.9999,38260.49,38256.08,0.9999,invert_divide,BTC
USDT,2024-05-21,1.013,0.9568,1.0,610857.21,610755.67,0.9998,invert_divide,ETH
USDT,2024-05-22,1.021,0.9969,0.9999,22981.44,22967.37,0.9994,invert_divide,BTC
USDT,2024-05-23,1.043,0.937,0.9996,669270.47,668937.91,0.9995,invert_divide,ETH
USDT,2024-05-24,1.01,0.9717,0.9996,18239.62,18237.85,0.9999,invert_divide,BTC
USDT,2024-05-25,1.004,0.9886,0.9999,5972.0,5971.93,1.0,invert_divide,BTC
USDT,2024-05-26,1.015,0.9752,1.0,161510.02,161423.49,0.9995,invert_divide,ETH
USDT,2024-05-27,1.017,0.9826,0.9997,13110.64,13102.03,0.9993,invert_divide,BTC
USDT,2024-05-28,1.017,0.9825,0.9993,22223.83,22201.3,0.999,invert_divide,BTC
USDT,2024-05-29,1.018,0.9918,0.999,16353.37,16335.4,0.9989,invert_divide,BTC
USDT,2024-05-30,1.017,0.9817,0.9989,20828.64,20825.97,0.9999,invert_divide,BTC
USDT,2024-05-31,1.022,0.9861,0.9999,19922.04,19904.73,0.9991,invert_divide,BTC
USDT,2024-06-01,1.004,0.9825,0.999,97005.74,96929.73,0.9992,invert_divide,ETH
USDT,2024-06-02,1.014,0.9919,0.9992,123116.68,123049.6,0.9995,invert_divide,ETH
USDT,2024-06-03,1.021,0.9822,0.9996,22783.46,22780.56,0.9999,invert_divide,BTC
USDT,2024-06-04,1.008,0.9719,0.9999,29746.55,29751.15,1.0,invert_divide,BTC
USDT,2024-06-05,1.009,0.9896,1.0,21737.62,21740.45,1.0,invert_divide,BTC
USDT,2024-06-06,1.012,0.9903,1.0,16078.4,16072.43,0.9996,invert_divide,BTC
USDT,2024-06-07,1.037,0.9868,0.9996,28318.21,28308.77,0.9997,invert_divide,BTC
USDT,2024-06-08,1.003,0.9978,0.9997,5753.02,5752.63,0.9999,invert_divide,BTC
USDT,2024-06-09,1.003,0.9926,0.9999,5137.66,5137.2,0.9999,invert_divide,BTC
USDT,2024-06-10,1.009,0.9947,0.9999,12116.49,12111.21,0.9996,invert_divide,BTC
USDT,2024-06-11,1.033,0.9813,0.9996,31800.9,31803.2,1.0,invert_divide,BTC
USDT,2024-06-12,1.026,0.98,1.0,31159.85,31151.88,0.9997,invert_divide,BTC
USDT,2024-06-13,1.025,0.9918,0.9997,23051.5,23040.33,0.9995,invert_divide,BTC
USDT,2024-06-14,1.019,0.9846,0.9995,24684.72,24670.48,0.9994,invert_divide,BTC
USDT,2024-06-15,1.006,0.9727,0.9994,160975.62,160869.62,0.9993,invert_divide,ETH
USDT,2024-06-16,1.007,0.9766,0.9993,123587.85,123519.65,0.9994,invert_divide,ETH
USDT,2024-06-17,1.012,0.9784,0.9993,28974.78,28968.09,0.9998,invert_divide,BTC
USDT,2024-06-18,1.021,0.9825,0.9998,35263.17,35253.75,0.9997,invert_divide,BTC
USDT,2024-06-19,1.007,0.9732,0.9996,277087.04,276962.53,0.9996,invert_divide,ETH
USDT,2024-06-20,1.024,0.9947,0.9997,22559.77,22550.77,0.9996,invert_divide,BTC
USDT,2024-06-21,1.014,0.9876,0.9996,22310.94,22302.57,0.9996,invert_divide,BTC
USDT,2024-06-22,1.004,0.9948,0.9996,5570.5,5569.51,0.9998,invert_divide,BTC
USDT,2024-06-23,1.029,0.9955,0.9996,128959.72,128874.9,0.9993,invert_divide,ETH
USDT,2024-06-24,1.05,0.9693,0.9995,48177.24,48157.28,0.9996,invert_divide,BTC
USDT,2024-06-25,1.009,0.9746,0.9996,31697.13,31692.85,0.9999,invert_divide,BTC
USDT,2024-06-26,1.0,0.9991,0.9998,726909733.74,726643748.53,0.9994,direct,
USDT,2024-06-27,0.9995,0.9984,0.9994,865589178.2,864740408.8,0.9987,direct,
USDT,2024-06-28,1.029,0.9914,0.9989,24288.31,24245.66,0.9982,invert_divide,BTC
USDT,2024-06-29,0.9989,0.9981,0.9983,688807054.18,687790682.61,0.9985,direct,
USDT,2024-06-30,1.003,0.966,0.9987,12626.61,12609.08,0.9986,invert_divide,BTC
USDT,2024-07-01,1.014,0.9931,0.9986,25708.72,25685.02,0.9991,invert_divide,BTC
USDT,2024-07-02,1.017,0.989,0.9991,20510.77,20480.91,0.9985,invert_divide,BTC
USDT,2024-07-03,1.033,0.9861,0.9985,27365.92,27341.8,0.9991,invert_divide,BTC
USDT,2024-07-04,1.059,0.9943,0.9991,40351.82,40344.44,0.9998,invert_divide,BTC
USDT,2024-07-05,1.015,0.9452,0.9998,57490.15,57505.65,1.0,invert_divide,BTC
USDT,2024-07-06,1.004,0.9622,1.0,18766.95,18774.0,1.0,invert_divide,BTC
USDT,2024-07-07,1.046,0.9977,1.0,18402.28,18403.87,1.0,invert_divide,BTC
USDT,2024-07-08,1.026,0.9575,1.0,43439.51,43435.91,0.9999,invert_divide,BTC
USDT,2024-07-09,1.004,0.9699,0.9999,29452.6,29453.14,1.0,invert_divide,BTC
USDT,2024-07-10,1.03,0.9902,1.0,28064.27,28061.85,0.9999,invert_divide,BTC
USDT,2024-07-11,1.038,0.9953,0.9999,29764.17,29768.67,1.0,invert_divide,BTC
USDT,2024-07-12,1.011,0.9769,1.0,27242.71,27252.69,1.0,invert_divide,BTC
USDT,2024-07-13,1.011,0.9761,1.0,13963.3,13970.45,1.001,invert_divide,BTC
USDT,2024-07-14,1.01,0.974,1.001,20080.87,20085.58,1.0,invert_divide,BTC
USDT,2024-07-15,1.003,0.9375,1.0,43679.34,43702.63,1.001,invert_divide,BTC
USDT,2024-07-16,1.005,0.9598,1.001,38850.8,38873.44,1.001,invert_divide,BTC
USDT,2024-07-17,1.032,0.9966,1.001,28170.64,28173.44,1.0,invert_divide,BTC
USDT,2024-07-18,1.018,0.9882,1.0,21904.27,21902.01,0.9999,invert_divide,BTC
USDT,2024-07-19,1.012,0.9497,0.9999,33756.81,33781.36,1.001,invert_divide,BTC
USDT,2024-07-20,1.007,0.9874,1.001,12566.25,12570.74,1.0,invert_divide,BTC
USDT,2024-07-21,1.003,0.966,1.0,18123.31,18128.05,1.0,invert_divide,BTC
USDT,2024-07-22,1.014,0.9861,1.0,26712.99,26727.69,1.001,invert_divide,BTC
USDT,2024-07-23,1.028,0.9929,1.001,29465.67,29467.75,1.0,invert_divide,BTC
USDT,2024-07-24,1.027,0.996,1.0,21576.01,21575.76,1.0,invert_divide,BTC
USDT,2024-07-25,1.053,0.9722,0.9998,629226.14,629085.44,0.9998,invert_divide,ETH
USDT,2024-07-26,1.005,0.968,0.9999,24567.97,24574.12,1.0,invert_divide,BTC
USDT,2024-07-27,1.022,0.9819,1.0,26420.73,26419.76,1.0,invert_divide,BTC
USDT,2024-07-28,1.001,0.9826,1.0,11980.7,11982.04,1.0,invert_divide,BTC
USDT,2024-07-29,1.049,0.9948,1.0,33524.03,33523.2,1.0,invert_divide,BTC
USDT,2024-07-30,1.012,0.9865,1.0,24376.6,24372.99,0.9999,invert_divide,BTC
USDT,2024-07-31,1.034,0.9981,0.9999,24304.84,24300.2,0.9998,invert_divide,BTC
USDT,2024-08-01,1.004,0.9523,0.9998,37045.09,37013.29,0.9991,invert_divide,BTC
USDT,2024-08-02,1.066,0.9946,0.9991,40943.43,40895.05,0.9988,invert_divide,BTC
USDT,2024-08-03,1.024,0.9857,0.9988,26176.07,26165.33,0.9996,invert_divide,BTC
USDT,2024-08-04,1.05,0.9831,0.9996,28092.97,28081.21,0.9996,invert_divide,BTC
USDT,2024-08-05,1.079,0.9111,0.9996,117153.32,117214.41,1.001,invert_divide,BTC
USDT,2024-08-06,1.019,0.9637,1.001,44255.76,44282.63,1.001,invert_divide,BTC
USDT,2024-08-07,1.047,0.9899,1.001,39691.91,39688.11,0.9999,invert_divide,BTC
USDT,2024-08-08,1.017,0.8876,0.9999,48215.66,48233.26,1.0,invert_divide,BTC
USDT,2024-08-09,1.015,0.9792,1.0,32998.38,33014.6,1.0,invert_divide,BTC
USDT,2024-08-10,1.009,0.9893,1.0,11935.68,11939.31,1.0,invert_divide,BTC
USDT,2024-08-11,1.053,0.9934,1.0,18214.18,18215.82,1.0,invert_divide,BTC
USDT,2024-08-12,1.023,0.9719,1.0,33285.38,33292.75,1.0,invert_divide,BTC
USDT,2024-08-13,1.017,0.9646,1.0,28787.92,28799.54,1.0,invert_divide,BTC
USDT,2024-08-14,1.053,0.9962,1.0,30973.89,30980.72,1.0,invert_divide,BTC
USDT,2024-08-15,1.04,0.9756,1.0,34692.53,34700.51,1.0,invert_divide,BTC
USDT,2024-08-16,1.017,0.9699,1.0,29186.89,29195.27,1.0,invert_divide,BTC
USDT,2024-08-17,1.004,0.9886,1.0,9691.68,9692.46,1.0,invert_divide,BTC
USDT,2024-08-18,1.032,1.0,1.0,13915.75,13917.94,1.0,invert_divide,BTC
USDT,2024-08-19,1.003,0.9729,1.0,24222.4,24232.91,1.0,invert_divide,BTC
USDT,2024-08-20,1.041,0.9928,1.0,31292.98,31300.64,1.0,invert_divide,BTC
USDT,2024-08-21,1.011,0.9616,1.0,38408.34,38419.08,1.0,invert_divide,BTC
USDT,2024-08-22,1.017,0.9897,1.0,28924.51,28927.51,1.0,invert_divide,BTC
USDT,2024-08-23,1.015,0.9424,1.0,42020.68,42052.99,1.001,invert_divide,BTC
USDT,2024-08-24,1.006,0.9912,1.001,15286.56,15292.6,1.0,invert_divide,BTC
USDT,2024-08-25,1.013,0.9938,1.0,12753.39,12761.46,1.001,invert_divide,BTC
USDT,2024-08-26,1.027,0.9997,1.001,27037.83,27044.42,1.0,invert_divide,BTC
USDT,2024-08-27,1.064,0.977,1.0,39241.27,39261.15,1.001,invert_divide,BTC
USDT,2024-08-28,1.02,0.9802,1.001,38043.04,38048.29,1.0,invert_divide,BTC
USDT,2024-08-29,1.031,0.9896,1.0,34345.83,34354.06,1.0,invert_divide,BTC
USDT,2024-08-30,1.013,0.9763,1.0,35023.22,35022.96,1.0,invert_divide,BTC
USDT,2024-08-31,1.008,0.9964,1.0,8035.77,8038.1,1.0,invert_divide,BTC
USDT,2024-09-01,1.031,0.9986,1.0,22352.53,22358.35,1.0,invert_divide,BTC
USDT,2024-09-02,1.005,0.9661,1.0,23766.29,23769.73,1.0,invert_divide,BTC
USDT,2024-09-03,1.041,0.9987,1.0,26568.4,26566.7,0.9999,invert_divide,BTC
USDT,2024-09-04,1.01,0.9595,0.9999,43027.18,43030.33,1.0,invert_divide,BTC
USDT,2024-09-05,1.038,0.9906,1.0,38784.5,38775.97,0.9998,invert_divide,BTC
USDT,2024-09-06,1.056,0.9739,0.9998,69521.39,69511.3,0.9999,invert_divide,BTC
USDT,2024-09-07,1.013,0.9922,0.9999,17050.67,17052.36,1.0,invert_divide,BTC
USDT,2024-09-08,1.008,0.9774,1.0,19159.79,19161.56,1.0,invert_divide,BTC
USDT,2024-09-09,1.017,0.9571,1.0,42637.41,42650.3,1.0,invert_divide,BTC
USDT,2024-09-10,1.007,0.9784,1.0,33391.45,33393.05,1.0,invert_divide,BTC
USDT,2024-09-11,1.012,0.9689,1.0,55576.26,55592.6,1.0,invert_divide,BTC
USDT,2024-09-12,1.008,0.9862,1.0,40914.83,40920.45,1.0,invert_divide,BTC
USDT,2024-09-13,1.003,0.9528,1.0,40546.37,40582.3,1.001,invert_divide,BTC
USDT,2024-09-14,1.011,0.9907,1.001,15042.25,15048.02,1.0,invert_divide,BTC
USDT,2024-09-15,1.022,0.9927,1.0,19176.34,19179.13,1.0,invert_divide,BTC
USDT,2024-09-16,1.017,0.9875,1.0,33106.34,33104.32,0.9999,invert_divide,BTC
USDT,2024-09-17,1.017,0.9554,0.9999,40712.51,40718.68,1.0,invert_divide,BTC
USDT,2024-09-18,1.001,0.9583,1.0,48151.29,48164.26,1.0,invert_divide,BTC
USDT,2024-09-19,1.015,0.9783,1.0,46829.96,46840.03,1.0,invert_divide,BTC
USDT,2024-09-20,1.015,0.9865,1.0,34617.55,34623.15,1.0,invert_divide,BTC
USDT,2024-09-21,1.004,0.9681,1.0,350291.99,350401.94,1.0,invert_divide,ETH
USDT,2024-09-22,1.007,0.9813,1.0,18884.06,18886.16,1.0,invert_divide,BTC
USDT,2024-09-23,1.021,0.9595,1.0,797788.43,797761.31,1.0,invert_divide,ETH
USDT,2024-09-24,1.007,0.9757,1.0,32160.64,32163.78,1.0,invert_divide,BTC
USDT,2024-09-25,1.026,0.9966,1.0,23967.21,23964.14,0.9999,invert_divide,BTC
USDT,2024-09-26,1.011,0.9615,0.9999,43302.56,43312.55,1.0,invert_divide,BTC
USDT,2024-09-27,1.012,0.9858,1.0,36162.6,36170.31,1.0,invert_divide,BTC
USDT,2024-09-28,1.006,0.9937,1.0,10383.49,10385.8,1.0,invert_divide,BTC
USDT,2024-09-29,1.01,0.9914,1.0,336903.96,336976.22,1.0,invert_divide,ETH
USDT,2024-09-30,1.036,0.9925,1.0,42396.01,42390.64,0.9999,invert_divide,BTC
USDT,2024-10-01,1.054,0.9892,0.9999,67326.52,67303.34,0.9997,invert_divide,BTC
USDT,2024-10-02,1.029,0.9889,0.9997,55652.18,55646.71,0.9999,invert_divide,BTC
USDT,2024-10-03,1.012,0.9851,0.9999,50457.09,50452.49,0.9999,invert_divide,BTC
USDT,2024-10-04,1.006,0.9738,0.9999,38904.7,38910.01,1.0,invert_divide,BTC
USDT,2024-10-05,1.005,0.9941,1.0,10082.43,10082.87,1.0,invert_divide,BTC
USDT,2024-10-06,1.002,0.984,1.0,13418.93,13418.75,1.0,invert_divide,BTC
USDT,2024-10-07,1.036,0.9984,1.0,41062.64,41052.07,0.9997,invert_divide,BTC
USDT,2024-10-08,1.017,0.9948,0.9997,33506.88,33491.59,0.9995,invert_divide,BTC
USDT,2024-10-09,1.031,0.9937,0.9995,37528.72,37496.95,0.9992,invert_divide,BTC
USDT,2024-10-10,1.015,0.9759,0.9992,42405.42,42373.55,0.9992,invert_divide,BTC
USDT,2024-10-11,1.014,0.9601,0.9992,36112.65,36102.87,0.9997,invert_divide,BTC
USDT,2024-10-12,1.004,0.9885,0.9997,15673.6,15672.23,0.9999,invert_divide,BTC
USDT,2024-10-13,1.006,0.9868,0.9999,16786.01,16782.18,0.9998,invert_divide,BTC
USDT,2024-10-14,1.006,0.9448,0.9998,50393.51,50380.28,0.9997,invert_divide,BTC
USDT,2024-10-15,1.013,0.966,0.9997,51909.81,51904.55,0.9999,invert_divide,BTC
USDT,2024-10-16,1.012,0.9872,0.9999,42024.2,42022.1,1.0,invert_divide,BTC
USDT,2024-10-17,1.008,0.9885,1.0,32062.99,32057.08,0.9998,invert_divide,BTC
USDT,2024-10-18,1.009,0.9816,0.9998,36869.58,36868.09,1.0,invert_divide,BTC
USDT,2024-10-19,1.005,0.9947,1.0,7712.36,7712.09,1.0,invert_divide,BTC
USDT,2024-10-20,1.004,0.9594,1.0,336813.48,336747.27,0.9998,invert_divide,ETH
USDT,2024-10-21,1.031,0.9916,0.9999,36536.85,36525.38,0.9997,invert_divide,BTC
USDT,2024-10-22,1.006,0.9869,0.9997,32484.74,32467.94,0.9995,invert_divide,BTC
USDT,2024-10-23,1.011,0.9775,0.9995,32488.79,32460.08,0.9991,invert_divide,BTC
USDT,2024-10-24,1.009,0.9745,0.9991,31715.51,31700.11,0.9995,invert_divide,BTC
USDT,2024-10-25,1.031,0.9821,0.9995,43824.41,43743.08,0.9981,invert_divide,BTC
USDT,2024-10-26,1.004,0.9888,0.9981,14159.11,14142.23,0.9988,invert_divide,BTC
USDT,2024-10-27,1.003,0.9828,0.9988,12105.31,12091.2,0.9988,invert_divide,BTC
USDT,2024-10-28,1.004,0.9654,0.9988,42091.94,42070.78,0.9995,invert_divide,BTC
USDT,2024-10-29,1.012,0.9586,0.9995,58289.36,58277.7,0.9998,invert_divide,BTC
USDT,2024-10-30,1.008,0.987,0.9998,38392.15,38382.39,0.9997,invert_divide,BTC
USDT,2024-10-31,1.034,0.9899,0.9997,39358.14,39307.27,0.9987,invert_divide,BTC
USDT,2024-11-01,1.03,0.9893,0.9987,49030.12,49012.0,0.9996,invert_divide,BTC
USDT,2024-11-02,1.007,0.9948,0.9996,10811.2,10808.98,0.9998,invert_divide,BTC
USDT,2024-11-03,1.009,0.9809,0.9998,29674.18,29663.53,0.9996,invert_divide,BTC
USDT,2024-11-04,1.024,0.9844,0.9996,43141.35,43116.31,0.9994,invert_divide,BTC
USDT,2024-11-05,1.017,0.972,0.9994,47211.37,47213.07,1.0,invert_divide,BTC
USDT,2024-11-06,1.012,0.9169,1.0,116207.84,116313.57,1.001,invert_divide,BTC
USDT,2024-11-07,1.015,0.9817,1.001,58490.52,58540.79,1.001,invert_divide,BTC
USDT,2024-11-08,1.01,0.9889,1.001,48629.32,48666.03,1.001,invert_divide,BTC
USDT,2024-11-09,1.01,0.9458,1.001,674864.79,675186.41,1.0,invert_divide,ETH
USDT,2024-11-10,1.014,0.9525,1.001,57715.18,57761.62,1.001,invert_divide,BTC
USDT,2024-11-11,1.011,0.9056,1.001,104407.32,104537.59,1.001,invert_divide,BTC
USDT,2024-11-12,1.023,0.9679,1.001,117605.91,117731.95,1.001,invert_divide,BTC
USDT,2024-11-13,1.034,0.9544,1.001,124766.84,124936.41,1.001,invert_divide,BTC
USDT,2024-11-14,1.051,0.9926,1.001,81846.21,81853.94,1.0,invert_divide,BTC
USDT,2024-11-15,1.01,0.9571,1.0,71049.87,71074.76,1.0,invert_divide,BTC
USDT,2024-11-16,1.014,0.9947,1.0,27488.76,27507.52,1.001,invert_divide,BTC
USDT,2024-11-17,1.018,0.9875,1.001,30966.65,30974.94,1.0,invert_divide,BTC
USDT,2024-11-18,1.024,0.9678,1.0,66007.84,66045.19,1.001,invert_divide,BTC
USDT,2024-11-19,1.019,0.9796,1.001,64909.54,64996.54,1.001,invert_divide,BTC
USDT,2024-11-20,1.008,0.9716,1.001,70180.2,70245.81,1.001,invert_divide,BTC
USDT,2024-11-21,1.007,0.9576,1.001,89243.49,89349.68,1.001,invert_divide,BTC
USDT,2024-11-22,1.009,0.983,1.001,74286.51,74375.56,1.001,invert_divide,BTC
USDT,2024-11-23,1.031,0.9773,1.001,1006484.06,1007477.51,1.001,invert_divide,ETH
USDT,2024-11-24,1.008,0.9782,1.001,30269.68,30302.77,1.001,invert_divide,BTC
USDT,2024-11-25,1.064,0.9956,1.001,68259.16,68271.26,1.0,invert_divide,BTC
USDT,2024-11-26,1.033,0.9866,1.0,77087.79,77038.98,0.9994,invert_divide,BTC
USDT,2024-11-27,1.016,0.9573,0.9994,47765.92,47818.06,1.001,invert_divide,BTC
USDT,2024-11-28,1.024,0.9865,1.001,676354.04,676495.78,1.0,invert_divide,ETH
USDT,2024-11-29,1.013,0.9788,1.0,39884.8,39908.52,1.001,invert_divide,BTC
USDT,2024-11-30,1.01,0.9638,1.0,602183.58,602585.17,1.001,invert_divide,ETH
USDT,2024-12-01,1.011,0.9875,1.001,615049.12,615477.09,1.001,invert_divide,ETH
USDT,2024-12-02,1.025,0.9853,1.001,52454.21,52472.05,1.0,invert_divide,BTC
USDT,2024-12-03,1.005,0.9764,1.0,52781.2,52823.35,1.001,invert_divide,BTC
USDT,2024-12-04,1.007,0.9602,1.001,59092.55,59192.55,1.002,invert_divide,BTC
USDT,2024-12-05,1.073,0.9464,1.002,119875.78,120015.44,1.001,invert_divide,BTC
USDT,2024-12-06,1.024,0.9668,1.001,56899.66,56993.15,1.002,invert_divide,BTC
USDT,2024-12-07,1.007,0.9919,1.002,17306.94,17322.77,1.001,invert_divide,BTC
USDT,2024-12-08,1.003,0.9765,1.001,17851.82,17866.06,1.001,invert_divide,BTC
USDT,2024-12-09,1.041,0.972,1.001,69981.57,70018.5,1.001,invert_divide,BTC
USDT,2024-12-10,1.018,0.9761,1.001,68661.05,68709.93,1.001,invert_divide,BTC
USDT,2024-12-11,1.009,0.9467,1.001,55047.48,55093.28,1.001,invert_divide,BTC
USDT,2024-12-12,1.026,0.9931,1.001,47200.64,47217.35,1.0,invert_divide,BTC
USDT,2024-12-13,1.005,0.9785,1.0,34639.86,34644.31,1.0,invert_divide,BTC
USDT,2024-12-14,1.012,0.992,1.0,16577.72,16575.7,0.9999,invert_divide,BTC
USDT,2024-12-15,1.006,0.969,0.9999,24799.66,24790.03,0.9996,invert_divide,BTC
USDT,2024-12-16,1.017,0.974,0.9996,60439.19,60456.95,1.0,invert_divide,BTC
USDT,2024-12-17,1.021,0.9923,1.0,40879.26,40883.86,1.0,invert_divide,BTC
USDT,2024-12-18,1.063,0.9974,1.0,75094.41,75050.25,0.9994,invert_divide,BTC
USDT,2024-12-19,1.054,0.9804,0.9994,80969.49,80898.41,0.9991,invert_divide,BTC
USDT,2024-12-20,1.003,0.9421,0.9991,84967.2,84933.21,0.9996,invert_divide,BTC
USDT,2024-12-21,1.064,0.9858,0.9996,1155916.14,1155396.84,0.9996,invert_divide,ETH
USDT,2024-12-22,1.036,0.9806,0.9996,1040424.92,1039499.2,0.9991,invert_divide,ETH
USDT,2024-12-23,1.016,0.9736,0.9991,57639.3,57571.48,0.9988,invert_divide,BTC
USDT,2024-12-24,1.008,0.947,0.9988,40945.61,40919.26,0.9994,invert_divide,BTC
USDT,2024-12-25,1.001,0.9812,0.9994,21801.56,21784.42,0.9992,invert_divide,BTC
USDT,2024-12-26,1.043,0.9928,0.9992,38437.52,38393.95,0.9989,invert_divide,BTC
USDT,2024-12-27,1.032,0.9891,0.9989,47149.3,47082.98,0.9986,invert_divide,BTC
USDT,2024-12-28,1.003,0.9864,0.9986,14159.69,14135.73,0.9983,invert_divide,BTC
USDT,2024-12-29,1.015,0.9906,0.9983,17921.9,17889.35,0.9982,invert_divide,BTC
USDT,2024-12-30,1.023,0.984,0.9982,56846.06,56753.55,0.9984,invert_divide,BTC
USDT,2024-12-31,1.027,0.982,0.9984,38897.74,38819.86,0.998,invert_divide,BTC
USDT,2025-01-01,1.004,0.9803,0.998,19153.02,19112.97,0.9979,invert_divide,BTC
USDT,2025-01-02,1.008,0.9712,0.9979,38283.3,38249.63,0.9991,invert_divide,BTC
USDT,2025-01-03,1.008,0.9781,0.9991,28427.3,28416.43,0.9996,invert_divide,BTC
USDT,2025-01-04,1.004,0.9766,0.9996,344694.11,344658.29,0.9999,invert_divide,ETH
USDT,2025-01-05,1.005,0.9887,0.9999,9872.68,9870.92,0.9998,invert_divide,BTC
USDT,2025-01-06,1.003,0.9578,0.9998,46146.96,46172.58,1.001,invert_divide,BTC
USDT,2025-01-07,1.06,0.9913,1.001,54319.14,54312.39,0.9999,invert_divide,BTC
USDT,2025-01-08,1.023,0.9729,0.9999,57721.92,57715.19,0.9999,invert_divide,BTC
USDT,2025-01-09,1.03,0.9855,0.9999,50519.28,50522.47,1.0,invert_divide,BTC
USDT,2025-01-10,1.012,0.9734,1.0,55479.83,55472.31,0.9999,invert_divide,BTC
USDT,2025-01-11,1.004,0.9917,0.9999,9594.23,9590.2,0.9996,invert_divide,BTC
USDT,2025-01-12,1.009,0.9908,0.9996,10865.93,10861.39,0.9996,invert_divide,BTC
USDT,2025-01-13,1.014,0.943,0.9996,67978.59,67962.34,0.9998,invert_divide,BTC
USDT,2025-01-14,1.008,0.9768,0.9998,44347.27,44332.11,0.9997,invert_divide,BTC
USDT,2025-01-15,1.002,0.9599,0.9997,43167.2,43172.69,1.0,invert_divide,BTC
USDT,2025-01-16,1.009,0.9729,1.0,43426.87,43423.77,0.9999,invert_divide,BTC
USDT,2025-01-17,1.018,0.9602,0.9999,54200.85,54217.78,1.0,invert_divide,BTC
USDT,2025-01-18,1.004,0.9778,1.0,25366.61,25337.63,0.9989,invert_divide,BTC
USDT,2025-01-19,1.071,0.9721,0.999,1498939.76,1496725.54,0.9985,invert_divide,ETH
USDT,2025-01-20,1.069,0.9725,0.9988,68840.35,68761.19,0.9989,invert_divide,BTC
USDT,2025-01-21,1.01,0.9427,0.9989,84552.76,84558.44,1.0,invert_divide,BTC
USDT,2025-01-22,1.026,0.9963,1.0,43996.49,43979.06,0.9996,invert_divide,BTC
USDT,2025-01-23,1.028,0.9741,0.9996,94063.64,94086.18,1.0,invert_divide,BTC
USDT,2025-01-24,1.022,0.9799,1.0,40201.93,40200.33,1.0,invert_divide,BTC
USDT,2025-01-25,1.009,0.985,0.9999,390644.39,390596.13,0.9999,invert_divide,ETH
USDT,2025-01-26,1.028,0.9988,0.9998,14118.63,14114.25,0.9997,invert_divide,BTC
USDT,2025-01-27,1.011,0.9572,0.9997,94472.14,94460.78,0.9999,invert_divide,BTC
USDT,2025-01-28,1.024,0.989,0.9999,44096.37,44075.46,0.9995,invert_divide,BTC
USDT,2025-01-29,1.01,0.9763,0.9995,47080.07,47081.62,1.0,invert_divide,BTC
USDT,2025-01-30,1.017,0.9864,1.0,36659.17,36663.85,1.0,invert_divide,BTC
USDT,2025-01-31,1.036,0.991,1.0,42222.31,42213.6,0.9998,invert_divide,BTC
USDT,2025-02-01,1.068,0.9948,0.9997,641936.96,641796.93,0.9998,invert_divide,ETH
USDT,2025-02-02,1.038,0.9843,0.9998,56620.33,56604.14,0.9997,invert_divide,BTC
USDT,2025-02-03,1.012,0.8994,0.9997,119095.77,119232.96,1.001,invert_divide,BTC
USDT,2025-02-04,1.041,0.9727,1.001,63348.17,63370.0,1.0,invert_divide,BTC
USDT,2025-02-05,1.014,0.9682,1.0,1561075.32,1561209.69,1.0,invert_divide,ETH
USDT,2025-02-06,1.027,0.9911,1.0,44725.1,44730.77,1.0,invert_divide,BTC
USDT,2025-02-07,1.038,0.9909,1.0,51939.12,51954.14,1.0,invert_divide,BTC
USDT,2025-02-08,1.014,0.9832,1.0,745326.75,745394.7,1.0,invert_divide,ETH
USDT,2025-02-09,1.027,0.9603,1.0,706455.13,706597.64,1.0,invert_divide,ETH
USDT,2025-02-10,1.01,0.9778,1.0,28119.4,28126.16,1.0,invert_divide,BTC
USDT,2025-02-11,1.028,0.9903,1.0,29002.62,29002.04,1.0,invert_divide,BTC
USDT,2025-02-12,1.003,0.9614,1.0,40118.73,40121.2,1.0,invert_divide,BTC
USDT,2025-02-13,1.015,0.9857,1.0,23246.76,23252.18,1.0,invert_divide,BTC
USDT,2025-02-14,1.014,0.9875,1.0,20187.22,20188.57,1.0,invert_divide,BTC
USDT,2025-02-15,1.0,1.0,1.0,301301671.69,301328458.2,1.0,direct,
USDT,2025-02-16,1.017,0.9996,1.0,6632.76,6634.17,1.0,invert_divide,BTC
USDT,2025-02-17,1.038,0.9615,1.0,658802.74,658790.74,1.0,invert_divide,ETH
USDT,2025-02-18,1.011,0.9759,1.0,26359.54,26349.11,0.9996,invert_divide,BTC
USDT,2025-02-19,1.002,0.9833,0.9996,17048.51,17047.9,1.0,invert_divide,BTC
USDT,2025-02-20,1.001,0.9997,1.0,1085995258.72,1086097942.51,1.0,direct,
USDT,2025-02-21,1.035,0.9859,1.0,40404.88,40414.48,1.0,invert_divide,BTC
USDT,2025-02-22,1.0,0.9995,0.9995,768714150.92,768679245.96,1.0,direct,
USDT,2025-02-23,1.0,0.9999,1.0,706630596.17,706731917.54,1.0,direct,
USDT,2025-02-24,1.054,0.9978,1.0,31216.13,31212.34,0.9999,invert_divide,BTC
USDT,2025-02-25,1.043,0.9691,0.9999,73085.74,73023.93,0.9992,invert_divide,BTC
USDT,2025-02-26,1.06,0.9758,0.9992,59111.39,59034.46,0.9987,invert_divide,BTC
USDT,2025-02-27,1.027,0.9751,0.9987,46301.47,46272.79,0.9994,invert_divide,BTC
USDT,2025-02-28,1.009,0.9272,0.9994,79539.18,79516.64,0.9997,invert_divide,BTC
USDT,2025-03-01,1.006,0.9737,0.9997,18530.02,18527.73,0.9999,invert_divide,BTC
USDT,2025-03-02,1.009,0.9022,0.9999,48038.07,48042.05,1.0,invert_divide,BTC
USDT,2025-03-03,1.095,0.9867,1.0,65233.7,65189.52,0.9993,invert_divide,BTC
USDT,2025-03-04,1.019,0.9332,0.9993,67017.22,67001.43,0.9998,invert_divide,BTC
USDT,2025-03-05,1.004,0.9529,0.9998,38856.74,38858.49,1.0,invert_divide,BTC
USDT,2025-03-06,1.032,0.9765,1.0,38977.52,38977.74,1.0,invert_divide,BTC
USDT,2025-03-07,1.052,0.9752,1.0,70464.28,70439.2,0.9996,invert_divide,BTC
USDT,2025-03-08,1.007,0.9882,0.9996,10574.16,10574.17,1.0,invert_divide,BTC
USDT,2025-03-09,1.072,0.9911,1.0,23565.36,23563.5,0.9999,invert_divide,BTC
USDT,2025-03-10,1.069,0.9851,0.9999,54996.98,54975.45,0.9996,invert_divide,BTC
USDT,2025-03-11,1.008,0.9234,0.9996,46456.32,46449.35,0.9998,invert_divide,BTC
USDT,2025-03-12,1.009,0.9632,0.9998,33320.8,33315.91,0.9999,invert_divide,BTC
USDT,2025-03-13,1.039,0.9852,0.9999,25813.81,25803.37,0.9996,invert_divide,BTC
USDT,2025-03-14,1.016,0.962,0.9996,27692.23,27696.66,1.0,invert_divide,BTC
USDT,2025-03-15,1.0,1.0,1.0,508932918.38,509001688.33,1.0,direct,
USDT,2025-03-16,1.03,0.9929,1.0,13119.21,13118.84,1.0,invert_divide,BTC
USDT,2025-03-17,1.0,0.9998,1.0,333353053.88,333411346.0,0.9999,direct,
XRP,2024-03-17,0.6245,0.5868,0.6026,89132988.93,54520131.43,0.6188,direct,
XRP,2024-03-18,0.6688,0.595,0.6188,169357298.98,105520098.91,0.6454,direct,
XRP,2024-03-19,0.6484,0.5716,0.6454,236596001.26,142142536.22,0.5846,direct,
XRP,2024-03-20,0.6188,0.5688,0.5846,179321921.74,106288862.48,0.6111,direct,
XRP,2024-03-21,0.654,0.5977,0.6111,191213492.01,119818939.11,0.6404,direct,
XRP,2024-03-22,0.645,0.5992,0.6404,139687680.94,86677069.96,0.6117,direct,
XRP,2024-03-23,0.6328,0.6036,0.6117,58842411.92,36561383.32,0.6168,direct,
XRP,2024-03-24,0.6356,0.6138,0.6168,68671910.48,43159156.58,0.6325,direct,
XRP,2024-03-25,0.6622,0.6268,0.6325,158367785.63,101558214.45,0.6406,direct,
XRP,2024-03-26,0.6529,0.6257,0.6406,100648332.08,64341838.67,0.6318,direct,
XRP,2024-03-27,0.6346,0.6065,0.6318,126531088.22,78559476.9,0.6115,direct,
XRP,2024-03-28,0.6369,0.6034,0.6115,140507642.54,87344125.64,0.6246,direct,
XRP,2024-03-29,0.645,0.6089,0.6246,126787035.76,79382981.95,0.6305,direct,
XRP,2024-03-30,0.6372,0.6182,0.6305,66469250.26,41709066.02,0.6217,direct,
XRP,2024-03-31,0.63,0.6209,0.6217,41367815.36,25914446.87,0.6292,direct,
XRP,2024-04-01,0.6334,0.5949,0.6292,116015935.71,70947755.07,0.6112,direct,
XRP,2024-04-02,0.6184,0.5792,0.6112,185289744.02,109860705.2,0.5855,direct,
XRP,2024-04-03,0.5932,0.5668,0.5855,133854542.77,77706694.01,0.5744,direct,
XRP,2024-04-04,0.6159,0.5625,0.5744,179749120.3,105825389.78,0.5937,direct,
XRP,2024-04-05,0.5941,0.5693,0.5937,116663175.99,68020047.18,0.5872,direct,
XRP,2024-04-06,0.5988,0.5858,0.5872,51357280.7,30364509.54,0.5931,direct,
XRP,2024-04-07,0.6029,0.5898,0.5931,55211427.2,32911977.14,0.5945,direct,
XRP,2024-04-08,0.6263,0.5884,0.5945,140692900.69,85848261.63,0.6147,direct,
XRP,2024-04-09,0.6425,0.6016,0.6147,151505939.49,94171294.4,0.6138,direct,
XRP,2024-04-10,0.6203,0.593,0.6138,125202045.2,76286246.01,0.6173,direct,
XRP,2024-04-11,0.6214,0.6031,0.6173,105030063.16,64491481.73,0.6087,direct,
XRP,2024-04-12,0.6156,0.51,0.6087,279151533.43,156702259.42,0.5474,direct,
XRP,2024-04-13,0.5491,0.4309,0.5474,365112474.36,179581538.69,0.4797,direct,
XRP,2024-04-14,0.5075,0.4647,0.4797,257944096.0,125314237.77,0.5038,direct,
XRP,2024-04-15,0.5193,0.4817,0.5038,190617091.43,95654768.94,0.4979,direct,
XRP,2024-04-16,0.5022,0.4762,0.4979,144161097.66,70782774.44,0.4968,direct,
XRP,2024-04-17,0.5143,0.4725,0.4968,161848759.6,79753234.75,0.4952,direct,
XRP,2024-04-18,0.5062,0.4858,0.4952,113884053.43,56505719.31,0.503,direct,
XRP,2024-04-19,0.5109,0.4671,0.503,170813104.23,84241171.97,0.5033,direct,
XRP,2024-04-20,0.5303,0.4987,0.5033,102934698.43,53366081.05,0.5291,direct,
XRP,2024-04-21,0.5368,0.5183,0.5291,63368752.38,33411924.56,0.5246,direct,
XRP,2024-04-22,0.5711,0.5224,0.5246,161024173.61,87715877.03,0.5562,direct,
XRP,2024-04-23,0.5584,0.542,0.5562,112735180.52,61916730.53,0.5446,direct,
XRP,2024-04-24,0.5517,0.5216,0.5446,131278909.78,70633184.29,0.5272,direct,
XRP,2024-04-25,0.5325,0.5139,0.5272,102126073.53,53535355.98,0.5253,direct,
XRP,2024-04-26,0.5356,0.5148,0.5253,91594609.85,48059500.83,0.5258,direct,
XRP,2024-04-27,0.5263,0.5081,0.5258,55009786.55,28434314.97,0.5178,direct,
XRP,2024-04-28,0.5249,0.5086,0.5178,34680165.52,17992483.18,0.5103,direct,
XRP,2024-04-29,0.5173,0.499,0.5103,93433742.49,47562352.63,0.5149,direct,
XRP,2024-04-30,0.5193,0.488,0.5149,126762184.32,63585433.54,0.5001,direct,
XRP,2024-05-01,0.5206,0.4788,0.5001,132012562.53,66019545.26,0.5169,direct,
XRP,2024-05-02,0.5244,0.5064,0.5169,109576111.33,56544956.34,0.5181,direct,
XRP,2024-05-03,0.5367,0.5147,0.5181,104040058.04,54489446.05,0.5319,direct,
XRP,2024-05-04,0.5409,0.5276,0.5319,44634676.97,23797997.64,0.5303,direct,
XRP,2024-05-05,0.5333,0.5243,0.5303,31220909.69,16519255.09,0.5297,direct,
XRP,2024-05-06,0.5695,0.525,0.5297,169468596.34,92580029.01,0.5402,direct,
XRP,2024-05-07,0.5441,0.5219,0.5402,84367261.93,45294804.48,0.5246,direct,
XRP,2024-05-08,0.5291,0.5152,0.5246,86858815.77,45387986.99,0.5169,direct,
XRP,2024-05-09,0.5234,0.5088,0.5169,75990902.67,39283618.9,0.5208,direct,
XRP,2024-05-10,0.5209,0.4981,0.5208,86847890.01,44280402.16,0.5022,direct,
XRP,2024-05-11,0.5074,0.5005,0.5022,30872525.95,15575248.07,0.5059,direct,
XRP,2024-05-12,0.5086,0.4963,0.5059,26548594.34,13366703.36,0.4992,direct,
XRP,2024-05-13,0.5119,0.4871,0.4992,87492501.48,43874606.62,0.5051,direct,
XRP,2024-05-14,0.5127,0.4972,0.5051,71932484.96,36296626.79,0.4999,direct,
XRP,2024-05-15,0.5199,0.4968,0.4999,86979776.81,44094279.47,0.5192,direct,
XRP,2024-05-16,0.5223,0.5128,0.5192,95803474.81,49587818.86,0.5158,direct,
XRP,2024-05-17,0.5289,0.5137,0.5158,74277985.37,38668122.39,0.5236,direct,
XRP,2024-05-18,0.5257,0.519,0.5236,27122975.82,14170574.74,0.5213,direct,
XRP,2024-05-19,0.5236,0.5068,0.5213,37812814.46,19478545.46,0.5096,direct,
XRP,2024-05-20,0.5379,0.5067,0.5096,110076351.73,57533476.61,0.5377,direct,
XRP,2024-05-21,0.557,0.5319,0.5377,153690584.34,83185068.85,0.537,direct,
XRP,2024-05-22,0.5379,0.5223,0.537,85944425.64,45703389.72,0.5266,direct,
XRP,2024-05-23,0.5475,0.5041,0.5266,156889465.81,82343592.84,0.5286,direct,
XRP,2024-05-24,0.5371,0.5169,0.5286,75057521.49,39754667.46,0.5358,direct,
XRP,2024-05-25,0.5425,0.5331,0.5358,41031262.95,22062406.82,0.5416,direct,
XRP,2024-05-26,0.5418,0.5256,0.5416,32793846.93,17526708.69,0.528,direct,
XRP,2024-05-27,0.5404,0.5232,0.528,59131410.45,31475417.41,0.5336,direct,
XRP,2024-05-28,0.5348,0.521,0.5336,60816265.49,32091626.78,0.5283,direct,
XRP,2024-05-29,0.5325,0.5196,0.5283,55318750.08,29150146.21,0.5231,direct,
XRP,2024-05-30,0.5276,0.5127,0.5231,67320606.41,35073995.81,0.5186,direct,
XRP,2024-05-31,0.5254,0.5117,0.5186,64453958.48,33436610.71,0.5171,direct,
XRP,2024-06-01,0.5214,0.517,0.5171,21224120.66,11018505.48,0.5184,direct,
XRP,2024-06-02,0.5205,0.5079,0.5184,31814940.36,16381557.09,0.5134,direct,
XRP,2024-06-03,0.5228,0.5117,0.5134,59824456.9,31092849.36,0.5199,direct,
XRP,2024-06-04,0.5303,0.5183,0.5199,66786827.22,35024877.3,0.5258,direct,
XRP,2024-06-05,0.5326,0.5241,0.5258,65693174.35,34628851.9,0.5259,direct,
XRP,2024-06-06,0.5278,0.5164,0.5259,56289680.27,29502966.33,0.5214,direct,
XRP,2024-06-07,0.5276,0.4565,0.5214,155578311.81,77620863.45,0.4989,direct,
XRP,2024-06-08,0.5005,0.4899,0.4989,47622051.35,23573913.71,0.4927,direct,
XRP,2024-06-09,0.4993,0.491,0.4927,26932905.0,13336591.69,0.4987,direct,
XRP,2024-06-10,0.5057,0.4934,0.4987,62345129.01,31086613.89,0.4967,direct,
XRP,2024-06-11,0.4968,0.4714,0.4967,123249480.09,59580079.29,0.4803,direct,
XRP,2024-06-12,0.4976,0.4743,0.4803,95818491.95,46748803.78,0.4916,direct,
XRP,2024-06-13,0.4916,0.4755,0.4916,73304319.11,35507611.44,0.4767,direct,
XRP,2024-06-14,0.481,0.4607,0.4767,96687797.25,45741072.62,0.4744,direct,
XRP,2024-06-15,0.5048,0.4738,0.4744,61558910.07,29949482.97,0.4905,direct,
XRP,2024-06-16,0.4992,0.4876,0.4905,44884483.23,22048991.37,0.4889,direct,
XRP,2024-06-17,0.5206,0.4837,0.4889,177412101.63,89555948.39,0.5048,direct,
XRP,2024-06-18,0.5293,0.4713,0.5048,188755523.58,92746647.12,0.4908,direct,
XRP,2024-06-19,0.4994,0.4868,0.4908,94779687.8,46748036.37,0.4932,direct,
XRP,2024-06-20,0.502,0.4882,0.4932,90079137.41,44603733.36,0.4885,direct,
XRP,2024-06-21,0.4954,0.4794,0.4885,90963285.34,44391302.8,0.4888,direct,
XRP,2024-06-22,0.4894,0.4818,0.4888,32529793.3,15825485.79,0.4865,direct,
XRP,2024-06-23,0.489,0.4752,0.4865,33689367.84,16280735.98,0.4795,direct,
XRP,2024-06-24,0.482,0.4622,0.4795,114204437.34,54098679.89,0.4738,direct,
XRP,2024-06-25,0.4797,0.4729,0.4738,70464820.3,33551401.1,0.4758,direct,
XRP,2024-06-26,0.4781,0.4655,0.4758,68684822.14,32444053.56,0.4695,direct,
XRP,2024-06-27,0.4767,0.4654,0.4695,61617064.29,29033915.39,0.4747,direct,
XRP,2024-06-28,0.4804,0.469,0.4747,74630224.12,35498932.22,0.4708,direct,
XRP,2024-06-29,0.4761,0.4708,0.4708,22935918.41,10865377.59,0.4719,direct,
XRP,2024-06-30,0.4776,0.4695,0.4719,30046742.75,14211025.01,0.4753,direct,
XRP,2024-07-01,0.4843,0.4748,0.4753,64111273.09,30695337.55,0.4767,direct,
XRP,2024-07-02,0.488,0.4755,0.4767,66435379.39,32056141.22,0.4846,direct,
XRP,2024-07-03,0.4861,0.4609,0.4846,101103520.74,48021790.56,0.4668,direct,
XRP,2024-07-04,0.4693,0.4314,0.4668,146697596.77,65783019.67,0.4328,direct,
XRP,2024-07-05,0.4333,0.3838,0.4328,231660504.82,95330683.77,0.4252,direct,
XRP,2024-07-06,0.4497,0.4236,0.4252,66131758.23,28874554.98,0.449,direct,
XRP,2024-07-07,0.4491,0.4183,0.449,62640736.65,27101641.18,0.4195,direct,
XRP,2024-07-08,0.4433,0.4035,0.4195,152169279.86,64799179.26,0.4316,direct,
XRP,2024-07-09,0.4379,0.4271,0.4316,88017503.75,38179101.42,0.4357,direct,
XRP,2024-07-10,0.4425,0.4313,0.4357,86955079.99,37980400.42,0.4388,direct,
XRP,2024-07-11,0.4534,0.4365,0.4388,96733829.35,43166573.52,0.4491,direct,
XRP,2024-07-12,0.4778,0.4446,0.4491,166150910.87,77161456.85,0.4746,direct,
XRP,2024-07-13,0.566,0.474,0.4746,322689126.16,168240945.45,0.5259,direct,
XRP,2024-07-14,0.5402,0.514,0.5259,141876059.14,74721301.84,0.5205,direct,
XRP,2024-07-15,0.5403,0.5204,0.5205,166362814.24,88384859.35,0.5375,direct,
XRP,2024-07-16,0.5945,0.5327,0.5375,275334532.94,156061797.1,0.5795,direct,
XRP,2024-07-17,0.6375,0.5787,0.5795,315983534.83,193073212.33,0.6261,direct,
XRP,2024-07-18,0.6367,0.5577,0.6261,262767645.8,154140699.63,0.5696,direct,
XRP,2024-07-19,0.5868,0.5404,0.5696,212015472.78,119139380.55,0.5736,direct,
XRP,2024-07-20,0.6048,0.5708,0.5736,116282561.17,68591836.12,0.594,direct,
XRP,2024-07-21,0.608,0.5733,0.594,101737808.54,60138185.64,0.5986,direct,
XRP,2024-07-22,0.6231,0.5858,0.5986,155733748.5,94636475.44,0.6083,direct,
XRP,2024-07-23,0.6172,0.5808,0.6083,127108626.28,76142733.2,0.5978,direct,
XRP,2024-07-24,0.6328,0.5918,0.5978,150239006.84,92822113.06,0.6183,direct,
XRP,2024-07-25,0.6255,0.5842,0.6183,181470962.87,110136063.02,0.5995,direct,
XRP,2024-07-26,0.6091,0.5861,0.5995,116308303.26,69689603.95,0.6035,direct,
XRP,2024-07-27,0.6093,0.584,0.6035,69209258.08,41421431.59,0.5959,direct,
XRP,2024-07-28,0.6143,0.5914,0.5959,52702449.78,31761213.23,0.6016,direct,
XRP,2024-07-29,0.6121,0.592,0.6016,78141456.49,47226801.56,0.6019,direct,
XRP,2024-07-30,0.6371,0.5956,0.6019,168338009.55,104677779.7,0.6276,direct,
XRP,2024-07-31,0.6585,0.6218,0.6276,213750425.61,137588010.86,0.6229,direct,
XRP,2024-08-01,0.6302,0.5679,0.6229,179304435.62,107104100.15,0.596,direct,
XRP,2024-08-02,0.5963,0.5461,0.596,152664518.01,86734519.13,0.5601,direct,
XRP,2024-08-03,0.5771,0.5404,0.5601,97835703.37,54663151.77,0.5557,direct,
XRP,2024-08-04,0.5588,0.5138,0.5557,96833253.09,51746934.57,0.5228,direct,
XRP,2024-08-05,0.5254,0.4322,0.5228,396334280.79,187275852.19,0.4891,direct,
XRP,2024-08-06,0.5191,0.4881,0.4891,164885876.04,84004892.95,0.5063,direct,
XRP,2024-08-07,0.6444,0.4925,0.5063,453456989.18,261035770.62,0.6004,direct,
XRP,2024-08-08,0.6425,0.5787,0.6004,323462873.63,197725608.9,0.6169,direct,
XRP,2024-08-09,0.6247,0.5678,0.6169,192937109.38,113982177.03,0.5809,direct,
XRP,2024-08-10,0.602,0.5785,0.5809,78461526.68,46397797.22,0.5843,direct,
XRP,2024-08-11,0.5936,0.5456,0.5843,99018126.08,56452892.4,0.553,direct,
XRP,2024-08-12,0.5794,0.5502,0.553,132589610.78,75369333.98,0.5685,direct,
XRP,2024-08-13,0.5835,0.5629,0.5685,115969968.39,66582727.77,0.5771,direct,
XRP,2024-08-14,0.5825,0.5646,0.5771,112758828.25,64756733.16,0.5689,direct,
XRP,2024-08-15,0.5753,0.5511,0.5689,116680910.72,65830115.15,0.5609,direct,
XRP,2024-08-16,0.5709,0.5537,0.5609,88311483.04,49770000.64,0.5641,direct,
XRP,2024-08-17,0.571,0.5614,0.5641,41124211.12,23277067.52,0.5667,direct,
XRP,2024-08-18,0.5841,0.5629,0.5667,53013803.77,30279765.06,0.5631,direct,
XRP,2024-08-19,0.6089,0.5611,0.5631,151664003.59,89116328.29,0.5987,direct,
XRP,2024-08-20,0.6151,0.588,0.5987,136946445.21,82489422.71,0.5939,direct,
XRP,2024-08-21,0.6056,0.5857,0.5939,103502450.91,61823647.55,0.6003,direct,
XRP,2024-08-22,0.6043,0.5926,0.6003,69119018.62,41388151.74,0.5978,direct,
XRP,2024-08-23,0.616,0.5912,0.5978,112011451.59,67547258.98,0.6114,direct,
XRP,2024-08-24,0.631,0.605,0.6114,94143724.39,58105405.84,0.6131,direct,
XRP,2024-08-25,0.6141,0.5959,0.6131,61650312.0,37211824.12,0.6003,direct,
XRP,2024-08-26,0.6023,0.5794,0.6003,91875681.93,54312167.32,0.5875,direct,
XRP,2024-08-27,0.6003,0.5532,0.5875,120908074.69,70670199.01,0.567,direct,
XRP,2024-08-28,0.5844,0.5561,0.567,115528856.23,65953261.91,0.5695,direct,
XRP,2024-08-29,0.5769,0.5577,0.5695,80199226.87,45702010.66,0.5622,direct,
XRP,2024-08-30,0.5676,0.5464,0.5622,89686363.55,50186117.8,0.5667,direct,
XRP,2024-08-31,0.5722,0.5626,0.5667,33602784.98,19046711.47,0.5663,direct,
XRP,2024-09-01,0.5667,0.5437,0.5663,51368566.83,28544746.42,0.5474,direct,
XRP,2024-09-02,0.5686,0.5445,0.5474,55356567.08,30781209.47,0.5677,direct,
XRP,2024-09-03,0.573,0.5563,0.5677,58961507.89,33311109.27,0.5572,direct,
XRP,2024-09-04,0.5651,0.5332,0.5572,86687354.45,47930240.86,0.5581,direct,
XRP,2024-09-05,0.5597,0.54,0.5581,61351609.31,33692998.76,0.5443,direct,
XRP,2024-09-06,0.5471,0.503,0.5443,130722020.48,68912190.74,0.5211,direct,
XRP,2024-09-07,0.5328,0.5196,0.5211,46833157.46,24673135.01,0.5249,direct,
XRP,2024-09-08,0.5314,0.5208,0.5249,36544383.42,19256218.68,0.5295,direct,
XRP,2024-09-09,0.543,0.5269,0.5295,66617112.36,35533909.68,0.5396,direct,
XRP,2024-09-10,0.5428,0.5338,0.5396,53454403.28,28760322.1,0.5408,direct,
XRP,2024-09-11,0.5413,0.5232,0.5408,58658224.93,31287618.8,0.5349,direct,
XRP,2024-09-12,0.5881,0.5336,0.5349,148582217.21,83238651.72,0.5627,direct,
XRP,2024-09-13,0.5748,0.5558,0.5627,106478734.28,60413594.78,0.5731,direct,
XRP,2024-09-14,0.5994,0.5697,0.5731,121068615.33,71040434.5,0.5959,direct,
XRP,2024-09-15,0.5961,0.5689,0.5959,69142754.01,40387528.25,0.5707,direct,
XRP,2024-09-16,0.5913,0.5597,0.5707,100639488.38,57801902.01,0.5866,direct,
XRP,2024-09-17,0.5934,0.579,0.5866,83347003.32,48915838.06,0.584,direct,
XRP,2024-09-18,0.5859,0.5622,0.584,96641430.13,55566009.02,0.5853,direct,
XRP,2024-09-19,0.5947,0.5814,0.5853,112322195.53,66006711.21,0.5871,direct,
XRP,2024-09-20,0.5928,0.5764,0.5871,102242009.98,59752748.72,0.5852,direct,
XRP,2024-09-21,0.6126,0.5801,0.5852,78200518.97,46591628.04,0.5978,direct,
XRP,2024-09-22,0.6051,0.5785,0.5978,73263290.69,43390008.7,0.5873,direct,
XRP,2024-09-23,0.5959,0.579,0.5873,87541550.27,51453368.51,0.5849,direct,
XRP,2024-09-24,0.5929,0.5814,0.5849,93595920.58,54968867.37,0.5913,direct,
XRP,2024-09-25,0.5956,0.5821,0.5913,78765517.82,46348467.77,0.5828,direct,
XRP,2024-09-26,0.5964,0.574,0.5828,111315047.63,65443813.02,0.5907,direct,
XRP,2024-09-27,0.5972,0.5828,0.5907,109051953.5,64228133.85,0.5888,direct,
XRP,2024-09-28,0.626,0.5858,0.5888,187996815.52,115131373.05,0.6141,direct,
XRP,2024-09-29,0.6648,0.6079,0.6141,219815531.66,140734068.13,0.6414,direct,
XRP,2024-09-30,0.6545,0.6089,0.6414,182344194.07,115384714.53,0.6113,direct,
XRP,2024-10-01,0.6341,0.5781,0.6113,248263142.76,151305226.7,0.5968,direct,
XRP,2024-10-02,0.6066,0.5268,0.5968,319718764.01,180781679.1,0.5382,direct,
XRP,2024-10-03,0.5446,0.5071,0.5382,296296709.78,155616974.02,0.522,direct,
XRP,2024-10-04,0.5392,0.515,0.522,167694455.41,88228747.24,0.5341,direct,
XRP,2024-10-05,0.5353,0.5263,0.5341,61075412.37,32436660.68,0.5295,direct,
XRP,2024-10-06,0.5371,0.528,0.5295,49829588.61,26526429.4,0.5337,direct,
XRP,2024-10-07,0.5457,0.5285,0.5337,112225312.63,60463793.11,0.5286,direct,
XRP,2024-10-08,0.5354,0.521,0.5286,82057112.02,43442018.31,0.5309,direct,
XRP,2024-10-09,0.5344,0.5208,0.5309,76131043.5,40305011.29,0.524,direct,
XRP,2024-10-10,0.5442,0.5223,0.524,113240919.74,60156516.35,0.5301,direct,
XRP,2024-10-11,0.5418,0.5293,0.5301,86920214.89,46689086.5,0.5386,direct,
XRP,2024-10-12,0.5431,0.5353,0.5386,46644749.87,25147657.07,0.5393,direct,
XRP,2024-10-13,0.5395,0.5251,0.5393,57507495.39,30565840.41,0.5317,direct,
XRP,2024-10-14,0.5521,0.5281,0.5317,96721682.6,52400698.0,0.5482,direct,
XRP,2024-10-15,0.5554,0.5316,0.5482,113188872.45,61538057.89,0.5417,direct,
XRP,2024-10-16,0.5538,0.5374,0.5417,89868330.97,49087125.94,0.5482,direct,
XRP,2024-10-17,0.5665,0.5418,0.5482,124359140.85,68764076.92,0.544,direct,
XRP,2024-10-18,0.5528,0.5394,0.544,79040940.08,43157931.33,0.5467,direct,
XRP,2024-10-19,0.5498,0.5408,0.5467,41512005.21,22628183.85,0.5441,direct,
XRP,2024-10-20,0.5486,0.5368,0.5441,46925446.62,25468585.58,0.5481,direct,
XRP,2024-10-21,0.5603,0.5409,0.5481,99865477.22,54854969.16,0.5447,direct,
XRP,2024-10-22,0.5492,0.5288,0.5447,89196880.61,47869612.56,0.5336,direct,
XRP,2024-10-23,0.5337,0.5113,0.5336,93842039.51,49146449.15,0.5254,direct,
XRP,2024-10-24,0.5335,0.5237,0.5254,63369462.08,33533274.62,0.5319,direct,
XRP,2024-10-25,0.5319,0.4866,0.5319,120144453.16,61633077.65,0.5013,direct,
XRP,2024-10-26,0.5146,0.4981,0.5013,60335611.52,30726705.94,0.5129,direct,
XRP,2024-10-27,0.5174,0.5103,0.5129,44220564.98,22737702.03,0.5163,direct,
XRP,2024-10-28,0.5211,0.511,0.5163,74938082.58,38717814.54,0.5192,direct,
XRP,2024-10-29,0.5307,0.5182,0.5192,103905290.07,54559006.02,0.5284,direct,
XRP,2024-10-30,0.5284,0.5192,0.5284,70621954.46,36966633.67,0.5228,direct,
XRP,2024-10-31,0.5235,0.5029,0.5228,85319243.3,43810591.45,0.5089,direct,
XRP,2024-11-01,0.5238,0.5021,0.5089,107851122.04,55602894.8,0.5128,direct,
XRP,2024-11-02,0.5158,0.5062,0.5128,40642046.31,20766273.02,0.5103,direct,
XRP,2024-11-03,0.511,0.4918,0.5103,83308308.8,41654123.93,0.5028,direct,
XRP,2024-11-04,0.5142,0.4957,0.5028,93350793.53,47271052.5,0.5032,direct,
XRP,2024-11-05,0.5185,0.5017,0.5032,91764633.18,46820219.31,0.5141,direct,
XRP,2024-11-06,0.5473,0.5138,0.5141,206172308.88,110071771.42,0.5425,direct,
XRP,2024-11-07,0.5791,0.5383,0.5425,174637768.96,96931875.21,0.556,direct,
XRP,2024-11-08,0.5604,0.5419,0.556,126281539.89,69618643.73,0.5541,direct,
XRP,2024-11-09,0.5621,0.544,0.5541,116501081.96,64258216.18,0.5596,direct,
XRP,2024-11-10,0.6187,0.5558,0.5596,409963638.78,242864614.22,0.5889,direct,
XRP,2024-11-11,0.6341,0.5708,0.5889,390730469.64,234248327.98,0.6217,direct,
XRP,2024-11-12,0.7414,0.5979,0.6217,1046442445.27,699757555.46,0.7051,direct,
XRP,2024-11-13,0.7487,0.6417,0.7051,761589957.93,527927962.98,0.6909,direct,
XRP,2024-11-14,0.8547,0.6833,0.6909,924365552.49,697386131.53,0.7737,direct,
XRP,2024-11-15,0.9276,0.7708,0.7737,1017086374.29,868232886.09,0.8928,direct,
XRP,2024-11-16,1.27,0.8784,0.8928,1364539699.45,1471784561.41,1.121,direct,
XRP,2024-11-17,1.161,1.003,1.121,738885356.5,790195513.06,1.054,direct,
XRP,2024-11-18,1.186,1.054,1.054,717125447.5,810684686.21,1.115,direct,
XRP,2024-11-19,1.148,1.07,1.115,398435416.68,439930291.16,1.102,direct,
XRP,2024-11-20,1.151,1.058,1.102,426787818.25,471443631.5,1.105,direct,
XRP,2024-11-21,1.264,1.08,1.105,695263534.44,804204058.58,1.248,direct,
XRP,2024-11-22,1.502,1.247,1.248,1198279717.16,1679264063.32,1.474,direct,
XRP,2024-11-23,1.634,1.423,1.474,834163134.68,1278152718.24,1.47,direct,
XRP,2024-11-24,1.514,1.278,1.47,704431537.4,985347623.9,1.434,direct,
XRP,2024-11-25,1.54,1.357,1.434,692608073.75,1004023777.35,1.414,direct,
XRP,2024-11-26,1.459,1.284,1.414,584500721.11,805828223.16,1.398,direct,
XRP,2024-11-27,1.524,1.352,1.398,461266222.39,665554215.0,1.471,direct,
XRP,2024-11-28,1.547,1.431,1.471,335566540.9,495364955.6,1.543,direct,
XRP,2024-11-29,1.816,1.524,1.543,753932416.21,1260420577.77,1.802,direct,
XRP,2024-11-30,1.959,1.765,1.802,746767336.47,1399344545.01,1.953,direct,
XRP,2024-12-01,2.351,1.85,1.953,836584956.79,1710615065.74,2.296,direct,
XRP,2024-12-02,2.874,2.21,2.296,1818008628.86,4604056718.96,2.728,direct,
XRP,2024-12-03,2.902,2.241,2.728,1249379710.27,3237472483.49,2.512,direct,
XRP,2024-12-04,2.681,2.286,2.512,822516801.89,2037360297.43,2.362,direct,
XRP,2024-12-05,2.497,2.17,2.362,876755504.09,2040826052.42,2.247,direct,
XRP,2024-12-06,2.469,2.228,2.247,469200603.46,1100905837.64,2.43,direct,
XRP,2024-12-07,2.622,2.388,2.43,452367831.54,1126609907.56,2.612,direct,
XRP,2024-12-08,2.648,2.487,2.612,371079227.76,955052014.93,2.604,direct,
XRP,2024-12-09,2.609,2.0,2.604,745149760.0,1749419771.45,2.214,direct,
XRP,2024-12-10,2.424,1.9,2.214,1232210511.0,2657640774.0,2.373,direct,
XRP,2024-12-11,2.473,2.232,2.373,573142344.08,1355458915.06,2.396,direct,
XRP,2024-12-12,2.485,2.31,2.396,405600405.57,975868948.89,2.339,direct,
XRP,2024-12-13,2.478,2.285,2.339,325482704.55,777996206.67,2.423,direct,
XRP,2024-12-14,2.531,2.355,2.423,254313475.31,618462641.72,2.4,direct,
XRP,2024-12-15,2.472,2.368,2.4,226271944.9,546211604.58,2.446,direct,
XRP,2024-12-16,2.587,2.336,2.446,448881483.26,1101974406.57,2.485,direct,
XRP,2024-12-17,2.726,2.441,2.485,483789899.47,1257776030.09,2.567,direct,
XRP,2024-12-18,2.591,2.25,2.567,485464072.58,1189042488.38,2.309,direct,
XRP,2024-12-19,2.43,2.157,2.309,505777577.71,1153916989.29,2.237,direct,
XRP,2024-12-20,2.353,1.958,2.237,584322949.09,1271496581.24,2.279,direct,
XRP,2024-12-21,2.384,2.191,2.279,227226457.78,517002080.31,2.236,direct,
XRP,2024-12-22,2.292,2.158,2.236,190859157.06,424009618.1,2.201,direct,
XRP,2024-12-23,2.276,2.13,2.201,262596659.02,575882043.01,2.259,direct,
XRP,2024-12-24,2.349,2.211,2.259,171257148.04,391779339.09,2.322,direct,
XRP,2024-12-25,2.33,2.26,2.322,99043690.94,227122138.31,2.296,direct,
XRP,2024-12-26,2.314,2.127,2.296,175159649.87,383093858.79,2.154,direct,
XRP,2024-12-27,2.235,2.112,2.154,179310664.5,388263399.08,2.143,direct,
XRP,2024-12-28,2.203,2.132,2.143,93323268.6,202562433.74,2.181,direct,
XRP,2024-12-29,2.194,2.069,2.181,110738759.84,236397727.32,2.091,direct,
XRP,2024-12-30,2.148,1.993,2.091,269175481.13,555885271.49,2.055,direct,
XRP,2024-12-31,2.146,2.01,2.055,181434753.9,376858119.76,2.08,direct,
XRP,2025-01-01,2.349,2.077,2.08,297605843.03,662533038.47,2.328,direct,
XRP,2025-01-02,2.447,2.326,2.328,291041058.98,697245702.4,2.401,direct,
XRP,2025-01-03,2.478,2.395,2.401,212350354.26,517782300.15,2.453,direct,
XRP,2025-01-04,2.507,2.401,2.453,148693293.92,363501970.81,2.419,direct,
XRP,2025-01-05,2.428,2.328,2.419,124703660.85,296928010.71,2.399,direct,
XRP,2025-01-06,2.459,2.366,2.399,138062308.49,333508283.32,2.421,direct,
XRP,2025-01-07,2.468,2.258,2.421,269649102.68,632117157.63,2.271,direct,
XRP,2025-01-08,2.399,2.2,2.271,303216672.46,701245553.68,2.373,direct,
XRP,2025-01-09,2.394,2.234,2.373,226189183.48,521153174.92,2.273,direct,
XRP,2025-01-10,2.37,2.247,2.273,185185708.49,427192112.76,2.341,direct,
XRP,2025-01-11,2.601,2.325,2.341,311199264.11,770229752.63,2.576,direct,
XRP,2025-01-12,2.582,2.469,2.576,194080075.63,489665585.05,2.503,direct,
XRP,2025-01-13,2.562,2.33,2.503,350202135.32,861931813.04,2.523,direct,
XRP,2025-01-14,2.693,2.512,2.523,327473436.54,854307534.62,2.668,direct,
XRP,2025-01-15,3.2,2.648,2.668,777721303.54,2256843370.92,3.143,direct,
XRP,2025-01-16,3.4,2.92,3.143,939359006.31,3014673902.49,3.243,direct,
XRP,2025-01-17,3.352,3.177,3.243,436267448.99,1424636216.12,3.294,direct,
XRP,2025-01-18,3.305,3.059,3.294,363541457.29,1156875172.81,3.266,direct,
XRP,2025-01-19,3.289,2.839,3.266,463108746.11,1436945270.79,2.955,direct,
XRP,2025-01-20,3.365,2.909,2.955,534598090.34,1692277205.14,3.102,direct,
XRP,2025-01-21,3.24,3.011,3.102,275668104.67,862837682.51,3.175,direct,
XRP,2025-01-22,3.285,3.132,3.175,238992230.06,764090645.85,3.178,direct,
XRP,2025-01-23,3.184,3.036,3.178,260172838.24,809969064.31,3.12,direct,
XRP,2025-01-24,3.204,3.055,3.12,200473448.14,629925239.85,3.101,direct,
XRP,2025-01-25,3.144,3.078,3.101,103723417.22,323189334.75,3.107,direct,
XRP,2025-01-26,3.143,3.012,3.107,131936290.11,409598816.53,3.022,direct,
XRP,2025-01-27,3.059,2.656,3.022,561758000.04,1627656015.01,3.055,direct,
XRP,2025-01-28,3.214,3.006,3.055,294144579.75,916635754.44,3.056,direct,
XRP,2025-01-29,3.136,2.968,3.056,224173252.52,688470198.57,3.068,direct,
XRP,2025-01-30,3.155,3.047,3.068,146164701.71,455360745.33,3.128,direct,
XRP,2025-01-31,3.134,3.001,3.128,146456143.22,449217410.74,3.035,direct,
XRP,2025-02-01,3.072,2.829,3.035,182831285.96,540304448.76,2.878,direct,
XRP,2025-02-02,2.955,2.473,2.878,626538200.32,1676820868.14,2.58,direct,
XRP,2025-02-03,2.785,1.783,2.58,1436967910.77,3394486801.74,2.704,direct,
XRP,2025-02-04,2.797,2.421,2.704,575159167.33,1493850106.33,2.528,direct,
XRP,2025-02-05,2.57,2.345,2.528,323288920.2,797562497.76,2.381,direct,
XRP,2025-02-06,2.47,2.28,2.381,283840644.5,670801385.49,2.326,direct,
XRP,2025-02-07,2.542,2.268,2.326,364520414.51,879839647.98,2.398,direct,
XRP,2025-02-08,2.436,2.352,2.398,124643522.52,299370953.88,2.42,direct,
XRP,2025-02-09,2.509,2.311,2.42,191508863.12,462300495.73,2.394,direct,
XRP,2025-02-10,2.473,2.325,2.394,180014973.08,433768636.36,2.424,direct,
XRP,2025-02-11,2.529,2.371,2.424,209717585.11,514601793.97,2.413,direct,
XRP,2025-02-12,2.496,2.333,2.413,211507803.27,510502015.59,2.474,direct,
XRP,2025-02-13,2.608,2.416,2.474,206780687.81,513940818.2,2.56,direct,
XRP,2025-02-14,2.836,2.531,2.56,352652534.62,953408756.74,2.739,direct,
XRP,2025-02-15,2.834,2.714,2.739,168226516.24,467419209.43,2.762,direct,
XRP,2025-02-16,2.805,2.692,2.762,121937169.97,335441952.66,2.729,direct,
XRP,2025-02-17,2.764,2.607,2.729,189550816.59,506496866.53,2.66,direct,
XRP,2025-02-18,2.67,2.469,2.66,247463754.74,633066268.65,2.561,direct,
XRP,2025-02-19,2.746,2.512,2.561,226528431.52,592985791.47,2.738,direct,
XRP,2025-02-20,2.748,2.668,2.738,163941363.43,442966984.8,2.689,direct,
XRP,2025-02-21,2.716,2.507,2.689,243757563.15,637133329.3,2.571,direct,
XRP,2025-02-22,2.61,2.551,2.571,81732780.98,211092826.47,2.574,direct,
XRP,2025-02-23,2.602,2.521,2.574,91853666.53,235074705.39,2.576,direct,
XRP,2025-02-24,2.607,2.237,2.576,366702091.39,886481958.4,2.277,direct,
XRP,2025-02-25,2.364,2.064,2.277,680730523.89,1511344985.47,2.32,direct,
XRP,2025-02-26,2.328,2.15,2.32,309479164.44,693297179.55,2.196,direct,
XRP,2025-02-27,2.256,2.143,2.196,234809615.43,516070997.16,2.197,direct,
XRP,2025-02-28,2.2,1.95,2.197,459212458.2,950034489.48,2.145,direct,
XRP,2025-03-01,2.22,2.121,2.145,149416453.88,324400161.83,2.191,direct,
XRP,2025-03-02,3.0,2.174,2.191,765691436.73,2068779776.15,2.94,direct,
XRP,2025-03-03,2.967,2.298,2.94,689063606.74,1781929318.64,2.386,direct,
XRP,2025-03-04,2.537,2.212,2.386,583653564.41,1386591248.42,2.454,direct,
XRP,2025-03-05,2.54,2.408,2.454,269914722.87,668517799.49,2.5,direct,
XRP,2025-03-06,2.645,2.471,2.5,301950209.41,777095869.02,2.6,direct,
XRP,2025-03-07,2.62,2.343,2.6,509593081.63,1255891349.65,2.384,direct,
XRP,2025-03-08,2.41,2.302,2.384,149247809.54,350477453.06,2.325,direct,
XRP,2025-03-09,2.351,2.083,2.325,321349471.75,703030255.64,2.138,direct,
XRP,2025-03-10,2.261,1.992,2.138,469265829.24,990685541.75,2.02,direct,
XRP,2025-03-11,2.214,1.9,2.02,485320398.27,1009132264.49,2.17,direct,
XRP,2025-03-12,2.274,2.133,2.17,333633672.21,735667000.36,2.239,direct,
XRP,2025-03-13,2.346,2.214,2.239,270005768.85,612647084.83,2.252,direct,
XRP,2025-03-14,2.39,2.237,2.252,201817376.73,469287633.2,2.356,direct,
XRP,2025-03-15,2.476,2.353,2.356,148046204.52,357633437.23,2.391,direct,
XRP,2025-03-16,2.411,2.268,2.391,163866970.73,381182343.38,2.294,direct,
XRP,2025-03-17,2.369,2.292,2.294,89777860.72,209899091.63,2.342,direct,
