,id,guid,published_on,imageurl,title,url,body,tags,lang,upvotes,downvotes,categories,source_info,source,date
0,41834234,https://en.coinotag.com/breakingnews/aptos-launches-lfm-program-to-support-ecosystem-projects-ahead-of-token-generation-events/,1742257673,https://resources.cryptocompare.com/news/77/41834234.jpeg,Aptos Launches LFM Program to Support Ecosystem Projects Ahead of Token Generation Events,https://en.coinotag.com/breakingnews/aptos-launches-lfm-program-to-support-ecosystem-projects-ahead-of-token-generation-events/,"On March 18th, COINOTAG News reported that Aptos has officially introduced the LFM program, which is designed to assist ecosystem projects in successfully navigating the complexities of Token Generation Events",APT,EN,0,0,APT,"{'name': 'CoinOtag', 'img': 'https://resources.cryptocompare.com/news/77/default.png', 'lang': 'EN'}",coinotag,2025-03-18 00:27:53
1,41833478,https://en.coin-turk.com/?p=186034,1742256531,https://resources.cryptocompare.com/news/79/41833478.jpeg,Solana Futures Launch Sparks Increased Interest in Regulated Crypto Products,https://en.coin-turk.com/solana-futures-launch-sparks-increased-interest-in-regulated-crypto-products/,"Solana futures have launched on CME, responding to rising trader demand. Technical analyses reveal mixed signals for Solana's current market position. Continue Reading: Solana Futures Launch Sparks Increased Interest in Regulated Crypto Products The post Solana Futures Launch Sparks Increased Interest in Regulated Crypto Products appeared first on COINTURK NEWS .",Solana (SOL),EN,0,0,SOL|MARKET|TRADING,"{'name': 'CoinTurk News', 'img': 'https://resources.cryptocompare.com/news/79/default.png', 'lang': 'EN'}",cointurken,2025-03-18 00:08:51
2,41833522,https://en.coinotag.com/breakingnews/world-liberty-financial-raises-550-million-in-token-sale-amid-controversy-surrounding-trumps-involvement/,1742256513,https://resources.cryptocompare.com/news/77/41833522.jpeg,World Liberty Financial Raises $550 Million in Token Sale Amid Controversy Surrounding Trump’s Involvement,https://en.coinotag.com/breakingnews/world-liberty-financial-raises-550-million-in-token-sale-amid-controversy-surrounding-trumps-involvement/,"On March 18th, COINOTAG reported significant developments regarding the cryptocurrency initiative backed by former U.S. President Donald Trump, known as World Liberty Financial (WLFI). This venture has successfully wrapped up",,EN,0,0,TOKEN SALE|REGULATION,"{'name': 'CoinOtag', 'img': 'https://resources.cryptocompare.com/news/77/default.png', 'lang': 'EN'}",coinotag,2025-03-18 00:08:33
3,41833515,https://en.bitcoinsistemi.com/ethereum-analysts-reveal-two-critical-levels-to-overcome-and-points-to-protect-for-a-rally/,1742256488,https://resources.cryptocompare.com/news/81/41833515.jpeg,Ethereum Analysts Reveal Two Critical Levels to Overcome and Points to Protect for a Rally,https://en.bitcoinsistemi.com/ethereum-analysts-reveal-two-critical-levels-to-overcome-and-points-to-protect-for-a-rally/,"Ethereum has faced significant selling pressure in recent weeks and has repeatedly tested lower support levels. According to the latest analysis by crypto research firm MakroVision, ETH has not seen a strong buying reaction so far. The key question now is whether Ethereum has formed a bottom or if the decline will continue. Analysis shows that Ethereum has dropped below multiple support zones and is revisiting deeper liquidity areas. Despite the brief stabilization, no sustained buying momentum has been seen, leaving the risk of further declines high. Analysts list the key critical price zones for ETH as follows: $2,132: First major hurdle. Ethereum must reclaim this level to start a potential recovery. $2,400: A critical area with descending trend lines. Breaking above this level could signal a trend reversal. $1,730: This level has held so far, but another test could weaken the support. $1,544: The lowest liquidity zone, likely the next target if Ethereum breaks below $1,730. Related News: Binance Finally Brought The Expected Feature: Added to the Home Page, Here are the Impacted Altcoins At the time of writing, ETH is trading at $1,939. *This is not investment advice. Continue Reading: Ethereum Analysts Reveal Two Critical Levels to Overcome and Points to Protect for a Rally",Analysis|Ethereum|News,EN,0,0,ETH|TRADING|MARKET|ALTCOIN|BNB,"{'name': 'BitcoinSistemi', 'img': 'https://resources.cryptocompare.com/news/81/default.png', 'lang': 'EN'}",bitcoinsistemi,2025-03-18 00:08:08
4,41833373,https://en.coinotag.com/senate-hearing-scheduled-for-paul-atkins-could-advance-his-nomination-as-sec-chair-with-a-potential-focus-on-crypto-regulations/,1742256229,https://resources.cryptocompare.com/news/77/41833373.jpeg,Senate Hearing Scheduled for Paul Atkins Could Advance His Nomination as SEC Chair with a Potential Focus on Crypto Regulations,https://en.coinotag.com/senate-hearing-scheduled-for-paul-atkins-could-advance-his-nomination-as-sec-chair-with-a-potential-focus-on-crypto-regulations/,The landscape of cryptocurrency regulation in the United States is poised for a significant change as Paul Atkins inches closer to becoming the SEC chair. Atkins’ potential leadership could tilt,News,EN,0,0,REGULATION,"{'name': 'CoinOtag', 'img': 'https://resources.cryptocompare.com/news/77/default.png', 'lang': 'EN'}",coinotag,2025-03-18 00:03:49
5,41833304,https://coingape.com/?p=244522,1742256217,https://images.cryptocompare.com/news/default/coingape.png,Ethereum Price Remains In Deep Correction As Standard Chartered Slashes ETH Target By 60%,https://coingape.com/ethereum-price-remains-in-deep-correction-as-standard-chartered-slashes-eth-target-by-60/,"Ethereum price is heading into a long-term correction driven by a wave of on-chain and fundamentals. Standard Chartered’s decision to ditch its Ethereum to $10K prediction is the latest in a series of negatives for the asset. Ethereum Price Continues In Descending Channel Recent price movements for Ethereum (ETH) are unpromising with analysts predicting a steeper drop for the asset. At the moment, Ethereum’s price hovers around $1,930 continuing its unenthusiastic ranging pattern. The MACD indicator confirms widespread buying weakness for the second-largest cryptocurrency with bears reigning supreme. Moving averages are pointing to a neutral trend for Ethereum price, sparking theories over a possible consolidation for the asset. “The price continues to move in a descending channel, indicating a possible continuation of consolidation,” said the pseudonymous LVelarde. At the moment, the Ethereum price is consolidating below the 5-day and 200-day moving averages (MA) with traders scanning the horizon for a potential breakout or rejection. Since ETH fell below $2,000 , a slew of dour sentiment has trailed the asset, casting doubt over its long-term future. “In the short term, technical indicators point to a possible retest of support around $1,800-$1,850, and a break below could reinforce the bearish movement,” said LVelarde. Standard Chartered Slashes Its ETH Prediction Ethereum’s community was roiled by Standard Chartered’s reduction of its ETH prediction for 2025 from $10,000 to $4,000. According to a note, Standard Chartered analysts are predicting ETH will continue underperforming ahead of its 10th anniversary. Analysts termed Ethereum’s decline as a “mid-life crisis” with layer 2 Base taking off $50 billion from ETH’s market capitalization. Meanwhile, the incoming Converge blockchain will snag a portion of Ethereum’s market cap as experts call for a radical change. “Only a proactive change of commercial direction from the Ethereum Foundation – such as taxing layer 2 – could achieve that now, in our view,” read the note. Ethereum ETFs have faltered with the inbound 21Shares liquidations of Bitcoin and Ethereum Futures ETFs. Experts say that Pectra activation on the mainnet can trigger a fresh rally for Ethereum price to a $5,000 valuation. The post Ethereum Price Remains In Deep Correction As Standard Chartered Slashes ETH Target By 60% appeared first on CoinGape .",24/7 Cryptocurrency News|Altcoin News|Ethereum News|Ethereum|Ethereum (ETH) price|Standard Chartered,EN,0,0,ETH|TRADING|MARKET|BLOCKCHAIN|BTC,"{'name': 'CoinGape', 'img': 'https://images.cryptocompare.com/news/default/coingape.png', 'lang': 'EN'}",coingape,2025-03-18 00:03:37
6,41833309,https://u.today/shiba-inu-shib-reaches-crucial-price-test-ethereum-eth-eyeing-2000-again-can-xrp-avoid-this-grim,1742256060,https://resources.cryptocompare.com/news/64/41833309.jpeg,"Shiba Inu (SHIB) Reaches Crucial Price Test, Ethereum (ETH) Eyeing $2,000 Again, Can XRP Avoid This Grim Movement?",https://u.today/shiba-inu-shib-reaches-crucial-price-test-ethereum-eth-eyeing-2000-again-can-xrp-avoid-this-grim,"Market certainly getting tested by bears, and it will most likely be detrimental in future",Ethereum|ETH,EN,0,0,ETH|SHIB|TRADING|XRP|MARKET,"{'name': 'U.Today', 'img': 'https://images.cryptocompare.com/news/default/utoday.png', 'lang': 'EN'}",utoday,2025-03-18 00:01:00
7,41833303,https://cointelegraph.com/news/trumps-sec-chair-paul-atkins-senate-committee-hearing,1742256039,https://images.cryptocompare.com/news/default/cointelegraph.png,Paul Atkins closes in on SEC chair role amid setbacks: Report,https://cointelegraph.com/news/trumps-sec-chair-paul-atkins-senate-committee-hearing?utm_source=rss_feed&utm_medium=rss&utm_campaign=rss_partner_inbound,"Paul Atkins could move one step closer to becoming the US Securities and Exchange Commission’s new crypto-friendly chair, with a Senate committee hearing reportedly in the works for March 27. President Donald Trump nominated Atkins to lead the SEC on Dec. 4, but his marriage into a billionaire family has reportedly caused headaches with financial disclosures — delaying his potential start date. While it isn’t clear whether the White House has produced those papers to the Senate, Senate Banking, House and Urban Affairs Chair Tim Scott is reportedly eyeing a March 27 hearing to review Atkins’ standing, Semafor’s Eleanor Mueller said in a March 17 X post. “No clarity yet on whether the committee has Atkins’ paperwork in hand, but either way, this is the most momentum we’ve seen so far.” Atkins would, however, need to be voted in by the Senate at a later date. Mueller also said the Senate banking committee is also planning to hold a bipartisan meeting on Atkins’ nomination on March 21. Source: Eleanor Mueller It follows an earlier March 3 Semafor report , where Mueller said financial disclosures had held Atkins back from scheduling a Senate hearing to review his standing. His wife’s family is tied to TAMKO Building Products LLC — a manufacturer of residential roofing shingles that reportedly turned over $1.2 billion in revenue in 2023, Forbes said on Dec. 14, 2024. “It’s a lot to go through,” one former Senate Banking Committee staffer reportedly told Mueller on March 3. “But he got named so early on, so I think that’s why people are starting to be like, ‘What the hell’s taking so long?’” Atkins previously served as an SEC commissioner between 2002 and 2008 and worked as a corporate lawyer at Davis Polk & Wardwell LLP in New York before that. He is expected to regulate the crypto arena with a more collaborative approach than former SEC Chair Gary Gensler. It’s been almost four months since Atkins was chosen by Trump to lead the SEC on Dec. 4, and over two months since Trump was inaugurated on Jan. 20. A late start for an SEC chair wouldn’t be too unusual, however. The two most recent SEC chairs, Gary Gensler and Jay Clayton, started on April 17, 2021, and May 4, 2017 — months after presidential transitions occurred in those years. Related: SEC’s enforcement case against Ripple may be wrapping up Meanwhile, Mark Uyeda has been serving as the SEC’s acting chair since Gensler left on Jan. 20. Since then, the Uyeda-led SEC has established a Crypto Task Force led by SEC Commissioner Hester Peirce and canceled a controversial rule that asked financial firms holding crypto to record them as liabilities on their balance sheets. The SEC has dropped several investigations and lawsuits that the Gensler-led commission filed against the likes of Coinbase, Consensys, Robinhood, Gemini, Uniswap and OpenSea over the last month. The SEC is also looking to abandon a rule requiring crypto firms to register as exchanges and may even axe the Biden administration’s proposed crypto custody rules, Uyeda said on March 17. Magazine: SEC’s U-turn on crypto leaves key questions unanswered",,EN,0,0,REGULATION|EXCHANGE|BUSINESS|UNI,"{'name': 'CoinTelegraph', 'img': 'https://images.cryptocompare.com/news/default/cointelegraph.png', 'lang': 'EN'}",cointelegraph,2025-03-18 00:00:39
8,41833161,https://www.newsbtc.com/?p=713393,1742256027,https://resources.cryptocompare.com/news/21/41833161.jpeg,"Bitcoin Price Set For Reversal To $130,000 After Forming Major Cup And Handle Support",https://www.newsbtc.com/news/bitcoin/bitcoin-reversal-to-130000/,"Bitcoin’s price action has been trapped in a tight range between $84,000 and $82,000 in recent days, with bulls struggling to push upwards. The general market sentiment is one of a cautious nature, and hopes of a quick return above $90,000 are starting to fade. However, a new technical analysis suggests that Bitcoin could be on the verge of a significant rally, as price action shows the cryptocurrency is currently conforming to the cup-and-handle pattern. Cup And Handle Support Could Cause A Major Bitcoin Rally Recent Bitcoin price movements have drawn attention back to a key technical structure of the handle support of a cup-and-handle pattern, suggesting that a bullish setup may be quietly taking shape. This interesting Bitcoin price activity was relayed in a technical analysis by a crypto analyst on the TradingView platform. Related Reading: Bitcoin Price Suppression Below $100,000 Worries Investors, JPMorgan Analysts Reveal Real Problem The cup-and-handle pattern in question has been forming over multiple years, with the rounded bottom phase stretching from 2021 to mid-2024. This prolonged accumulation period saw Bitcoin gradually recover from the bearish market cycle before breaking above its neckline resistance. The breakout started the handle formation in the latter half of 2024, a consolidation phase that set the stage for BTC’s next leg up. By November 2024, Bitcoin completed this handle phase and went on an impressive rally that ultimately resulted in a new all-time high of $108,786 in January 2025. However, the recent 24% correction from this all-time high has seen the Bitcoin price returning to the neckine resistance of the cup-and-handle formation. The logical next step is for this neckline resistance to serve as support for the price correction and we could see Bitcoin rebound from here. In terms of a price prediction, Elliott wave analysis and projections put the price target above $130,000, particularly at $139,000. Elliott Wave Analysis Suggests A Surge Toward $130,000 According to the Elliot Waves technical framework, Bitcoin is currently in a larger fifth impulse wave formation. However, this fifth wave, which is generally bullish, has been punctuated by corrective ABC sub-waves, leading Bitcoin to retest the support of the cup-and-handle formation. Now that the support has been met, Bitcoin is in a position to bounce and continue the formation of its fifth impulse wave. This is expected to bring it to the price target above $130,000. Related Reading: Bitcoin Open Interest Crashed To 6-Month Low, Here’s What Followed The Last Time The alignment of the cup-and-handle formation with Elliott wave projections strengthens the case for a major breakout in the coming months. However, Bitcoin’s fundamentals reflect uncertainty in the short term. There is currently a lack of bullish momentum needed to rechallenge the $90,000 mark, which would be the first step needed to reach $130,000. Steady institutional outflows from Spot Bitcoin ETFs have further increased selling pressure, limiting Bitcoin’s ability to regain strength in the short term. At the time of writing, Bitcoin is trading at $83,500. Featured image from Unsplash, chart from Tradingview.com",Bitcoin|bitcoin|Bitcoin ETFs|Bitcoin news|bitcoin price|btc|BTC news|btc price|btcusd|BTCUSDT|Consolidation Phase|Corrective ABC Sub-Waves|Cup and Handle Pattern|Elliot Wave|Impulse Wave Formation,EN,0,0,BTC|TRADING|MARKET|BUSINESS|SPONSORED,"{'name': 'NewsBTC', 'img': 'https://images.cryptocompare.com/news/default/newsbtc.png', 'lang': 'EN'}",newsbtc,2025-03-18 00:00:27
9,41833157,https://dailyhodl.com/?p=324244,1742256007,https://images.cryptocompare.com/news/default/dailyhodl.png,Trader Predicts Crypto Rallies Amid Expectations of Fed Monetary Policy Shift – But There’s a Catch,https://dailyhodl.com/2025/03/17/trader-predicts-crypto-rallies-amid-expectations-of-fed-monetary-policy-shift-but-theres-a-catch/,"A widely followed crypto analyst is predicting higher prices for crypto assets as he expects the Federal Reserve to end its anti-inflation monetary policies. In a new thread, the pseudonymous crypto analyst Pentoshi tells his 861,300 followers on the social media platform X that we are close to seeing the end of quantitative tightening (QT), which are policies that reduce the Fed’s balance sheet and lowers the supply of money in circulation. The trader cites data from the decentralized prediction platform Polymarket, which shows that 100% of users believe that the Fed will end QT by May of this year. The cessation of QT is typically seen as bullish for risk assets like Bitcoin ( BTC ) and altcoins as the move signals the end of tight monetary conditions. However, Pentoshi warns investors to be “cautiously optimistic” as both the S&P 500 and top crypto assets have seen growth over the last few years that appears unsustainable. “I think we are getting close to [the] end of QT with Polymarket now pricing in odds as a sure thing whereas before they were much lower odds. As previously stated, it does seem Trump would end up forcing it. I don’t think QT automatically means it’s easy mode. I think that mode is clearly gone overall in the way people think about it (2017/2021). While prices are much lower, I think it’s best to be cautiously optimistic. Many things are down significantly and there hopefully will be some decent mean reversion. Markets in general have rallied hard. And assets were likely a bit overvalued before. SPX going 25% back to back years was going to have low growth or negative this year as it wasn’t a sustainable pace. BTC went from $16,000 to $108,000, SOL [from] $8 to $300. Cautiously optimistic. [Be] patient for any time capitulation, as often, following big trends, we eventually get longer sideways periods and less volatility as the market finds balance.” While Pentoshi is flipping tactically bullish on stocks and crypto, he warns investors that any rally will likely be short-lived. “I think any up currently will be a lower high. People underestimate the time aspect.” At time of writing, Bitcoin is trading for $83,248. Follow us on X , Facebook and Telegram Don't Miss a Beat – Subscribe to get email alerts delivered directly to your inbox Check Price Action Surf The Daily Hodl Mix Disclaimer: Opinions expressed at The Daily Hodl are not investment advice. Investors should do their due diligence before making any high-risk investments in Bitcoin, cryptocurrency or digital assets. Please be advised that your transfers and trades are at your own risk, and any losses you may incur are your responsibility. The Daily Hodl does not recommend the buying or selling of any cryptocurrencies or digital assets, nor is The Daily Hodl an investment advisor. Please note that The Daily Hodl participates in affiliate marketing. Generated Image: Midjourney The post Trader Predicts Crypto Rallies Amid Expectations of Fed Monetary Policy Shift – But There’s a Catch appeared first on The Daily Hodl .",Regulators|Trading|Bitcoin|BTC|bull market|Crypto|Federal Reserve|inflation|News|Pentoshi|quantitative tightening|regulators|SOL|Solana|stocks|trading,EN,0,0,BTC|TRADING|SOL|MARKET|BUSINESS,"{'name': 'The Daily Hodl', 'img': 'https://images.cryptocompare.com/news/default/dailyhodl.png', 'lang': 'EN'}",dailyhodl,2025-03-18 00:00:07
10,41832821,https://coinpedia.org/?p=432904,1742255419,https://images.cryptocompare.com/news/default/coinpedia.png,"PEPE Poised For 40% Rally, Here’s Why",https://coinpedia.org/price-analysis/pepe-poised-for-40-rally-heres-why/,"The post PEPE Poised For 40% Rally, Here’s Why appeared first on Coinpedia Fintech News Pepe (PEPE), the popular and third-largest crypto meme coin, has successfully formed a bullish price action pattern, garnering significant attention from crypto enthusiasts. Today, March 18, 2025, as sentiment across the crypto landscape begins to shift and assets gain upside momentum, PEPE has reached the breakout level of its bullish price action pattern. Pepe (PEPE) Technical Analysis and Upcoming Levels According to CoinPedia’s technical analysis, PEPE has formed a bullish inverted head and shoulders pattern on the four-hour timeframe and is currently on the verge of a breakout. After the market witnessed upside momentum, the meme coin soared significantly and reached the breakout area. Based on the recent price momentum, if PEPE breaks out of the pattern and closes a four-hour candle above the $0.0000075 level, there is a strong possibility it could soar by 40% to reach the next resistance level of $0.00001050 in the coming days. Source: Trading View In trading and investing, a successful breakout of an inverted head and shoulders pattern is always considered a bullish sign and often shifts overall market sentiment. Expert Bullish Outlook Looking at the bullish outlook, a crypto expert shared a post on X (formerly Twitter), featuring an eight-hour PEPE chart that appears to be breaching a falling wedge pattern. The expert also noted that if the meme coin successfully breaks out, PEPE could soar by 50% to 60% in the coming days. Current Price Momentum and Over-Leveraged Levels PEPE is currently trading near $0.00000733, registering a price surge of over 13% in the past 24 hours. Meanwhile, its trading volume has soared by 45%, indicating heightened participation from traders and investors. Additionally, the chart has formed a bullish pattern and is poised for upside momentum. With the bullish outlook, traders have been strongly betting on the long side, as reported by the on-chain analytics firm Coinglass . Source: Coinglass Data reveals that traders are currently over-leveraged at $0.00000693 on the lower side and $0.00000771 on the upper side, holding $4.85 million and $2.35 million worth of long and short positions, respectively. This on-chain data particularly confirms that bulls are currently dominating.",Price Analysis|Meme Coins,EN,0,0,TRADING|PEPE|MARKET|BUSINESS,"{'name': 'coinpedia', 'img': 'https://images.cryptocompare.com/news/default/coinpedia.png', 'lang': 'EN'}",coinpedia,2025-03-17 23:50:19
11,41832796,https://en.coinotag.com/breakingnews/wlfi-cryptocurrency-project-completes-550-million-token-sale-while-embracing-btc-and-eth-in-macro-strategy/,1742255313,https://resources.cryptocompare.com/news/77/41832796.jpeg,WLFI Cryptocurrency Project Completes $550 Million Token Sale While Embracing BTC and ETH in Macro Strategy,https://en.coinotag.com/breakingnews/wlfi-cryptocurrency-project-completes-550-million-token-sale-while-embracing-btc-and-eth-in-macro-strategy/,"Recently, the Trump-supported cryptocurrency initiative WLFI successfully completed a robust $550 million token sale, as reported on March 18th by COINOTAG News. This substantial fundraising effort saw participation from over",ONDO|SUI,EN,0,0,TOKEN SALE|BTC|ETH|ONDO|SUI,"{'name': 'CoinOtag', 'img': 'https://resources.cryptocompare.com/news/77/default.png', 'lang': 'EN'}",coinotag,2025-03-17 23:48:33
12,41832510,https://en.coinotag.com/breakingnews/trump-appoints-michelle-bowman-as-new-vice-chair-for-supervision-of-the-federal-reserve-impact-on-the-financial-sector/,1742254950,https://resources.cryptocompare.com/news/77/41832510.jpeg,Trump Appoints Michelle Bowman as New Vice Chair for Supervision of the Federal Reserve: Impact on the Financial Sector,https://en.coinotag.com/breakingnews/trump-appoints-michelle-bowman-as-new-vice-chair-for-supervision-of-the-federal-reserve-impact-on-the-financial-sector/,"In a significant development for the financial landscape, U.S. President Trump has officially appointed Michelle Bowman as the new Vice Chair for Supervision of the Federal Reserve. This announcement, made",,EN,0,0,FIAT|REGULATION,"{'name': 'CoinOtag', 'img': 'https://resources.cryptocompare.com/news/77/default.png', 'lang': 'EN'}",coinotag,2025-03-17 23:42:30
13,41832532,https://decrypt.co/?p=310327,1742254941,https://resources.cryptocompare.com/news/44/41832532.jpeg,Robinhood Debuts March Madness Prediction Markets as Event Derivatives Gain Traction in US,https://decrypt.co/310327/robinhood-debuts-march-madness-prediction-markets-as-event-derivatives-gain-traction-in-us,Robinhood is partnering with prediction market operator Kalshi to offer contracts for March Madness games beginning Monday.,Business,EN,0,0,MARKET|BUSINESS,"{'name': 'Decrypt', 'img': 'https://images.cryptocompare.com/news/default/decrypt.png', 'lang': 'EN'}",decrypt,2025-03-17 23:42:21
14,41832368,https://dailyhodl.com/?p=324651,1742254734,https://images.cryptocompare.com/news/default/dailyhodl.png,US Government Deploys ‘Magic Money Computers’ To Send Payments Out of Thin Air: Elon Musk,https://dailyhodl.com/2025/03/17/us-government-deploys-magic-money-computers-to-send-payments-out-of-thin-air-elon-musk/,"The US government relies on a network of computers to generate payments out of thin air, including some transactions that remain entirely undocumented, according to Elon Musk. In a new interview on Senator Ted Cruz’s Verdict podcast, Musk says the Department of Government Efficiency (DOGE) has now discovered about 14 “magic money” computers. Musk tells Cruz that these computers are responsible for sending trillions of dollars in payments. “I call a magic money computer any computer that can make money out of thin air. It just issues payments… They just send money out of nothing.” Musk says about 5-10% of the payments executed by these computers are not reported. “You may think that the government computers all talk to each other. They synchronize. They add up what funds are going somewhere and it’s coherent, and that the numbers that you’re presented as a Senator are actually the real numbers. One would think. They’re not.” Musk says DOGE has discovered these computers at the Treasury Department, State Department, Health and Human Services Department and the Defense Department. According to Musk, the government’s systems make it tough to reconcile payments and tackle waste and fraud. “If you want to know what what the situation is with the accounting and you’re trying to reconcile accounting and get rid of waste and fraud, you must be able to analyze the computer databases. Otherwise you can’t figure it out. Because what you’re doing is asking a human – who will then ask another human – and finally usually ask some contractor – who will ask another contractor – to do a query on the computer. So it’s many layers deep. The only way to reconcile the databases and get rid of waste and fraud is to to actually look at the computers and see what’s going on. When I sort of cryptically refer to reprogramming The Matrix, you have to understand what’s going at the computers. You have to reconcile the computer databases in order to identify the waste and fraud.” Follow us on X , Facebook and Telegram Don't Miss a Beat – Subscribe to get email alerts delivered directly to your inbox Check Price Action Surf The Daily Hodl Mix Disclaimer: Opinions expressed at The Daily Hodl are not investment advice. Investors should do their due diligence before making any high-risk investments in Bitcoin, cryptocurrency or digital assets. Please be advised that your transfers and trades are at your own risk, and any losses you may incur are your responsibility. The Daily Hodl does not recommend the buying or selling of any cryptocurrencies or digital assets, nor is The Daily Hodl an investment advisor. Please note that The Daily Hodl participates in affiliate marketing. Generated Image: Midjourney The post US Government Deploys ‘Magic Money Computers’ To Send Payments Out of Thin Air: Elon Musk appeared first on The Daily Hodl .",Financeflux|Money|Department of Government Efficiency|doge|Elon Musk|News|Treasury|US Treasury Department,EN,0,0,REGULATION|DOGE|BTC|BUSINESS|TRADING,"{'name': 'The Daily Hodl', 'img': 'https://images.cryptocompare.com/news/default/dailyhodl.png', 'lang': 'EN'}",dailyhodl,2025-03-17 23:38:54
15,41832427,https://en.coin-turk.com/?p=186031,1742254728,https://resources.cryptocompare.com/news/79/41832427.jpeg,Bitcoin Signals Recovery with Promising Trends and Market Insights,https://en.coin-turk.com/bitcoin-signals-recovery-with-promising-trends-and-market-insights/,Bitcoin is recovering after a recent value drop. Market dynamics suggest potential for significant price increases. Continue Reading: Bitcoin Signals Recovery with Promising Trends and Market Insights The post Bitcoin Signals Recovery with Promising Trends and Market Insights appeared first on COINTURK NEWS .,Bitcoin News,EN,0,0,BTC|MARKET|TRADING,"{'name': 'CoinTurk News', 'img': 'https://resources.cryptocompare.com/news/79/default.png', 'lang': 'EN'}",cointurken,2025-03-17 23:38:48
16,41832228,https://coingape.com/?p=244524,1742254577,https://images.cryptocompare.com/news/default/coingape.png,XRP Price Targets $30 As Analyst Reveals Bullish Double Bottom Breakout,https://coingape.com/xrp-price-targets-30-as-analyst-reveals-bullish-double-bottom-breakout/,"XRP price has formed a double-bottom pattern, a widely recognized bullish reversal signal. Analysts suggest this pattern has been confirmed, as the altcoin has broken above its neckline resistance. This development indicates strong buying pressure, which could push the Ripple token price toward the $30 mark. Bullish Double Bottom Pattern Suggests XRP Price Could Reach $30 According to analyst Steph Is Crypto, XRP price has completed a double-bottom formation by breaking above the neckline resistance. This breakout is considered a strong bullish signal, indicating a potential rally. Historically, once this type of pattern is confirmed, prices tend to rise, with projections based on the pattern’s height extended from the breakout point. The long-term chart of XRP price shows an extended accumulation phase, similar to previous bull cycles. The breakout above the neckline suggests strong buying momentum, potentially triggering an altcoin rally. Top analysts anticipate that if momentum sustains, XRP price could move towards its projected $30 target. Source: X More so, XRP price breakout aligns with increasing trading volume, reinforcing the bullish outlook. A sustained increase in volume after a breakout often indicates institutional participation and growing investor confidence. Additionally, analysts highlight the absence of strong resistance between current levels and the projected target, making a sharp upward movement feasible. Ripple Price Must Hold $2 Support Level Additionally, crypto analyst Ali Martinez has pointed out that XRP price is also forming a head-and-shoulders pattern on its weekly chart. This pattern typically signals a trend reversal, with the $2 support level being crucial for maintaining an upward trajectory. Martinez highlighted that if XRP price fails to hold above $2, it could face a decline to $1.25. Traders are closely monitoring this level, as a breakdown below it could lead to further downside pressure. However, if the support holds, XRP could continue its bullish trend and push towards the projected $30 target. Source: X Altcoin Rally and Broader Market Trends The broader cryptocurrency market trend is another factor influencing XRP price. Bitcoin’s performance and macroeconomic factors, such as the Federal Reserve’s policy decisions, could impact investor sentiment. A positive market environment could support an altcoin rally, benefiting XRP’s upward momentum. According to CryptoQuant’s recent analysis, the rising demand for stablecoins is fueling an altcoin season . Experts believe this shift signals a strong rally for altcoins in the coming weeks. The recent market correction has seen XRP price trading between $1.79 and $3.36. A rebound began in early March, with XRP closing the past week in green. At press time, Ripple token price was $2.34, reflecting a 1.95% increase in the last 24 hours. Historical price trends suggest that XRP has undergone extended periods of accumulation before major bull cycles. This pattern appears to be repeating, with XRP price breaking above key resistance zones. Adding to the bullish sentiments, Ripple filed a trademark for downloadable software to custody crypto assets. This move could push the altcoin toward the $5 mark in the coming months and probably cross the $30 price target. The post XRP Price Targets $30 As Analyst Reveals Bullish Double Bottom Breakout appeared first on CoinGape .",24/7 Cryptocurrency News|Altcoin News|altcoin rally|XRP price,EN,0,0,TRADING|XRP|ALTCOIN|MARKET|BUSINESS,"{'name': 'CoinGape', 'img': 'https://images.cryptocompare.com/news/default/coingape.png', 'lang': 'EN'}",coingape,2025-03-17 23:36:17
17,41832225,https://en.coinotag.com/breakingnews/btc-whales-40x-short-position-faces-liquidation-risk-amid-bitcoins-rebound/,1742254408,https://resources.cryptocompare.com/news/77/41832225.jpeg,BTC Whale’s 40x Short Position Faces Liquidation Risk Amid Bitcoin’s Rebound,https://en.coinotag.com/breakingnews/btc-whales-40x-short-position-faces-liquidation-risk-amid-bitcoins-rebound/,"On March 18th, data from Hypurrscan indicated that the ’50x Leverage Whale’ initiated a 40x short position on Bitcoin via the Hyperliquid platform at a price point of $83,923.2. Despite",BTC,EN,0,0,BTC|ZRX|TRADING,"{'name': 'CoinOtag', 'img': 'https://resources.cryptocompare.com/news/77/default.png', 'lang': 'EN'}",coinotag,2025-03-17 23:33:28
18,41832363,https://cryptonews.com/?p=341730,1742254200,https://resources.cryptocompare.com/news/52/41832363.jpeg,Spanish Police ‘Dismantle $32.6M Bitcoin-themed Crypto Pyramid Scam’,https://cryptonews.com/news/spanish-police-dismantle-32-6m-bitcoin-themed-crypto-pyramid-scam/,"Spanish police officers say they have taken apart a Bitcoin (BTC) -themed crypto pyramid scam that duped victims out of around $32.6 million. Per the news agency EFE (via Infobae ), police officers said they had “dismantled” a “criminal organization” that promoted “fake cryptocurrency investments.” Spanish Police Make Arrests in Malaga, Madrid, Murcia Officers said they have arrested eight people, but fear that “more than 3,600 people” have lost money to the crypto scam . National Police Corp vehicles in Spain. (Source: Supertoni123 [CC BY-SA 4.0]) The National Police Corps (CNP)’s Economic and Financial Crime Unit said the network’s mastermind was a “computer programmer” whom they arrested in Malaga. The CNP also made arrests in the cities of Murcia, and Madrid, detaining people of “various nationalities and backgrounds.” The detainees include “marketing and web design experts,” officers said. Police say the group developed a “seemingly legitimate platform that offered clients a choice of Bitcoin investment plans.” They then allegedly promoted these products on various websites and social media platforms. Victims, police said, “did not need to know anything about crypto,” as the alleged scam operators “made it easy for people to convert hundreds, even thousands of euros into Bitcoin.” The alleged scammers were also able to dupe some “victims” into surrendering control of their electronic devices to “carry out crypto transfers themselves, in addition to stealing their personal and banking data.” Spanish lending giant BBVA said it won approval to launch Bitcoin and Ether trading, integrating crypto into everyday banking. #BBVA #CryptoTrading https://t.co/ifB7FxuUV8 — Cryptonews.com (@cryptonews) March 10, 2025 Operation Began in 2022 – Police The CNP first learned of the operation in 2022, when a “victim” filed a report in Murcia. As police investigated, they unearthed a complicated network of investments whereby older investors were paid using newer investors’ funds. When people tried to withdraw their funds from the platform, the operators would reportedly concoct “obstacles” to delay or obfuscate the process. One officer told EFE that some “victims” signed “contracts” with the operators, who “promised to pay dividends of 40% after one month,” and “up to 300% after a year.” The police force eventually found a “trail” of fraud that “included thousands of victims in as many as 36 countries.” Spain’s economy is getting a boost thanks to the country’s attractiveness for remote workers, according to central bank chief Jose Luis Escriva https://t.co/ke3IYbcEbh — Bloomberg Markets (@markets) March 17, 2025 ‘Worthless Coin’ The CNP thinks that “at least 3,646 victims” lost their money to the scammers, 2,718 of whom are Spanish residents. The fraudsters appear to have amassed vast Bitcoin holdings, with crypto wallets containing some BTC 400. Officers say the masterminds also “created a new, worthless token” to investors. The victims were mainly individuals who “had never invested in cryptocurrencies” before, the CNP said. Some corporations also fell victim to the scam, officers added. Officers also froze 73 bank accounts and impounded cars, motorcycles, computer equipment, and hundreds of euros in cash. The post Spanish Police ‘Dismantle $32.6M Bitcoin-themed Crypto Pyramid Scam’ appeared first on Cryptonews .",Blockchain News|News|crypto scam|Spain,EN,0,0,BTC|BUSINESS|FIAT|MARKET|TRADING,"{'name': 'cryptonews', 'img': 'https://images.cryptocompare.com/news/default/cryptonews.png', 'lang': 'EN'}",cryptonews,2025-03-17 23:30:00
19,41831957,https://news.bitcoin.com/?p=713028,1742254033,https://resources.cryptocompare.com/news/14/41831957.jpeg,XRP Price Watch: Is a Breakout Toward $3.00 on the Horizon?,https://news.bitcoin.com/xrp-price-watch-is-a-breakout-toward-3-00-on-the-horizon/,"XRP is trading at $2.34 with a market capitalization of $136 billion, as daily trade volume reaches $3.01 billion. The price has fluctuated between $2.29 and $2.38 in the past 24 hours, remaining 31.1% below its all-time high of $3.40. Binance, Coinbase, and Bybit dominate XRP trading, while South Korean markets show a slight premium",Markets and Prices|markets and prices|Ripple XRP,EN,0,0,TRADING|XRP|EXCHANGE|MARKET|BNB,"{'name': 'Bitcoin.com', 'img': 'https://images.cryptocompare.com/news/default/bitcoincom.png', 'lang': 'EN'}",bitcoin.com,2025-03-17 23:27:13
20,41831950,https://en.bitcoinsistemi.com/binance-founder-cz-reveals-the-secret-to-leaving-99-percent-of-the-market-behind-just-doing-this-is-enough-to-beat-most-people/,1742254027,https://resources.cryptocompare.com/news/81/41831950.jpeg,Binance Founder CZ Reveals the Secret to Leaving 99 Percent of the Market Behind: “Just Doing This Is Enough to Beat Most People”,https://en.bitcoinsistemi.com/binance-founder-cz-reveals-the-secret-to-leaving-99-percent-of-the-market-behind-just-doing-this-is-enough-to-beat-most-people/,"Former Binance CEO Changpeng Zhao (CZ) shared his views on the cryptocurrency industry and warned that only a small percentage of participants will achieve long-term success. CZ was responding to a post on X (formerly Twitter) by crypto influencer EmperorBTC, who analyzes the psychological landscape of market participants. “The bar for success in crypto is very low,” EmperorBTC said, arguing that most investors are ill-equipped to deal with the volatile nature of the crypto market. According to EmperorBTC, 80% of crypto investors are simply “tourists,” entering the market excitedly and leaving when sentiment changes. Another 10% are making buying and selling decisions based on misleading influencers, while another 5% believe they are falsely projecting wealth. That leaves only the 5% who truly understand crypto, he claimed. Related News: Binance Finally Brought The Expected Feature: Added to the Home Page, Here are the Impacted Altcoins CZ weighed in on these statistics, suggesting that even among the 5% of so-called “insiders,” most have failed to outperform Bitcoin. “Even if there were a 5% who were true experts in crypto, most of them still wouldn’t be able to outperform Bitcoin,” he said. He also noted that within this group, only 4% actively trade or allocate capital to blockchain projects, but they still lag behind Bitcoin’s long-term performance. CZ said that simply holding Bitcoin outperforms 99% of crypto market participants and even outperforms most traditional asset classes with minimal effort. Despite Bitcoin’s dominance, CZ admitted that rising into the top 1% of crypto investors requires extraordinary effort, deep market knowledge, and constant work. *This is not investment advice. Continue Reading: Binance Founder CZ Reveals the Secret to Leaving 99 Percent of the Market Behind: “Just Doing This Is Enough to Beat Most People”",Exchange|News,EN,0,0,MARKET|EXCHANGE|BNB|BTC|BUSINESS,"{'name': 'BitcoinSistemi', 'img': 'https://resources.cryptocompare.com/news/81/default.png', 'lang': 'EN'}",bitcoinsistemi,2025-03-17 23:27:07
21,41832362,https://cryptonews.com/?p=341887,1742253716,https://resources.cryptocompare.com/news/52/41832362.jpeg,Hashdex Seeks SEC Approval to Add Litecoin to Crypto Index ETF,https://cryptonews.com/news/hashdex-seeks-sec-approval-to-add-litecoin-to-crypto-index-etf/,"Key Takeaways: Litecoin’s inclusion challenges the Bitcoin-Ethereum dominance, pushing investors to reconsider diversification strategies. Hashdex’s move could open the door for major investors to explore altcoins, reshaping crypto investment priorities. Litecoin’s inclusion challenges the Bitcoin-Ethereum dominance, pushing investors to reconsider diversification strategies Crypto asset management firm Hashdex submitted an amendment proposal to the U.S. Securities and Exchange Commission (SEC) last Friday to add Litecoin (LTC) to its Hashdex Nasdaq Crypto Index US ETF. If approved, Litecoin will join the ETF’s other proposed digital assets, broadening its exposure to the traditional financial market and institutional investors within a regulated environment. Litecoin Gains ETF Exposure as Hashdex Seeks Broader Crypto Holdings The March 14 filing , filed under file number 333-280990, outlined Hashdex’s plans to expand its Crypto Index ETF portfolio beyond Bitcoin and Ethereum. The revised index is expected to include additional cryptocurrencies such as Solana (SOL), Ripple (XRP), Cardano (ADA), Chainlink (LINK), Avalanche (AVAX), Litecoin (LTC), and Uniswap (UNI), with each operating on its respective blockchain network. Particularly, the addition of Litecoin would further diversify the fund’s holdings and attract investors interested in a wider array of cryptocurrencies. BTW, @hashdex 's CEO @SamirKerbage is going to be at the Litecoin Summit in Vegas the end of May. Just sayin'. https://t.co/SkVxJC7X2a https://t.co/dEUqIkRanV — Litecoin (@litecoin) March 17, 2025 An exchange-traded fund (ETF) is a basket of assets—such as stocks, bonds, or cryptocurrencies—traded on stock exchanges. It allows investors to buy and sell shares throughout the day, offering diversification by spreading risk across multiple assets. Hashdex’s proposal to add Litecoin isn’t random. Litecoin has been around for over a decade, often seen as Bitcoin’s lighter, faster counterpart. Its features, such as its popularity, strong liquidity, and lower transaction fees, make it an interesting addition to an ETF. If this gets the green light, it would be another step towards integrating crypto with traditional finance, which would give both big institutions and everyday investors more options to diversify their portfolios. Brazil ETF Approval Highlights Hashdex Expansion Strategy Recently, Hashdex secured approval from Brazil’s Securities and Exchange Commission to launch the world’s first XRP spot ETF on the B3 stock exchange. This approval allows Brazilian investors to gain exposure to XRP through a regulated investment vehicle. Hashdex continues to provide more crypto investment options while signaling increasing institutional acceptance of digital assets. The Hashdex Nasdaq XRP Index Fund was officially established on February 18, 2025, and Genial Investimentos was appointed its administrator. BREAKING: Brazilian SEC Grants Approval To Hashdex Launching The World’s First Spot $XRP ETF! pic.twitter.com/p7LTd5MaGf — Good Morning Crypto (@AbsGMCrypto) February 19, 2025 While a U.S. launch date for the expanded ETF remains undisclosed, the broader crypto ETF market is becoming increasingly competitive. Since Bitcoin and Ethereum spot ETFs received approval in 2024, fund issuers have accelerated efforts to broaden their offerings. SEC Decision on Litecoin Could Boost Hashdex Crypto Index ETF Expansion Bloomberg analysts James Seyffart and Eric Balchunas estimate a 90% likelihood of Litecoin ETF approval before the end of 2025. Their prediction places Litecoin ahead of Solana (70%), Dogecoin (75%), and XRP (65%). Our official alt coin ETF approval odds are out. Litecoin leads w 90% chance, then Doge, followed by Solana and XRP. We are only doing for 33 Act $IBIT -esque filings. But def poss to see futures or Cayman-subsidiary type 40 Act stuff get through as well. https://t.co/JSaNnifjbu — Eric Balchunas (@EricBalchunas) February 10, 2025 They argue that Litecoin’s proof-of-work mechanism, similar to Bitcoin’s, and its existing regulatory filings could streamline the approval process. Demand for crypto ETFs has surged, with spot Bitcoin and Ether ETFs attracting $40.7 billion and $3.18 billion in net inflows since their launches. While a Litecoin ETF may not see the same demand, Seyffart notes that even modest inflows could make it viable for fund issuers. The SEC’s final decision on Litecoin, Solana, XRP, and Dogecoin ETFs is expected between October 2 and 18, a timeline closely watched by investors and fund issuers looking to expand the reach of crypto index ETFs. Frequently Asked Questions (FAQs) How does Litecoin’s classification as a commodity impact its chances of ETF approval? Since Litecoin is considered a commodity rather than a security, it avoids the tougher regulations and doubts that securities may face in the same situation. This makes it easier to get approval since it sidesteps the SEC’s stricter oversight on securities branded cryptocurrencies. What are the risks of a Litecoin ETF? Among the risks known primarily to ETFs is their reliance on third parties to store assets safely. These parties are often centralized and leave space for potential price manipulation due to crypto’s volatility and liquidity issues. Could a Litecoin ETF lead to more altcoin ETFs? Yes, if Litecoin’s ETF gets approved, it could pave the way for others like Solana and XRP. A green light from regulators would show they’re open to approving beyond Bitcoin and Ethereum, which would mean they are now open to altcoins, too. The post Hashdex Seeks SEC Approval to Add Litecoin to Crypto Index ETF appeared first on Cryptonews .",DeFi News|News|Litecoin|SEC,EN,0,0,LTC|MARKET|REGULATION|BUSINESS|XRP,"{'name': 'cryptonews', 'img': 'https://images.cryptocompare.com/news/default/cryptonews.png', 'lang': 'EN'}",cryptonews,2025-03-17 23:21:56
22,41831435,https://decrypt.co/?p=310266,1742253133,https://resources.cryptocompare.com/news/44/41831435.jpeg,"ChatGPT, Gemini, or Grok-3: Which AI Has The Best Research Agent?",https://decrypt.co/310266/chatgpt-gemini-or-grok-3-which-ai-has-the-best-research-agent,Here are the strengths and weaknesses in big tech's latest AI research tools,Artificial Intelligence,EN,0,0,RESEARCH,"{'name': 'Decrypt', 'img': 'https://images.cryptocompare.com/news/default/decrypt.png', 'lang': 'EN'}",decrypt,2025-03-17 23:12:13
23,41831333,https://en.coin-turk.com/?p=186028,1742252935,https://resources.cryptocompare.com/news/79/41831333.jpeg,Fed Takes Action: What Lies Ahead for XRP Coin and Solana?,https://en.coin-turk.com/fed-takes-action-what-lies-ahead-for-xrp-coin-and-solana/,The Fed is urged to take action due to lower inflation data. XRP Coin may benefit from a potential SEC settlement announcement. Continue Reading: Fed Takes Action: What Lies Ahead for XRP Coin and Solana? The post Fed Takes Action: What Lies Ahead for XRP Coin and Solana? appeared first on COINTURK NEWS .,Altcoin News,EN,0,0,XRP|SOL|REGULATION,"{'name': 'CoinTurk News', 'img': 'https://resources.cryptocompare.com/news/79/default.png', 'lang': 'EN'}",cointurken,2025-03-17 23:08:55
24,41830990,https://ambcrypto.com/?p=475929,1742252404,https://images.cryptocompare.com/news/default/ambcrypto.png,Trump Bitcoin Reserve under fire: EU sounds alarm over ‘American brutality’,https://ambcrypto.com/trump-bitcoin-reserve-under-fire-eu-sounds-alarm-over-american-brutality/,Could U.S. crypto policies trigger the next global financial crisis? Europe thinks so.,Bitcoin|BTC Trading View|News|News 1|Social|Trading View|ambcrypto,EN,0,0,BTC|FIAT,"{'name': 'AMB Crypto', 'img': 'https://images.cryptocompare.com/news/default/ambcrypto.png', 'lang': 'EN'}",ambcrypto,2025-03-17 23:00:04
25,41830322,https://bitcoinworld.co.in/?p=140863,1742251231,https://resources.cryptocompare.com/news/82/default.png,Pioneering Materials Science AI Startup Launched by OpenAI Executive,https://bitcoinworld.co.in/materials-science-ai-startup-openai/,"Exciting news in the ever-evolving world of technology and innovation! Liam Fedus, a key figure at OpenAI, known for pushing boundaries in artificial intelligence, is venturing into a new frontier. He’s taking his expertise and vision to the realm of materials science, a field ripe for disruption by the power of materials science AI . This move signals a significant investment in the future of scientific discovery, potentially impacting industries far beyond just cryptocurrency. Let’s dive into what this means for the future of innovation. Why Materials Science AI is the Next Frontier? So, what exactly is materials science AI , and why is this such a pivotal moment? Materials science is the study of the properties and applications of materials. It’s fundamental to almost every industry, from construction and manufacturing to electronics and medicine. Traditionally, discovering new materials or improving existing ones is a slow, laborious process involving countless experiments and trial-and-error. This is where materials science AI steps in to revolutionize the game. Materials science AI leverages the power of artificial intelligence and machine learning to: Accelerate Discovery: AI algorithms can analyze vast datasets of material properties, scientific literature, and experimental results at speeds unimaginable for human researchers. This drastically cuts down the time needed to identify promising new materials. Predict Material Properties: Instead of relying solely on physical experiments, AI can predict the properties of new materials based on their composition and structure. This allows scientists to virtually screen thousands of potential materials before even stepping into the lab. Optimize Existing Materials: AI can help refine the properties of existing materials to make them stronger, lighter, more durable, or possess other desirable characteristics. This optimization is crucial for improving the performance and sustainability of various products and technologies. Uncover Novel Materials: Potentially, the most exciting aspect is AI’s ability to go beyond human intuition and discover completely new materials with unprecedented properties that we haven’t even conceived of yet. Think about the implications for cryptocurrencies and blockchain technology. Advancements in materials science could lead to more efficient and powerful hardware for mining, more durable and secure storage solutions, and even new forms of energy generation to power the blockchain network sustainably. While seemingly distant, progress in materials science AI can have ripple effects across diverse sectors, including the digital asset space. Liam Fedus: From OpenAI Research to Materials Science Visionary Liam Fedus , formerly OpenAI’s VP of research for post-training, is the driving force behind this exciting new venture. His decision to leave OpenAI and found a materials science AI startup speaks volumes about the potential he sees in this field. In his own words on X (formerly Twitter), Fedus highlighted his physics background as a key motivator, stating, “My undergrad was in physics and I’m keen to apply this technology there.” This personal connection, combined with his AI expertise from OpenAI, positions him uniquely to lead this new company. What’s even more noteworthy is OpenAI’s commitment to this new venture. Fedus mentioned that OpenAI plans to “invest in and partner” with his startup, recognizing AI for science as “one of the most strategically important areas” for achieving artificial superintelligence. This partnership is a strong endorsement of Fedus’ vision and the potential of materials science AI . It suggests that OpenAI views this field not just as a separate domain but as integral to the broader advancement of AI itself. The Competitive Landscape: DeepMind, Microsoft, and the Race for AI-Driven Material Discovery Liam Fedus’ AI startup is entering a competitive landscape. Established tech giants like Google DeepMind and Microsoft are already making significant strides in materials science AI . DeepMind’s Gnome system, for example, made headlines in 2023 for reportedly discovering crystals suitable for creating new materials. More recently, Microsoft unveiled MatterGen and MatterSim, a pair of AI tools specifically designed for materials discovery. This competition is a positive sign. It validates the importance of materials science AI and signals a growing investment in this area. The race is on to develop more sophisticated AI models, build larger and more comprehensive materials databases, and ultimately, translate AI-driven discoveries into real-world applications. For investors and technology enthusiasts, this competitive environment means faster innovation and a greater likelihood of breakthroughs. Skepticism and the Future of AI in Scientific Discovery Despite the excitement and progress, some experts remain skeptical about the current capabilities of AI in making truly novel scientific discoveries. Concerns are raised about AI’s ability to go beyond pattern recognition and correlation to achieve genuine creative insight and breakthrough innovation. Are today’s AI systems truly capable of generating entirely new scientific concepts, or are they primarily tools for accelerating existing research paradigms? This skepticism is healthy and crucial for guiding the development of materials science AI . It highlights the need for: Improved AI Models: Continued research into more advanced AI architectures and algorithms is necessary to push the boundaries of what AI can achieve in scientific discovery. This includes developing AI that can reason, hypothesize, and design experiments, not just analyze data. High-Quality Data: The effectiveness of materials science AI heavily relies on the availability of large, accurate, and well-curated datasets of material properties and experimental results. Efforts to build and share such datasets are crucial. Collaboration Between AI and Human Scientists: The most impactful advancements are likely to come from a synergistic approach where AI tools augment and empower human scientists, rather than replacing them entirely. Human intuition, creativity, and domain expertise remain essential. Conclusion: A Revolutionary Leap for Materials Science and Beyond Liam Fedus ‘ move to launch a materials science AI startup is a significant event. It underscores the growing recognition of AI’s transformative potential in scientific research. While challenges and skepticism remain, the progress being made by OpenAI, DeepMind, Microsoft, and now Fedus’ new company, points towards a future where AI plays an increasingly central role in materials discovery and innovation. This is not just about faster research; it’s about unlocking entirely new possibilities for materials with properties we can only dream of today. The implications for industries across the board, including the cryptocurrency and blockchain space, are immense and worth watching closely. To learn more about the latest AI in materials science trends, explore our article on key developments shaping AI innovation .",AI News|AI|Innovation|Materials Science|Startup,EN,0,0,RESEARCH|TECHNOLOGY|BLOCKCHAIN|BUSINESS|MINING,"{'name': 'Bitcoin World', 'img': 'https://resources.cryptocompare.com/news/82/default.png', 'lang': 'EN'}",bitcoinworld,2025-03-17 22:40:31
26,41832361,https://cryptonews.com/?p=341864,1742251209,https://resources.cryptocompare.com/news/52/41832361.jpeg,"North Korea Surpasses El Salvador in Bitcoin Holdings, Fueled by Bybit Hack",https://cryptonews.com/news/north-korea-surpasses-el-salvador-in-bitcoin-holdings-fueled-by-bybit-hack/,"Key Takeaways: North Korea’s Bitcoin holdings now surpass those of El Salvador and Bhutan. The Lazarus Group, linked to North Korea, converted assets from the Bybit hack into Bitcoin. These cyber activities contribute to North Korea’s funding of its weapons programs. North Korea surpassed El Salvador and Bhutan in Bitcoin (BTC) holdings after the Lazarus hacker group converted stolen assets from the Bybit hack into Bitcoin, according to Arkham data as of March 17 . Arkham data shows that Lazarus, responsible for the record $1.5 billion Bybit hack , converted the stolen Ether to 13,518 Bitcoin (worth $1.14 billion). The group also holds nearly 13,791 Ether and 5,022 Binance Coin (BNB) , valued at $26.68 million and $3.16 million, respectively. Lazarus Group’s crypto holdings. Source: Arkham These holdings position North Korea ahead of Bhutan’s 10,635 mined Bitcoin and El Salvador’s 6,118 Bitcoin. Bitcoin Treasuries data places the US, China, the UK, and Ukraine ahead, with reserves of 198,109, 190,000, 61,245, and 46,351 BTC. In terms of Bitcoin holdings, North Korea is the fifth largest country in the world. / Source: Bitcoin Treasuries The Scale of North Korean Cybercrime North Korea’s vast wealth in cryptocurrencies stems from years of cyberattacks and crypto heists, including the 2024 DMM Bitcoin exploit in Japan and the 2022 Ronin Network breach , where Lazarus stole $308 million and over $600 million, respectively. The Lazarus Group refers to a large subset of state-sponsored cyber activities of the Democratic People’s Republic of Korea (DPRK), operating as an integral wing of North Korea’s central foreign intelligence agency, the Reconnaissance General Bureau (RGB). Chainalysis’ Crypto Crime 2025 Report shows North Korean hackers stole $660.5 million in 2023 and $1.34 billion in 2024, marking a 102.88% year-over-year increase. One of the most recent examples of North Korea’s expanding cyber operations is the Bybit hack. Bybit Attack: North Korea’s Massive Crypto Theft The dramatic increase in North Korea’s Bitcoin holdings is directly linked to the February 2025 attack on the Dubai-based cryptocurrency exchange Bybit. The Lazarus Group organized the theft of over 400,000 Ether from Bybit’s secure multi-signature cold wallet. Following the theft, Lazarus employed sophisticated techniques to launder the stolen Ether and convert it into Bitcoin. The group exploited decentralized finance (DeFi) protocols like THORChain, which faced criticism for lacking strong anti-crime protections. This allowed Lazarus to obscure the origins of the stolen funds and facilitate their conversion into Bitcoin. This attack has consequences beyond Bybit’s financial losses. According to the Center for Strategic & International Studies (CSIS) , proceeds from cyberattacks, along with other illicit wealth generated by North Korean-funded syndicates, fund North Korea’s nuclear missile program and pose a major threat to international security. The post North Korea Surpasses El Salvador in Bitcoin Holdings, Fueled by Bybit Hack appeared first on Cryptonews .",Bitcoin News|Bitcoin|ByBit|Hacks|North Korea,EN,0,0,BTC|ASIA|EXCHANGE|ARKM|BNB,"{'name': 'cryptonews', 'img': 'https://images.cryptocompare.com/news/default/cryptonews.png', 'lang': 'EN'}",cryptonews,2025-03-17 22:40:09
27,41830219,https://en.bitcoinsistemi.com/what-to-expect-in-bitcoin-in-the-coming-days-is-a-fall-or-a-rebound-more-likely/,1742251147,https://resources.cryptocompare.com/news/81/41830219.jpeg,What to Expect in Bitcoin in the Coming Days? Is a Fall or a Rebound More Likely?,https://en.bitcoinsistemi.com/what-to-expect-in-bitcoin-in-the-coming-days-is-a-fall-or-a-rebound-more-likely/,"Bitcoin’s (BTC) recent price action suggests that institutional investors have yet to make a strong comeback, leaving the market in a consolidation phase. According to a report from Bitfinex, Bitcoin fell significantly from its all-time high of $109,590 on Jan. 20 to a low of $77,041 last week. This 29.7% drop marks the second deepest correction in the current bull market. Historically, bull markets tend to experience corrections of around 30% before resuming their rise, according to Bitfinex. However, this cycle has been characterized by shallower pullbacks, largely due to institutional adoption and demand from spot Bitcoin exchange-traded funds (ETFs). Despite this, short-term holders are currently facing net unrealized losses, adding to the sell-side pressure. Investors who bought Bitcoin in the past 7 to 30 days are particularly vulnerable to capitulation, which further exacerbates market weakness, analysts say. Related News: Outlook Changes in Altcoin Dominance Analysis Firm Draws Particular Attention to These 10 Altcoins A major concern highlighted in the report is the slowdown in fresh capital inflows. When new money enters the market lessens and cost basis trends shift, this is typically a sign of weakening demand. This is becoming more apparent as Bitcoin struggles to maintain key support levels. Without significant new buying activity, BTC could remain in a prolonged period of consolidation or face further declines as weaker holders exit their positions. Market analysts suggest that the return of long-term holders and institutional demand will be critical in determining Bitcoin’s next move. If deep-pocketed investors begin to absorb supply at these low levels, it could signal the start of an accumulation phase, potentially stabilizing prices and shifting market sentiment back into bullish territory. *This is not investment advice. Continue Reading: What to Expect in Bitcoin in the Coming Days? Is a Fall or a Rebound More Likely?",Analysis|Bitcoin|News,EN,0,0,BTC|MARKET|TRADING|BUSINESS|ALTCOIN,"{'name': 'BitcoinSistemi', 'img': 'https://resources.cryptocompare.com/news/81/default.png', 'lang': 'EN'}",bitcoinsistemi,2025-03-17 22:39:07
28,41830199,https://news.bitcoin.com/?p=712809,1742251136,https://resources.cryptocompare.com/news/14/41830199.jpeg,Venezuelan Minister Remarks 25% of Trade Can Be Conducted Away From the US Dollar,https://news.bitcoin.com/venezuelan-minister-remarks-25-of-trade-can-be-conducted-away-from-the-us-dollar/,Venezuelan Foreign Minister Yvan Gil stated that this new state of affairs in international trade was possible due to the push that Russia and the BRICS bloc exerted to bypass the U.S. dollar. Venezuelan Minister Yvan Gil: 25% of Trade Can Be Completed Away From the Dollar International trade markets have been evolving to open,Economics|brics|de-dollarization|Venezuela,EN,0,0,FIAT|MARKET,"{'name': 'Bitcoin.com', 'img': 'https://images.cryptocompare.com/news/default/bitcoincom.png', 'lang': 'EN'}",bitcoin.com,2025-03-17 22:38:56
29,41829907,https://bitcoinworld.co.in/?p=140862,1742250616,https://resources.cryptocompare.com/news/82/default.png,"Intel’s Bold Move: Lip-Bu Tan Takes Helm, Plans Major Overhaul",https://bitcoinworld.co.in/intel-ceo-lip-bu-tan-overhaul/,"The semiconductor world is buzzing as Intel Corporation welcomes back Lip-Bu Tan, not just as a board member, but as the Chief Executive Officer. This leadership change signals a potentially transformative era for the tech giant, hinting at significant strategic shifts in how Intel operates and innovates. For those tracking the intersection of tech and finance, particularly in the volatile cryptocurrency market, Intel’s moves are crucial indicators of broader industry trends and investment opportunities. Lip-Bu Tan Takes Charge as Intel CEO: A Bold Leadership Change After a brief exit from Intel’s board, Lip-Bu Tan’s return as Intel CEO is generating considerable excitement and speculation. His predecessor, Pat Gelsinger, and Tan reportedly had disagreements, leading to Tan’s departure in August 2024. However, just months later, Tan is back, ready to steer the ship. According to reports, Tan has already communicated to Intel employees about the necessity for “tough decisions” to revitalize the company. This statement alone suggests that significant restructuring and strategic realignments are on the horizon. Here’s what we know about Lip-Bu Tan and the context of his appointment: Background: Tan is a seasoned veteran in the tech industry, known for his strategic acumen and leadership. His return indicates a decisive move by Intel to inject fresh perspectives at the highest level. Urgency for Change: Intel has been facing challenges in recent years, struggling to maintain its dominance in the semiconductor market amidst fierce competition. A leadership overhaul is often a catalyst for significant strategic and operational changes. Immediate Action: Reports suggest Tan is wasting no time, immediately diving into critical areas like chip manufacturing and AI strategy, indicating a proactive approach to address Intel’s current standing. Revamping Intel’s Chip Manufacturing Strategy: A Critical Shift One of the most significant areas Tan is expected to address is chip manufacturing . Intel, once the undisputed leader in chip manufacturing, has faced setbacks and increased competition from rivals like TSMC and Samsung. Rethinking their manufacturing approach could involve several key considerations: Area of Focus Potential Changes Impact Manufacturing Processes Exploring advanced node technologies, improving yield rates, and possibly outsourcing certain manufacturing stages. Enhanced chip performance, reduced production costs, and faster time-to-market for new products. Supply Chain Resilience Diversifying supply chains, investing in domestic manufacturing capabilities, and securing key resources. Mitigation of geopolitical risks and supply disruptions, ensuring consistent chip production. Investment in R&D Increased spending on research and development for next-generation manufacturing technologies and materials. Long-term competitiveness and innovation leadership in the semiconductor industry. A strategic overhaul in chip manufacturing is not just about catching up with competitors; it’s about paving the way for future technological advancements and ensuring Intel’s relevance in an increasingly demanding market. Focus on AI Strategy: Intel’s New Direction Under Tan Artificial Intelligence is no longer a futuristic concept; it’s the present and future of technology. For Intel, a robust AI strategy is paramount. Tan’s reported focus on this area suggests a significant push to strengthen Intel’s position in the AI landscape. This could involve: Enhanced AI Chip Development: Investing in and accelerating the development of specialized chips optimized for AI workloads, competing with the likes of NVIDIA and AMD. Software and Ecosystem: Building a strong software ecosystem around Intel’s AI hardware, making it easier for developers to utilize Intel’s technology for AI applications. Strategic Partnerships: Forging collaborations with AI-focused companies and research institutions to drive innovation and expand Intel’s AI capabilities. AI Integration Across Products: Embedding AI capabilities across Intel’s product portfolio, from CPUs and GPUs to specialized AI accelerators, to cater to diverse market needs. A well-defined and aggressively pursued AI strategy is crucial for Intel to capitalize on the booming AI market and establish itself as a key player in this transformative technology domain. Tough Decisions Ahead for Intel CEO Lip-Bu Tan Tan’s mention of “tough decisions” is not just corporate jargon; it signals potential significant organizational changes. Cutting middle management is specifically cited as one area under consideration. This could be part of a broader effort to streamline operations, improve efficiency, and foster a more agile and responsive organizational structure. Such decisions, while potentially necessary for long-term health, are rarely easy and can have considerable impact on employees. Beyond middle management, other “tough decisions” could include: Divestitures: Selling off non-core business units to focus resources on key strategic areas like chip manufacturing and AI. Restructuring: Reorganizing internal teams and departments to align with the new strategic direction. Investment Prioritization: Making hard choices about where to allocate investments, potentially shifting resources from legacy businesses to emerging growth areas. For investors and industry watchers, these “tough decisions” are critical indicators of Intel’s commitment to change and its willingness to take bold steps to regain its competitive edge. The cryptocurrency and broader financial markets will be keenly observing how these changes unfold and their impact on Intel’s future performance. Lip-Bu Tan’s appointment as Intel CEO marks a pivotal moment for the company. His focus on revamping chip manufacturing and strengthening the AI strategy , coupled with the promise of significant organizational changes, suggests a determined effort to steer Intel towards a new era of growth and innovation. The coming months will be crucial in observing the execution of these plans and their impact on Intel and the wider tech landscape. This leadership change is not just about a new CEO; it’s about a potential transformation of a tech giant. To learn more about the latest AI trends, explore our article on key developments shaping AI features and institutional adoption.",AI News|AI|CEO|Intel|Lip-Bu Tan|semiconductors,EN,0,0,MARKET|TECHNOLOGY|BUSINESS|RESEARCH,"{'name': 'Bitcoin World', 'img': 'https://resources.cryptocompare.com/news/82/default.png', 'lang': 'EN'}",bitcoinworld,2025-03-17 22:30:16
30,41829863,https://www.newsbtc.com/?p=713209,1742250603,https://resources.cryptocompare.com/news/21/41829863.jpeg,Bitcoin Resets With 14% Deleveraging—Here’s What Past Events Led To,https://www.newsbtc.com/bitcoin-news/bitcoin-resets-14-deleveraging-past-events/,"Data shows the Bitcoin futures market has seen a massive deleveraging event recently. Here’s what this reset could mean for BTC, based on past trends. Bitcoin Open Interest Has Gone Through A Crash Recently As pointed out by an analyst in a CryptoQuant Quicktake post, the BTC Open Interest has seen a retest recently. The “Open Interest” refers to an indicator that keeps track of the total amount of futures positions related to Bitcoin that are currently open on all derivatives exchanges. Related Reading: Is Bitcoin Peak In? This Data Suggests Otherwise, Analytics Firm Says When the value of this metric rises, it means the investors are opening up more positions on the market. Generally, the total leverage present in the sector goes up when this happens, so this kind of trend can lead to more volatility for the asset. On the other hand, the indicator going down implies the futures users are closing up positions or getting forcibly liquidated by their platform. As leverage decreases following such a trend, the market can act in a more stable manner. Now, here is the chart shared by the analyst, that shows the trend in the Bitcoin Open Interest, as well as its 90-day percentage change, over the last few years: As displayed in the above graph, the Bitcoin Open Interest shot up to a new all-time high (ATH) of $33.6 billion back in January. Interestingly, this peak in the indicator coincided with the ATH in the price itself. As mentioned before, a rise in the Open Interest can lead to volatility for the cryptocurrency. The reason behind this lies in the fact that a mass liquidation event, popularly known as a squeeze, can become more probable to occur when the market is overleveraged. In such an event, a sharp swing in the price triggers a large amount of simultaneous liquidations, which end up acting as fuel for the move itself, thus elongating its length. This unleashes a cascade of further liquidations. The volatility emerging out of an increase in the Open Interest can, in theory, take Bitcoin in either direction. During the earlier bull rally, the Open Interest increase was accompanied by bullish momentum. From the chart, it’s visible, however, that the indicator reached a turning point around the time of the aforementioned peak. As bearish momentum took over Bitcoin following the ATH, it was now the turn of the bulls to get liquidated. The massive long squeezes that the price legs down induced helped to further the price decline, explaining its sharpness. Related Reading: Dogecoin Can Still Go Parabolic If This Support Holds, Analyst Says Today, the Open Interest is down to just $23.1 billion, with the indicator’s 90-day change sitting at a notable low of -14%. In the chart, the quant has highlighted the previous deleveraging events where the metric plummeted in a similar manner. “Looking at historical trends, each past deleveraging like this has provided good opportunities for the short to medium term,” notes the analyst. It now remains to be seen whether this cooldown in the futures market will be enough for Bitcoin to see a rebound or not. BTC Price At the time of writing, Bitcoin is trading at around $83,500, up 1% in the last 24 hours. Featured image from Dall-E, CryptoQuant.com, chart from TradingView.com",Bitcoin News|bitcoin|Bitcoin Deleveraging|bitcoin futures|Bitcoin Open interest|btc|BTCUSDT,EN,0,0,BTC|TRADING|MARKET|BUSINESS|DOGE,"{'name': 'NewsBTC', 'img': 'https://images.cryptocompare.com/news/default/newsbtc.png', 'lang': 'EN'}",newsbtc,2025-03-17 22:30:03
31,41829838,https://en.coin-turk.com/?p=186025,1742250525,https://resources.cryptocompare.com/news/79/41829838.jpeg,Massive Dinosaur Announcement Sparks Hype for The Sandbox!,https://en.coin-turk.com/massive-dinosaur-announcement-sparks-hype-for-the-sandbox/,"The Sandbox has announced exciting developments in the metaverse. Investor enthusiasm remains low, with minimal price increase noticed. Continue Reading: Massive Dinosaur Announcement Sparks Hype for The Sandbox! The post Massive Dinosaur Announcement Sparks Hype for The Sandbox! appeared first on COINTURK NEWS .",Sandbox (SAND),EN,0,0,BUSINESS|TRADING,"{'name': 'CoinTurk News', 'img': 'https://resources.cryptocompare.com/news/79/default.png', 'lang': 'EN'}",cointurken,2025-03-17 22:28:45
32,41829773,https://www.cryptopolitan.com/?p=694592,1742250227,https://resources.cryptocompare.com/news/43/41829773.jpeg,Ripple’s new trademark filing sparks speculation on crypto custody expansion,https://www.cryptopolitan.com/ripples-new-trademark-filing-sparks-speculation-on-crypto-custody-expansion/,"San Francisco-based fintech company Ripple Labs has filed a trademark application for “Ripple Custody.” The revelation has led to speculations that the firm wants to launch a crypto wallet or custodial services. According to the application , the firm applied for the trademark on February 25. The accompanying statement explaining the term suggests that it will apply to downloaded software, financial services, peer-to-peer network computer services, and cloud software that can be used for the custody, storage, and transmission of cryptocurrencies and fiat currencies. One of the statement reads: “Financial services, namely, custodial services in the nature of maintaining storage and possession of cryptocurrency, fiat currency, virtual currency, and digital currency for financial management purposes.” These statements, which describe the potential application of the term, have led to speculation about what Ripple might be planning in the coming months. Most times, a trademark application such as this suggests that a company is finalizing its plans to unveil a product. In 2024, Ripple for trademarks for Ripple Payments, RLUSD, and Ripple USD, a few months before launching the RLUSD stablecoin. Meanwhile, the news of the application has attracted different reactions from the XRP community. Noah Christopher on X believes that Ripple is expanding into custody and payments to boost its adoption, while Faril speculates that the US might rely on Ripple to custody its crypto reserves. However, some users have noted that a Ripple Custody app already exists in the App Store. It is simply an authenticator app for institutional customers signing transactions using Metaco to custody their assets. Ripple bought the digital asset custody firm Metaco in 2023. The United States Patent and Trademark Office (USPTO) has already received and acknowledged the trademark application but has not assigned it to an examiner. The approval process for a trademark in the US only takes a few months unless it is contested. XRP remains in the green despite a turbulent year While there is no clarity yet on whether Ripple is planning a custody product or has already launched one, its XRP token remains in the only top ten cryptocurrencies by market cap with some gains year-to-date. Per CoinMarketCap data, the token is up more than 1% YTD after losing more than 10% of its value in the past 90 days. Although this might seem inconsequential, it represents a much better performance than Bitcoin, Ethereum, Solana, BNB, Cardano ADA, DOGE, and Tron TRX, all of which have been down between 14% and 46% since January 2025. XRP’s positive performance is due to various factors, including the expectation that the Securities and Exchange Commission (SEC) will soon drop the lawsuit against Ripple over the token’s status. With the regulator dropping crypto-related actions against Coinbase, Uniswap, and Robinhood, many believe that Ripple is next. XPR ETF for 2025 is at 75% Yes (Source: Polymarket) The market expectations are clearly evident in the Polymarket contract on whether the SEC will approve an XRP exchange-traded fund in 2025. Presently, there is a 75% chance of that approval, with a 5% increase in the last 24 hours alone, showing positive sentiment. Cryptopolitan Academy: Want to grow your money in 2025? Learn how to do it with DeFi in our upcoming webclass. Save Your Spot",News|Polymarket|Ripple|XRP,EN,0,0,XRP|MARKET|ADA|EXCHANGE|FIAT,"{'name': 'Cryptopolitan', 'img': 'https://images.cryptocompare.com/news/default/cryptopolitan.png', 'lang': 'EN'}",cryptopolitan,2025-03-17 22:23:47
33,41829707,e495907e-1a9b-4cd5-8309-8c1038acb830,1742250144,https://resources.cryptocompare.com/news/5/41829707.jpeg,Arbitrum Ecosystem Unveils 'Onchain Labs' to Support Early-Stage Projects,https://www.coindesk.com/tech/2025/03/17/arbitrum-ecosystem-unveils-onchain-labs-to-support-early-stage-projects,"The main organizations supporting the Arbitrum blockchain, Offchain Labs and the Arbitrum Foundation, unveiled a new program designed to kick-start early-stage projects in the ecosystem. The new program, ""Onchain Labs,"" is designed to provide go-to-market support to ""experimental and volatile"" projects, according to a blog post from Offchain Labs, Arbitrum's main developer. “Through Onchain Labs, we’re dedicating resources to support developers looking to rapidly expand the application layer by ideating with them from the ground floor to bring the best user experiences to Arbitrum,” the blog post said. “As we do with many Arbitrum teams, we’ll provide product and [go-to-market] support to these early-stage projects, collaborating closely to help their applications thrive on Arbitrum.” Arbitrum Foundation is a non-profit that stewards Arbitrum ecosystem governance. Offchain Labs, which created the blockchain in 2021, focuses on developer tooling and core network infrastructure. Offchain Labs is pitching its new initiative as a way to spur greater activity and interest in the wider Arbitrum ecosystem. According to the blog post from the company, the first Onchain Labs projects will soon emerge from stealth. Offchain Labs said the only projects supported by its new program will be those that explicitly ""commit to fair and equitable launches"" — presumably meaning they avoid token launches and other mechanics that preference insiders. Offchain Labs stated in its blog post that the selection criteria are meant to avoid ""extractive ecosystems"" and ""zero-sum games."" Tandem, Offchain Labs' venture capital arm, ""may or may not purchase associated tokens in public markets,"" the company added. Arbitrum is a layer-2 optimistic rollup network on Ethereum. Like other rollups, the chain is designed to process transactions faster and more cheaply than the main Ethereum blockchain. Several new blockchains are built on Arbitrum's technical framework, forming a network of interconnected blockchains called Arbitrum 'Orbit.' Arbitrum is currently the largest layer-2 network on Ethereum, with roughly $12.2 billion on its primary 'Arbitrum One' chain, according to L2beat . Read more: Arbitrum Deepens Ties with South Korea's Lotte Group",Tech|Arbitrum|Offchain labs,EN,0,0,ARB|BLOCKCHAIN|ETH|ASIA|MARKET,"{'name': 'CoinDesk', 'img': 'https://images.cryptocompare.com/news/default/coindesk.png', 'lang': 'EN'}",coindesk,2025-03-17 22:22:24
34,41829772,https://www.cryptopolitan.com/?p=694701,1742250012,https://resources.cryptocompare.com/news/43/41829772.jpeg,Canary Capital adds SUI ETF to its pile of SEC altcoin applications,https://www.cryptopolitan.com/canary-capital-adds-sui-etf-to-its-pile-of-sec-altcoin-applications/,"Canary Capital filed an S-1 registration form with the United States Securities and Exchange Commission (SEC) as part of its application to issue an SUI exchange-traded fund (ETF). Canary is a frequent crypto ETF applicant. This would reportedly be the first SUI ETF in the United States. The Canary SUI ETF would be structured as a trust. Canary stated that it intended to stake some of its SUI through providers that will enable the trust to establish validator nodes. Staking leads to possible taxation in connection with staking rewards. Investors can get SUI in different ways SUI is the native token of the Sui network, a layer-1 blockchain that was developed by Mysten Labs. According to the S-1, its transaction speed and scalability make it suitable for gaming and high-frequency trading. Canary telegraphed its intentions to create the ETF when it registered a Canary SUI ETF statutory trust in Delaware on March 6. Before an ETF can be launched, the exchange that will host it has to file form 19b-4 with the SEC. That form requests changes in the rules for the exchange that would allow the new ETF to be listed. Canary did not specify an exchange in its S-1. Although this is the first suggestion of a SUI ETF in the United States, exchange-traded product issuer Valour has a SUI product on Sweden’s Spotlight Stock Market denominated in Swedish kronor. In addition, Switzerland-based 21Shares offers a SUI staking ETP. VanEck offers a SUI exchange-traded note (ETN). An ETN also tracks an asset but, unlike an ETF, the issuer does not own any of the assets. Sui and Franklin Templeton announced a “strategic partnership” in November, although it was not clear what the goals of that partnership were. Grayscale has a SUI exchange-traded note (ETN) The ETN tracks the price of SUI but is a closed fund, whereas an ETF is open-ended. On March 6, World Liberty Financial, the decentralized finance protocol linked to the family of U.S. President Donald Trump, announced that it would include SUI in its strategic reserves and it explore product development opportunities with Sui. Canary Capital has big altcoin ambitions The SUI ETF is not the only first Nashville-based Canary has stocked up. In December, it was the first to apply for an LTC (Litecoin) ETF. Canary Capital has filed with the SEC for several crypto ETFs, including Hedera , Solana , and XRP . Canary also runs a digital asset fund that invests in digital assets and crypto equity funds whose prices have fallen below their net asset value. Altcoin ETFs may become more common. For example, Grayscale has applied for Litecoin, Solana, XRP, and Dogecoin ETFs, while 21Shares is also looking into Solana, XRP, and Polkadot ETFs. Hashdex applied to the SEC to expand its Hashdex Nasdaq Crypto Index US ETF to include Solana, XRP, Cardano, Chainlink, Avalanche, Litecoin and Uniswap in addition to Bitcoin and Ethereum. Cryptopolitan Academy: Want to grow your money in 2025? Learn how to do it with DeFi in our upcoming webclass. Save Your Spot",SUI News & Market Updates|SUI,EN,0,0,SUI|REGULATION|ALTCOIN|EXCHANGE|SOL|MARKET,"{'name': 'Cryptopolitan', 'img': 'https://images.cryptocompare.com/news/default/cryptopolitan.png', 'lang': 'EN'}",cryptopolitan,2025-03-17 22:20:12
35,41829494,https://bitcoinworld.co.in/?p=140860,1742249863,https://resources.cryptocompare.com/news/82/default.png,"Shocking Gemini AI Secret: Uncovers Powerful Watermark Removal, Sparks Copyright Fears",https://bitcoinworld.co.in/gemini-ai-watermark-removal-copyright/,"Hold onto your hats, crypto enthusiasts! The world of AI just took a surprising turn, and it’s got some serious implications for digital content and, by extension, the world of NFTs and digital ownership we’re so passionate about. Google’s brand-new AI model , Gemini 2.0 Flash, just unlocked a skill that’s turning heads and raising eyebrows in equal measure: effortless watermark removal from images. Is this a game-changer for content creation, or a Pandora’s Box for copyright infringement ? Let’s dive into this fascinating, and potentially disruptive, development. The Gemini AI Watermark Removal Revolution: What’s Happening? Social media is buzzing with reports of users leveraging Google’s latest AI model to perform what was once a tedious and often imperfect task: removing watermarks from images. Imagine taking a stock photo, riddled with a Getty Images watermark, and with a few simple prompts, poof! Watermark gone, seemingly like magic. This isn’t just about tidying up photos; it’s a potential seismic shift in how we perceive digital ownership and copyright in the age of AI. Here’s the lowdown: Gemini 2.0 Flash Unleashed: Google recently broadened access to its Gemini 2.0 Flash AI model , boasting native image generation and editing capabilities. This is powerful tech in anyone’s book. The Watermark Wizard: Users quickly discovered Gemini’s uncanny ability to not just remove watermarks, but also intelligently fill in the gaps left behind, making the edits nearly seamless. Social Media Buzz: Platforms like X and Reddit are flooded with examples showcasing Gemini’s watermark-banishing prowess. The ease and effectiveness are genuinely impressive. New skill unlocked: Gemini 2 Flash model is really awesome at removing watermarks in images! pic.twitter.com/6QIk0FlfCv — Deedy (@deedydas) March 15, 2025 Gemini 2.0 Flash, available in Google’s AI studio, is amazing at editing images with simple text prompts. It also can remove watermarks from images (and puts its own subtle watermark in instead ) pic.twitter.com/ZnHTQJsT1Z — Tanay Jaipuria (@tanayj) March 16, 2025 Is This the End of Watermarks? Exploring the Implications of AI-Powered Image Editing While the tech is undeniably cool, the implications of AI’s newfound ability for image editing , specifically watermark removal , are far-reaching and complex. Let’s consider some key points: Copyright Concerns Soar: The most immediate concern is, of course, copyright infringement . Removing watermarks is essentially stripping away the visual declaration of ownership. Imagine the impact on stock photo agencies and artists who rely on watermarks to protect their work and revenue. Ethical Gray Areas: While some AI models like Claude 3.7 Sonnet and GPT-4o actively refuse to remove watermarks citing ethical and legal reasons, Gemini 2.0 Flash seemingly has no such qualms. This raises questions about the ethical guidelines and responsibilities of AI developers. Not Foolproof, Yet: It’s crucial to note that Gemini isn’t perfect. It struggles with semi-transparent watermarks or those covering large image areas. However, the technology is still in its early stages and rapidly evolving. Google’s Stance: Google has acknowledged the issue, stating that using Gemini for copyright infringement violates their terms of service. They label the feature as “experimental” and “not for production use,” and claim to be monitoring feedback. However, the ease of access and lack of built-in restrictions are still worrying. The Legal Landscape: Watermark Removal and Copyright Infringement Legally speaking, removing a watermark without the copyright holder’s permission is generally considered illegal under US copyright law, except in very specific circumstances. Think about it – watermarks are a form of digital signature, and tampering with them can have serious legal ramifications. For the crypto and NFT space, where digital provenance and ownership are paramount, this development adds another layer of complexity. Consider this table to understand the contrasting approaches: AI Model Watermark Removal Capability Ethical/Legal Stance Gemini 2.0 Flash Yes, highly effective Potentially problematic, terms of service violation for copyright infringement Claude 3.7 Sonnet No Explicitly refuses, deems it unethical and potentially illegal GPT-4o No Explicitly refuses, aligns with ethical and legal considerations Actionable Insights: Navigating the New Era of AI Image Editing So, what does this mean for you? Here are some key takeaways and actionable insights: Be Aware, Not Alarmed: While the watermark removal capability is powerful, it’s still experimental. Don’t panic, but stay informed. Respect Copyright: Just because the technology exists doesn’t make copyright infringement okay. Always respect creators’ rights and seek proper permissions for image use. For Creators: Consider robust watermarking strategies, but also explore blockchain-based solutions for digital ownership verification, which are increasingly relevant in the NFT and crypto space. For Developers: The responsibility is on AI developers to implement ethical guardrails and usage restrictions to prevent misuse of powerful image editing tools like Gemini. Conclusion: A Powerful Tool with a Shadow of Doubt Google’s Gemini 2.0 Flash AI model ‘s ability to perform seamless watermark removal is undeniably impressive. It showcases the rapid advancements in AI and image editing . However, this “amazing” capability comes with a significant shadow of doubt regarding copyright infringement and ethical usage. As the technology evolves, it’s crucial for developers, users, and legal frameworks to adapt to ensure responsible innovation and protect the rights of content creators in this brave new world of AI-powered tools. To learn more about the latest AI trends, explore our article on key developments shaping AI features.",AI News|#Google|AI|Copyright|GEMINI|Watermarks,EN,0,0,REGULATION|BUSINESS|TECHNOLOGY,"{'name': 'Bitcoin World', 'img': 'https://resources.cryptocompare.com/news/82/default.png', 'lang': 'EN'}",bitcoinworld,2025-03-17 22:17:43
36,41830632,https://thecoinrise.com/malaysian-authorities-issue-warning-as-crypto-scams-soar/,1742249758,https://images.cryptocompare.com/news/default/thecoinrise.png,Malaysian Authorities Issue Warning as Crypto Scams Soar,https://thecoinrise.com/malaysian-authorities-issue-warning-as-crypto-scams-soar/,"Crypto scams are becoming rampant in Malaysia, as fraudsters impersonate well-known individuals and financial banks. Sadly, mostly older adults in the country are falling for the tricks. Authorities have alerted the public to be very careful, as these scammers use advanced technology to steal millions from unsuspecting individuals. Older Malaysian Investors Are the Biggest Targets Older investors, also known as older citizens in Malaysia, are now prime targets in crypto scams. Scammers deceive these older citizens, as many do not understand crypto investments well. They promise quick and easy profits, convincing victims to buy expensive coins that do not exist. Once the money is sent, it disappears. In a recent case, a 74-year-old man lost tens of millions of ringgit after buying fake cryptocurrency. Authorities warned that many of these crypto assets are fake and advised traders to research before investing in any digital assets. Scammers also create fake websites and investment platforms that look real, making it hard for victims to notice any fraudulent act until it is too late. Officials urged investors to verify the legitimacy of any project before making financial decisions. Crypto Scams Featuring AI Tools and Fake Calls Crypto scams is not the only financial crime rising in Malaysia. Phone scams are also a big problem. Scammers pretend to be bank workers, police officers, or government officials. They trick people into sending them money. Many scams start with a fake courier call. The scammer connects the victim to a fake police officer, bank official, or audit expert in the same call. Officials warned that real government agencies do not operate this way. Fraudsters also use advanced technology, such as artificial intelligence (AI) and deep-fake tools, to make their schemes more believable . Experts worry these tricks will only become more sophisticated over time. Nevertheless, Malaysian authorities are taking steps ahead in fighting cybercrime and protecting digital services. Last year, they arrested thousands of suspected individuals linked to scam syndicates, marking a major effort in the fight against financial fraud. They also use AI and blockchain to detect and flag suspicious activity on digital platforms before traders and investors lose money. The Rise of Illegal Bitcoin Mining in Malaysia Malaysia is facing more cases of illegal Bitcoin mining. Reportedly, some miners steal electricity to power their mining machines, causing big losses for the country’s power grid. Officials have found many mining farms using stolen electricity. These illegal operations strain the country’s energy supply and create concerns about cybersecurity risks. The post Malaysian Authorities Issue Warning as Crypto Scams Soar appeared first on TheCoinrise.com .",Blockchain News|Crypto Scam,EN,0,0,BUSINESS|MINING|BTC|FIAT|TECHNOLOGY,"{'name': 'The Coin Rise', 'img': 'https://images.cryptocompare.com/news/default/thecoinrise.png', 'lang': 'EN'}",thecoinrise,2025-03-17 22:15:58
37,41830631,https://thecoinrise.com/jump-on-the-bandwagon-arctic-pablos-10027-85-roi-at-nippy-nook-top-new-meme-coin-to-invest-in-march-2025-as-ai-companions-and-bome-heat-up/,1742249751,https://images.cryptocompare.com/news/default/thecoinrise.png,"Jump on the Bandwagon! Arctic Pablo’s 10,027.85% ROI at Nippy Nook—Top New Meme Coin to Invest in March 2025 As AI Companions and BOME Heat Up",https://thecoinrise.com/jump-on-the-bandwagon-arctic-pablos-10027-85-roi-at-nippy-nook-top-new-meme-coin-to-invest-in-march-2025-as-ai-companions-and-bome-heat-up/,"What if a single investment could turn pocket change into a fortune? With meme coins shaking up the crypto world, the right pick could yield massive rewards. Recently, two standout projects, AI Companions and Book of Meme, have made headlines with impressive price movements. But today, all eyes are on Arctic Pablo Coin (APC) —a meme coin powerhouse that’s taking over with a presale opportunity too good to ignore. With an insane staking reward and a presale event generating massive traction, Arctic Pablo Coin is quickly climbing the ranks. This article will cover the latest developments of Arctic Pablo Coin, AI Companions, and Book of Meme. Earn While You Hold: Arctic Pablo Coin Offers 66% APY During Presale Meme coins often rely on hype, but Arctic Pablo Coin brings more than just excitement—it delivers serious earning potential. One of its most attractive features is its 66% APY staking reward during the presale, making it an enticing choice for both long-term holders and active traders. Staking APC tokens during the presale isn’t just about securing holdings—it’s about multiplying them. With a whopping 66% APY, investors can watch their tokens grow passively while the project gains momentum. Unlike many meme coins that rely solely on speculation, Arctic Pablo Coin ensures continuous engagement through its staking rewards. The combination of humor, strong tokenomics, and community-driven growth is making APC a prime pick in the top new meme coins to invest in March 2025. Arctic Pablo Coin Presale Hits Nippy Nook: Early Investors Eye 10,027.85% ROI as Launch Nears The Meme Coin presale has officially reached Nippy Nook, its 15th phase, and the numbers are staggering. Right now, 1 APC is priced at just $0.000079, and the project has already raised over $1.92 million. But here’s the game-changer: at launch, APC is expected to hit $0.008—a jaw-dropping 10,027.85% ROI for early investors. To put it into perspective, a $1,000 investment today would secure 12,656,860 APC tokens, which will skyrocket in value to an estimated $101,254.88 upon launch. As Arctic Pablo Coin moves beyond Nippy Nook, the price will only climb higher, making this the best moment to enter before the next price surge. Investors who recognize the potential of APC are securing their spots before this meme coin phenomenon explodes. AI Companions: A Strong Player in the AI Crypto Space AI Companions continues to make its mark in the crypto space, trading at $0.2198 with a solid 24-hour trading volume of $3.89 million. As artificial intelligence-driven projects gain mainstream traction, AI Companions is catching the attention of investors seeking reliable long-term investments. The growing role of AI in reshaping industries makes AI Companions a noteworthy name in the digital asset world. With its strong market presence and promising potential, AI Companions stands as a strong contender in the ever-evolving crypto landscape, appealing to both investors and tech enthusiasts alike. Book of Meme Surges With High Trading Volume Book of Meme is making waves in the meme coin market, with a price of $0.001413 and an impressive 24-hour trading volume of $51,844,772.14. This surge in trading activity highlights the growing interest from the crypto community and signals that Book of Meme is gaining momentum. As meme-based cryptocurrencies continue to captivate investors and digital culture enthusiasts alike, Book of Meme is emerging as a strong contender in the space. With its active trading scene and loyal following, it’s becoming increasingly clear that Book of Meme is one to watch closely in 2025. Final Words: Arctic Pablo Coin Leads the Charge Meme coins are no longer just internet jokes; they’re serious investment opportunities with astronomical potential. AI Companions and Book of Meme have proven their strength, but Arctic Pablo Coin is leading the charge with its presale momentum. With an incredible 66% APY staking reward, a presale price of $0.000079, and an anticipated launch price of $0.008, APC is creating massive waves. Investors looking for the top new meme coins to invest in March 2025 should act now before Arctic Pablo Coin moves past Nippy Nook. This isn’t just another meme coin—it’s a movement, and those who get in early could see life-changing gains. For More Information: Arctic Pablo Coin: https://www.arcticpablo.com/ Telegram: https://t.me/ArcticPabloOfficial Twitter: https://x.com/arcticpabloHQ Frequently Asked Questions 1. What is Arctic Pablo Coin (APC)? Arctic Pablo Coin is a new meme coin with strong tokenomics, offering 66% APY staking rewards and a promising presale currently in the 15th phase at Nippy Nook. 2. How much is Arctic Pablo Coin currently priced at? As of now, Arctic Pablo Coin is priced at $0.000079, with an anticipated launch price of $0.008, offering a potential 10,027.85% ROI. 3. How does Arctic Pablo Coin staking work? During the presale, investors can stake their APC tokens and earn 66% APY, making it a lucrative opportunity to grow holdings before the official launch. 4. How much has Arctic Pablo Coin raised so far? The Arctic Pablo Coin presale has already raised over $1.92 million, showcasing strong investor confidence and growing community backing. 5. Why is Arctic Pablo Coin considered a top new meme coin to invest in March 2025? With an attractive staking reward, strategic presale pricing, and a solid roadmap, Arctic Pablo Coin is gaining traction as one of the top new meme coins to invest in March 2025. The post Jump on the Bandwagon! Arctic Pablo’s 10,027.85% ROI at Nippy Nook—Top New Meme Coin to Invest in March 2025 As AI Companions and BOME Heat Up appeared first on TheCoinrise.com .",Token Presale and ICO Insights|Arctic Pablo,EN,0,0,TRADING|BUSINESS|BOME|MINING|MARKET,"{'name': 'The Coin Rise', 'img': 'https://images.cryptocompare.com/news/default/thecoinrise.png', 'lang': 'EN'}",thecoinrise,2025-03-17 22:15:51
38,41829383,https://decrypt.co/?p=310250,1742249702,https://resources.cryptocompare.com/news/44/41829383.jpeg,"Trump, Associates Net $390 Million Payday From World Liberty Token Sale",https://decrypt.co/310250/trump-390-million-payday-world-liberty-token-sale,"The DeFi project announced Monday it closed a $550 million sale of WLFI, its governance token. After expenses, 75% of that goes to Trump and his partners.",|official-trump|Business,EN,0,0,TOKEN SALE|BUSINESS,"{'name': 'Decrypt', 'img': 'https://images.cryptocompare.com/news/default/decrypt.png', 'lang': 'EN'}",decrypt,2025-03-17 22:15:02
39,41829478,https://zycrypto.com/?p=103773,1742249677,https://images.cryptocompare.com/news/default/zycrypto.png,"Michael Saylor’s Strategy Makes Smallest-Ever Bitcoin Buy, Adding $10.7 Million Worth",https://zycrypto.com/michael-saylors-strategy-makes-smallest-ever-bitcoin-buy-adding-10-7-million-worth/,"Michael Saylor’s Strategy (formerly MicroStrategy) unveiled a $10.7 billion Bitcoin purchase Monday, lifting its total holdings to nearly 500,000 BTC as the company resumed Bitcoin acquisitions after a two-week hiatus. It’s the smallest Bitcoin purchase in Strategy history, both in terms of BTC total and US dollar value. Strategy Snaps Up Additional 130 BTC According to a March 17 8-K filing with the U.S. Securities and Exchange Commission, Strategy purchased 130 Bitcoin for approximately $10.7 million at an average price of $82,981 per coin between March 10 and March 16. Strategy has acquired 130 BTC for ~$10.7M at ~$82,981 per bitcoin and has achieved BTC Yield of 6.9% YTD 2025. As of 3/16/2025, we hodl 499,226 $BTC acquired for ~$33.1 billion at ~$66,360 per bitcoin. $MSTR $STRK https://t.co/8xRmR8vlIt — Michael Saylor (@saylor) March 17, 2025 The recent purchase represented Strategy’s smallest Bitcoin acquisition since the Tysons Corner, Virginia-based firm started accumulating Bitcoin in August 2020 under the leadership of Executive Chairman Michael Saylor. Since that time, the business intelligence firm has remodeled itself into a Bitcoin development company and pioneered the crypto treasury reserve asset model that other publicly traded companies have emulated. Strategy’s Massive $41 Billion Bitcoin Gamble While the latest buy is Strategy’s smallest, the company had its largest acquisition of 2025 on Feb. 24, scooping up 20,365 BTC for $1.9 billion, as ZyCrypto reported . Strategy announced earlier this month that it may soon sell $21 billion of its STRK preferred stock to acquire more Bitcoin. The announcement dovetailed the company’s plans in October to raise $42 billion through equity and fixed income sales in the next three years for additional buying power. Strategy now holds a whopping 499,226 BTC, valued at over $41 billion — making it the largest corporate treasury reserve holder of the apex crypto. For perspective, the company owns nearly 2.4% of Bitcoin’s total supply. However, that mark is considerably below Saylor’s recent suggestion that the United States should acquire 25% of the supply, adding that the massive Bitcoin reserve could generate between $16 trillion and $18 trillion in wealth for the U.S., thus helping eliminate the entire national debt. Regardless of whether or not the US purchases Bitcoin, Saylor stressed that he has no plans of halting BTC purchases, previously suggesting he would be “ buying the top forever ”.",Bitcoin|News|Bitcoin News|Michael Saylor|MicroStrategy,EN,0,0,BTC|FIAT|BUSINESS|REGULATION|STRK,"{'name': 'ZyCrypto', 'img': 'https://images.cryptocompare.com/news/default/zycrypto.png', 'lang': 'EN'}",zycrypto,2025-03-17 22:14:37
40,41829289,b762f78e-1cb1-4176-a8cd-183a9991219c,1742249600,https://resources.cryptocompare.com/news/5/41829289.jpeg,Gemini Hires New CFO as It Prepares for Potential IPO,https://www.coindesk.com/business/2025/03/17/gemini-hires-new-cfo-as-it-prepares-for-potential-ipo,"Crypto exchange Gemini has appointed a new chief financial officer as it positions itself for a potential initial public offering. The company’s latest hire, Dan Chen, who previously served as vice president of capital markets at Affirm, announced the move in a social media post . ""Crypto is the most dynamic sector in finance and Gemini is at the forefront of this revolution — making it simple and secure to engage on the digital asset frontier,"" Chen wrote in the post. Chen will work alongside Gemini co-founders Cameron and Tyler Winklevoss to help scale the business. The timing of the hire aligns with Gemini’s reported ambitions for an IPO, which would provide greater access to capital while subjecting the company to the transparency requirements of public markets. Read more: Billionaire Winklevoss Twins-Backed Gemini Confidentially Filed for a U.S IPO: Bloomberg If Gemini moves forward with the public listing process, it will be part of a small but growing number of crypto-native companies considering an IPO in the U.S. stock exchanges, including Kraken, Circle, Bullish (parent company of CoinDesk) and Blockchain.com Gemini has not formally confirmed its IPO plans, but the appointment of a CFO with extensive experience in financial strategy suggests that preparations may be underway. Disclaimer: Parts of this article were generated with the assistance from AI tools and reviewed by our editorial team to ensure accuracy and adherence to our standards . For more information, see CoinDesk’s full AI Policy .",Finance|Gemini|IPO,EN,0,0,BUSINESS|EXCHANGE|MARKET|REGULATION|TRADING,"{'name': 'CoinDesk', 'img': 'https://images.cryptocompare.com/news/default/coindesk.png', 'lang': 'EN'}",coindesk,2025-03-17 22:13:20
41,41829235,https://en.coinotag.com/bitcoin-spot-etfs-see-900m-outflows-amid-price-decline-and-institutional-caution/,1742249564,https://resources.cryptocompare.com/news/77/41829235.jpeg,Bitcoin Spot ETFs See $900M Outflows Amid Price Decline and Institutional Caution,https://en.coinotag.com/bitcoin-spot-etfs-see-900m-outflows-amid-price-decline-and-institutional-caution/,"Recent trends indicate a significant downturn for Bitcoin Spot ETFs, with a staggering $900 million in outflows recorded over the past five weeks, raising questions about investor confidence. The overall",Bitcoin|News|BTC,EN,0,0,BTC|TRADING|BUSINESS,"{'name': 'CoinOtag', 'img': 'https://resources.cryptocompare.com/news/77/default.png', 'lang': 'EN'}",coinotag,2025-03-17 22:12:44
42,41829352,https://www.cryptopolitan.com/?p=694704,1742249540,https://resources.cryptocompare.com/news/43/41829352.jpeg,"Helium Network releases strong Q4 2024 report, returns spotlight to DePIN",https://www.cryptopolitan.com/helium-network-q4-2024-report-depin/,"Messari, a crypto research firm, just published data titled the “State of Helium Q4 2024,” which provides quantitative metrics and qualitative insights into Helium Network’s growth, adoption, and operational developments in the last quarter of 2024. The report curated by Messari provides valuable insights into Helium’s growth, adoption, and developments over a period of four months, focusing on DePIN project’s expansion in mobile and IoT network capabilities. Helium Network finished 2024 with a strong Q4 performance According to the data, the last quarter of 2024 saw the Helium Network transfer over 576 TB of offloaded data, marking a 555% increase quarter-over-quarter. It revealed that by the end of Q4, Helium Mobile was serving over 124,000 subscribers on its unlimited talk and text messaging service, reflecting a 7% growth from the previous quarter. That value is now up to over 150,000, according to an update from Messari from days ago. Helium mobile signup stats. Source: Helium Network As far as hotspot expansion is concerned, Helium’s mobile hotspots increased by 14% to 24,800, while IoT hotspots grew by 20% to 32,900 since the migration to Solana. Nova Labs, a Helium Network associate, tested hotspots in partnership with Telefonica in Mexico, a collaboration that represents an interaction between a decentralized network and a major telecom company. In October, it was announced that Ameriband’s 100,000+ Data-Only Hotspots joined the Helium Network, significantly expanding its coverage across the U.S. Helium also implemented HIP 138 to unify its token structure under HNT to reduce complexity and lower barriers to entry for new participants. The change involves redirecting 70% of HNT emissions to the MOBILE subnetwork and 30% to the IOT subnetwork, adjusting rewards for network participants. In November, Harvard Business School reportedly offered a case study on Helium in their strategy curriculum, and Helium was included in Coinbase’s COIN50, a benchmark representing the top 50 eligible digital assets. This means eligible institutional and Coinbase Advanced users are able to trade the index via a COIN50 perpetual future on Coinbase’s international exchange. The data is proof of Helium’s growing traction within the Decentralized Physical Infrastructure Networks (DePIN) sector, showcasing its ability to scale and also attract users and network providers. Why Helium is considered a leader in DePIN The data Messari cited in its report makes a strong case for Heium’s DePIN relevance. Helium is not the only project focused on global connectivity; however, it stands above all others as a leader, facilitating other projects in the DePIN space. Helium’s merits are already apparent, and it has been front and center in DePIN discussions at reputable crypto events including Token 2049, Breakpoint, or any of the DePIN events in Singapore. One thing that makes the project stand out is its role as an enabler for other DePIN projects, such as DIMO , Hivemapper and WeatherXM , which use Helium’s IOT Network. Another differentiator is Helium’s primary focus on meeting demand rather than fleshing out supply. Helium’s flexibility in carrier offload also makes it a valuable partner for high-demand venues where traditional carriers often struggle to meet data needs. This way, Helium gets to work alongside carriers while incentivizing all parties involved. Aside from that Helium’s blockchain offers tokenomics that are simple but effective. Every time the network is used, Data Credits (DCs) are burned, and this directly reduces the supply of HNT, creating a natural demand mechanism. Still, if Helium Network is to maintain its competitive advantage, it must not compromise on scaling, capital efficiency, and ability to support composability across multiple networks, such as IOT, MOBILE, and ENERGY. Cryptopolitan Academy: Coming Soon - A New Way to Earn Passive Income with DeFi in 2025. Learn More",News|Helium,EN,0,0,EXCHANGE|HNT|BLOCKCHAIN|ASIA|BUSINESS|MARKET,"{'name': 'Cryptopolitan', 'img': 'https://images.cryptocompare.com/news/default/cryptopolitan.png', 'lang': 'EN'}",cryptopolitan,2025-03-17 22:12:20
43,41829477,https://zycrypto.com/?p=103771,1742249411,https://images.cryptocompare.com/news/default/zycrypto.png,Former London Fund Manager Details Why Ripple’s XRP Is Not Skyrocketing Despite Adoption From Banks,https://zycrypto.com/former-london-fund-manager-details-why-ripples-xrp-is-not-skyrocketing-despite-adoption-from-banks/,"The price action of Ripple-linked cryptocurrency XRP has continued to confound many crypto spectators, with many questioning why it hasn’t gone parabolic despite its increasing use by institutions. While XRP has recovered from its low of $1.96 reached on March 11, the coin remains 30.9% below its all-time high of $3.40. Why XRP’s Performance Remains Lackluster In a recent X post , Former London fund manager DigitalG shared his thoughts on XRP’s current downward trend. The pundit claimed that XRP’s dull price performance emanates from Ripple’s dual-ledger system. This is in reference to the company’s concurrent use of the public XRP Ledger (XRPL) and a private version utilized by banks. The private Ledger is built on the same technology as the public one and can process thousands of transactions per second (TPS). Per DigitalG, financial institutions might be buying huge volumes of XRP via the private ledger, which supports Central Bank Digital Currencies (CBDCs) and enterprise use cases. Compared to the public XRPL, this private ledger operates with restricted access by approved entities, controlled visibility, and centralized control by institutions. DigitalG argues that this disparity could be disguising the true value of XRP, as demand from institutions is not reflected in public exchange prices. However, he believes “some regulators could suggest it is fraudulent to conceal the true price of an asset.” One commentator on X opposed this view, suggesting that XRP’s price is a laggard because a boatload of retail investors hold it. In his opinion, XRP “was never really designed” for small retail investors to hold. The X user implied that Ripple would first tire out retail investors before merging the two ledgers. In response , DigitalG asked the commentator to imagine offloading XRP at $2.30 while its true value was actually $15,840 — but that value was hidden from the general public. Ripple’s XRPL And Private Ledger To Converge And Send XRP Soaring DigitalG further suggested that the private ledger/CBDC ledger and the XRP Ledger will converge on July 14. This in his opinion, could spark a dramatic change in XRP’s market fortunes. The pundit cited a vague reference that claims the Fedwire Funds Services is set to implement ISO 20022 on July 14. How this relates to Ripple and the XRP Ledger is unclear. https://twitter.com/DigitalG15/status/1901356024130359781 When asked to provide more information to support his claims, DigitalG claimed that his source was “rather confident.”",Cryptocurrency|News|Ripple|XRP News,EN,0,0,XRP|WALLET|BUSINESS|TRADING|MARKET,"{'name': 'ZyCrypto', 'img': 'https://images.cryptocompare.com/news/default/zycrypto.png', 'lang': 'EN'}",zycrypto,2025-03-17 22:10:11
44,41829217,https://en.coinotag.com/concerns-grow-over-bitcoin-atms-amid-global-regulatory-actions-and-calls-for-compliance/,1742249393,https://resources.cryptocompare.com/news/77/41829217.jpeg,Concerns Grow Over Bitcoin ATMs Amid Global Regulatory Actions and Calls for Compliance,https://en.coinotag.com/concerns-grow-over-bitcoin-atms-amid-global-regulatory-actions-and-calls-for-compliance/,"Governments worldwide are increasingly scrutinizing Bitcoin ATMs, recognizing their potential connection to illegal activities and initiating regulatory actions. Recent data indicates that illicit transactions via these kiosks are prompting jurisdictions",News|BTC,EN,0,0,BTC,"{'name': 'CoinOtag', 'img': 'https://resources.cryptocompare.com/news/77/default.png', 'lang': 'EN'}",coinotag,2025-03-17 22:09:53
45,41829079,https://coingape.com/?p=244520,1742249319,https://images.cryptocompare.com/news/default/coingape.png,"Bitcoin Price Eyes $200,000 Breakout If This History Aligns",https://coingape.com/bitcoin-price-eyes-200000-breakout-if-this-history-aligns/,"The price of Bitcoin (BTC) is undergoing bullish consolidation at the moment after the intense selloff in the broader market cooled off. The current outlook shows relief for a coin that dropped as low as $76,624.25 in the past week. Per the historical trend of BTC prices, this consolidation might be a buildup to a massive rally for the top coin. Bitcoin Price and Potential $200,000 Play When writing, the BTC price changed hands for $83,927.24, up by 1.38% in 24 hours. The coin has jumped from a low of $82,017.90 to a high of $84,725.32, a show of brewing breakout. Market analyst Rekt Capital analyzed whether this current price is a short-term relief. He spotlighted a trend from June 2021, when the price of Bitcoin was consolidating between the 21-week EMA and the 50-week EMA. The consolidation came just after a crash. About a week ago, the BTC price crashed , triggering millions in liquidation across the market. Following this price slump, the coin is consolidating between the same EMA showcased by Rekt Capital. In June 2021, Bitcoin prices increased from $33,000 to $42,000. This gives an average price of $37,500. From here, the coin jumped by over 123.95% to its current price of $83,927.24. If history repeats, Bitcoin Bitcoin may soar to almost $187,280 or approximately $200,000. BTC Price and Accumulation Trend According to market data from Glassnode, Bitcoin currently has a high of 0.1. According to the market analytics platform, this figure indicates sustained buying pressure despite the market selloff. Rather than steer clear of the market, Glassnode hinted that the coin’s distribution remains dominant overall. Other onchain indications also point to reboot from BTC proponents. IntoTheBlock data points to a 5.34% surge in large transactions to $34.7 billion. This whale transaction is important as it shows a trend shift among market players that can impact prices. It is also complemented by the 24% surge in BTC trading volume of crypto exchanges, a sign of sustained positive sentiment. What Next for the Crypto Market? The growth or fall in the price of Bitcoin has a way of impacting the broader market. In an earlier cryptocurrency price prediction , the impact of Trump and Putin’s peace deal over Ukraine was considered. Experts are convinced the broader market may ignite a bullish rally if the conversations turn positive. Although spot Bitcoin ETF market has been showcasing outflows over the past week, the coin is positioned to be the biggest beneficiary in this shift. While the Rekt Capital historic forecast teases $200,000, experts like Cathie Wood predict deflationary boom for the market, riding on massive BTC adoption rate by institutions and governments. The post Bitcoin Price Eyes $200,000 Breakout If This History Aligns appeared first on CoinGape .",24/7 Cryptocurrency News|Bitcoin News|Bitcoin|Bitcoin (BTC) Price,EN,0,0,BTC|TRADING|MARKET,"{'name': 'CoinGape', 'img': 'https://images.cryptocompare.com/news/default/coingape.png', 'lang': 'EN'}",coingape,2025-03-17 22:08:39
46,41828805,https://dailyhodl.com/?p=324573,1742248881,https://images.cryptocompare.com/news/default/dailyhodl.png,"Institutional Crypto Products See $1,700,000,000 in Outflows Amid Worst Streak Since 2015: CoinShares",https://dailyhodl.com/2025/03/17/institutional-crypto-products-see-1700000000-in-outflows-amid-worst-streak-since-2015-coinshares/,"Crypto asset management giant CoinShares says institutional investors pulled billions of dollars out of crypto last week. In its latest Digital Asset Fund Flows Weekly Report, CoinShares says crypto products are enduring their worst run of investor outflows in a decade. “Digital asset investment products saw a 5th consecutive week of outflows, totaling US$1.7bn, bringing the total outflows over this negative funk to US$6.4bn. This also marks the 17th straight day of outflows, the longest negative streak since our records began in 2015. Despite prevailing negative sentiment, year-to-date inflows remain positive at US$912m. Following this price correction and sustained outflows, total assets under management (AuM) have declined by US$48bn.” Source: CoinShares Regionally, the United States provided $1.2 billion in outflows, 93% of all outflows. While Germany provided minor inflows of $8 million, Switzerland also saw outflows of $528 million. Per usual, Bitcoin ( BTC ) bore the brunt of the outflows. “Bitcoin saw a further US$978m outflows, bringing total outflows over the last 5 weeks to US$5.4bn. Investors continue to sell out of short-bitcoin positions, seeing US$3.6m outflows.” Altcoins XRP and Cardano ( ADA ) led the way for inflows at $1.8 million and $0.4 million a piece. Leading smart contract platform Ethereum ( ETH ) products suffered $176 million in outflows. Follow us on X , Facebook and Telegram Don't Miss a Beat – Subscribe to get email alerts delivered directly to your inbox Check Price Action Surf The Daily Hodl Mix Disclaimer: Opinions expressed at The Daily Hodl are not investment advice. Investors should do their due diligence before making any high-risk investments in Bitcoin, cryptocurrency or digital assets. Please be advised that your transfers and trades are at your own risk, and any losses you may incur are your responsibility. The Daily Hodl does not recommend the buying or selling of any cryptocurrencies or digital assets, nor is The Daily Hodl an investment advisor. Please note that The Daily Hodl participates in affiliate marketing. Generated Image: Midjourney The post Institutional Crypto Products See $1,700,000,000 in Outflows Amid Worst Streak Since 2015: CoinShares appeared first on The Daily Hodl .",Altcoins|Bitcoin|ada|BTC|Cardano|ETH|Ethereum|News|XRP,EN,0,0,BTC|ETH|ADA|BUSINESS|ALTCOIN,"{'name': 'The Daily Hodl', 'img': 'https://images.cryptocompare.com/news/default/dailyhodl.png', 'lang': 'EN'}",dailyhodl,2025-03-17 22:01:21
47,41830630,https://thecoinrise.com/blockdag-aave-eth-sol-are-the-best-long-term-cryptos-today-but-which-one-has-the-highest-profit-potential/,1742248844,https://images.cryptocompare.com/news/default/thecoinrise.png,"BlockDAG, AAVE, ETH, & SOL Are the Best Long-Term Cryptos Today—But Which One Has the Highest Profit Potential?",https://thecoinrise.com/blockdag-aave-eth-sol-are-the-best-long-term-cryptos-today-but-which-one-has-the-highest-profit-potential/,"The crypto market in 2025 remains unpredictable. Prices continue to rise and fall sharply, leaving investors uncertain about what’s next. While some view the market as risky, others believe it offers unique opportunities. Although no one can predict with certainty which token will deliver the biggest gains, the overall trend appears positive. The key question is: which projects could offer the best returns in the long run? Currently, BlockDAG (BDAG), Aave (AAVE), Ethereum (ETH), and Solana (SOL) are recognized as the best long-term cryptos this quarter. These projects stand out not by chance but because they each have active development teams, strong community support, and increasing real-world use cases. For those seeking potential market leaders, these names continue to draw attention. 1. BlockDAG: Could It Reach $20 by 2027? BlockDAG (BDAG) is gaining attention for its innovative Layer 1 network, which is designed to solve common blockchain limitations like congestion and slow transaction times. By using a Directed Acyclic Graph (DAG) structure, BlockDAG allows transactions to be processed in parallel, resulting in high speed and instant confirmation. BlockDAG also offers low transaction fees and is fully compatible with the Ethereum Virtual Machine (EVM). Developers are exploring its potential for building decentralized applications (dApps), NFTs, and other blockchain-based projects. Meanwhile, buyers are focusing on BDAG due to its strong return prospects. Since its presale began, BDAG’s price has increased from $0.001 in Batch 1 to $0.0248 in Batch 27. Early participants have already gained a 2,380% ROI. Analysts predict that BDAG could reach $1 soon after its exchange launch, with longer-term targets estimating a price of $20 by 2027. As of now, BDAG has raised over $202.5 million through its presale, with more than 18.7 billion tokens sold. BlockDAG’s potential for scaling and speed positions it among the best long-term cryptos to consider. 2. Ethereum (ETH): Remaining a Market Leader Amid Shifting Sentiment Ethereum remains one of the most recognized blockchain platforms due to its smart contract capabilities. It laid the foundation for many decentralized applications, earning it a lasting place in the crypto ecosystem. After switching to a proof-of-stake consensus model in 2022, Ethereum reduced its energy consumption by over 99.9%. More recently, in July 2024, the U.S. SEC approved an Ethereum ETF. Despite these developments, ETH’s price has not seen dramatic increases, particularly compared to Bitcoin. Some institutional investors have reduced their holdings, which has added to the recent price pressure. Even so, Ethereum is still viewed as one of the best long-term cryptos because of its established infrastructure and widespread adoption. Many investors view the current slower phase as a potential opportunity to accumulate ETH before the next major market shift. 3. AAVE: How This Lending Platform Is Expanding Beyond DeFi Aave (AAVE) is a well-known decentralized finance (DeFi) protocol that allows users to lend and borrow cryptos without relying on banks or other intermediaries. It uses smart contracts to automate transactions, enabling users to earn interest when they lend assets. Aave supports several popular cryptocurrencies, including USDT and DAI, and has recently expanded beyond crypto lending. Through a partnership with Centrifuge, Aave now facilitates access to real-world assets. Businesses can tokenize assets and borrow stablecoins while using those tokens as collateral. This strategy bridges traditional finance with blockchain-based solutions, making Aave more versatile. Its approach to combining real-world assets with DeFi continues to earn it recognition as one of the best long-term cryptos available. 4. Solana (SOL): Speed & Affordability in Blockchain Transactions Solana (SOL) has established itself as one of the fastest blockchains, with lower fees and higher transaction speeds compared to many of its competitors. In 2024, a CoinGecko report named Solana the fastest major blockchain, averaging 1,504 transactions per second in real-world conditions. After suffering significant losses in 2022 and 2023, Solana made a strong recovery throughout 2024 and into 2025. While the token has already experienced substantial price gains, many investors believe there’s potential for further growth. Solana’s focus on speed and cost-efficiency helps maintain its position among the best long-term cryptos. Choosing the Best Long-Term Cryptos for 2025 The crypto market remains highly dynamic, with rapid changes creating both risks and opportunities. Aave continues to evolve as a leader in crypto lending, Ethereum holds steady with a strong user base despite price challenges, and Solana’s speed and affordability make it a standout blockchain choice. However, BlockDAG’s rapid ascent cannot be overlooked. Its presale has raised $202.5 million, selling 18.7 billion coins across 27 batches and achieving a 2,380% price increase. Forecasts suggest BDAG could reach $1 shortly after its exchange debut and $20 by 2027. Given its scalability and developer interest, BlockDAG appears to be one of the best long-term cryptos for those watching the 2025 market closely. The post BlockDAG, AAVE, ETH, & SOL Are the Best Long-Term Cryptos Today—But Which One Has the Highest Profit Potential? appeared first on TheCoinrise.com .",Token Presale and ICO Insights|BlockDAG,EN,0,0,ETH|SOL|BUSINESS|AAVE|MARKET,"{'name': 'The Coin Rise', 'img': 'https://images.cryptocompare.com/news/default/thecoinrise.png', 'lang': 'EN'}",thecoinrise,2025-03-17 22:00:44
48,41828784,https://ambcrypto.com/?p=475840,1742248829,https://images.cryptocompare.com/news/default/ambcrypto.png,Bitcoin Spot ETFs bleed $900M over 5 weeks – Is investor confidence shattered?,https://ambcrypto.com/bitcoin-spot-etfs-bleed-900m-over-5-weeks-is-investor-confidence-shattered/,"Bitcoin Spot ETFs have been bleeding funds, with $900M in outflows over the past five weeks.",Bitcoin|BTC Trading View|News|News 1|Social|Trading View|ambcrypto,EN,0,0,BTC|BUSINESS,"{'name': 'AMB Crypto', 'img': 'https://images.cryptocompare.com/news/default/ambcrypto.png', 'lang': 'EN'}",ambcrypto,2025-03-17 22:00:29
49,41829110,https://www.cryptopolitan.com/?p=693946,1742248800,https://resources.cryptocompare.com/news/43/41829110.jpeg,Missed Ethereum (ETH) & Ripple (XRP)? Mutuum Finance (MUTM) Presale Tempts Investors As Massive Rise Looks Imminent,https://www.cryptopolitan.com/missed-ethereum-eth-ripple-xrp-mutuum-finance-mutm-presale-tempts-investors-as-massive-rise-looks-imminent/,"Mutuum Finance, a decentralized lending protocol currently in its third presale stage and experiencing a quick rise to prominence, is drawing interest from investors who previously missed out on promising projects like Ethereum (ETH) and Ripple (XRP). Since the presale started, over $3.6 million has been raised and 5,800 holders support the project. Mutuum Finance (MUTM) is currently priced at $0.02 in Phase 3, and is close to a sell-out as excitement mounts for Phase 4 where tokens will be $0.025 — offering a 25% gain for investors buying in now. For example, brokers point to its 200% gain at its $0.06 Ethereum listing, with projections to climb as high as $3.50 after launch, making MUTM one of the most high-potential alternatives in a market that is highly populated by speculative assets. Mutuum Finance (MUTM): Creating Hype for Its Presale Mutuum Finance (MUTM) is not drawn to the hype, but on a lending framework to multiply investor returns. Phase 3’s $0.02 price opens up a user-centric platform for borrowing against overcollateralized assets, acquiring yields through mtTokens which are interest-accruing deposit certificates. Adding extra stability to growth is built in buy pressure system; 20% of the fees paid on the platform are used to buy MUTM tokens on exchanges and are redistributed to long-term stakers. This mechanism helps prevent sell-offs while encouraging holding, which offers a stark contrast to meme coins’ boom-bust cycles. A CertiK audit of Mutuum Finance’s (MUTM) smart contracts is underway, with results to be revealed on social media. This initiative highlights the project’s focus on transparency and security, further solidifying investor confidence during the ongoing presale. ROI Calculations Ignite Urgency Phase 3 buyers will enjoy instant benefits after Phase 4 releases at $0.025. Those who hold until listing at $0.06 make a 200% profit, but the real rush comes in after launch. Mutuum Finance (MUTM) introduces real-world utility missing from competitors – analysts anticipate that $3.50 will be the ground as lending action picks up pace. A $1,000 investment now would swell to $175,000 if these targets were achieved — a 17,400% profit eclipsing the historical peaks of ETH and XRP. If Ethereum’s ecosystem were a 15-year-old, it’d need a lobotomy to experience explosive growth, like during its 2015 launch. Moreover, While XRP is shored up by institutional partnerships, MUTM has appreciation deeper in its veins being associated with lending protocols and buybacks — a system that is self-perpetuating to a point and is less prone to external shocks. A presale contribution effort, Mutuum Finance (MUTM) is running a $100,000 giveaway, awarding $10,000 each for ten entrants. The campaign is underway as Phase 3’s fill rate accelerates and investors are racing to secure their place in line ahead of the next price increase. With mtTokens offering passive income and the buy-and-distribute model of MUTM providing demand, the project combines short-term profitability with long-term sustainability. Final Hours for Phase 3 Entry With Mutuum Finance (MUTM) continuing towards exchange listings, Phase 3 also indicates one of the final low price entries. While Ethereum and Ripple’s best days may be behind them, the integration of DeFi utility with strategic tokenomics puts MUTM on the road to a 2025 breakout. Investors who skip this presale are at risk of repeating past opportunities lost—this time at stakes of far higher potential. Quick-march with Mutuum Finance (MUTM) at only $0.02. As Phase 3 is filling quickly and a 25% price increase is incoming, waiting risks being locked out of the project’s most profitable phase. This gap before a major spike is one that appropriately enterprising players can exploit — join the action now at Mutuum Finance’s official domain. For more information about Mutuum Finance (MUTM) visit the links below: Website: https://www.mutuum.finance/ Linktree: https://linktr.ee/mutuumfinance",Press Release,EN,0,0,ETH|BUSINESS|XRP|TRADING|BLOCKCHAIN,"{'name': 'Cryptopolitan', 'img': 'https://images.cryptocompare.com/news/default/cryptopolitan.png', 'lang': 'EN'}",cryptopolitan,2025-03-17 22:00:00
